# vtk DataFile Version 3.0
vtk output
ASCII
DATASET POLYDATA
POINTS 2654 float
-0.18706859648227692 -0.1769469827413559 -0.3790012001991272
-0.18126171827316284 -0.17081670463085175 -0.3942932188510895
-0.18251171708106995 -0.18133798241615295 -0.3802867829799652
-0.18320588767528534 -0.17902284860610962 -0.3731555640697479
-0.1859234720468521 -0.15175974369049072 -0.39008408784866333
-0.1816050410270691 -0.15073056519031525 -0.392268568277359
-0.18117119371891022 -0.16697034239768982 -0.3955521285533905
-0.19477437436580658 -0.15883581340312958 -0.3726787567138672
-0.18491999804973602 -0.16472265124320984 -0.356227308511734
-0.18242564797401428 -0.13845059275627136 -0.38459542393684387
-0.1927628070116043 -0.14065149426460266 -0.3654341399669647
-0.18285095691680908 -0.1344541609287262 -0.3804306983947754
-0.18557579815387726 -0.14595544338226318 -0.3508053421974182
-0.18482322990894318 -0.1287858933210373 -0.36009737849235535
-0.17988665401935577 -0.16988347470760345 -0.39656493067741394
-0.16087466478347778 -0.16644619405269623 -0.403335303068161
-0.16106219589710236 -0.18325777351856232 -0.40002572536468506
-0.16269883513450623 -0.19089318811893463 -0.382174015045166
-0.16493792831897736 -0.18483184278011322 -0.35906025767326355
-0.16687898337841034 -0.1838044673204422 -0.3588399291038513
-0.16506285965442657 -0.1841241717338562 -0.35779982805252075
-0.16172747313976288 -0.14851050078868866 -0.39577144384384155
-0.18213766813278198 -0.1657501459121704 -0.3532342314720154
-0.16652068495750427 -0.16874216496944427 -0.34365811944007874
-0.17786554992198944 -0.1335299164056778 -0.38226568698883057
-0.16300657391548157 -0.13237418234348297 -0.3835727870464325
-0.18245412409305573 -0.14758336544036865 -0.3462105691432953
-0.16743014752864838 -0.15104563534259796 -0.335478276014328
-0.16346780955791473 -0.12856636941432953 -0.3790144622325897
-0.1759539395570755 -0.12235578894615173 -0.35678526759147644
-0.16516505181789398 -0.1199495792388916 -0.3618132770061493
-0.17296861112117767 -0.12934277951717377 -0.33825668692588806
-0.16780030727386475 -0.1310727447271347 -0.3331618905067444
-0.16591940820217133 -0.11767393350601196 -0.35404473543167114
-0.1676151156425476 -0.12396644800901413 -0.33567705750465393
-0.22628377377986908 -0.010123217478394508 0.26921939849853516
-0.22572799026966095 -0.009479870088398457 0.2676084339618683
-0.22585375607013702 -0.010709941387176514 0.2690311670303345
-0.2260676771402359 -0.010913658887147903 0.27130162715911865
-0.22792841494083405 0.015043029561638832 0.2578717768192291
-0.22465576231479645 0.016581188887357712 0.2542427182197571
-0.22468949854373932 0.007665111217647791 0.25530537962913513
-0.23359137773513794 0.00799095630645752 0.27557963132858276
-0.22793379426002502 -0.008264543488621712 0.2907557487487793
-0.23151153326034546 0.0009971645195037127 0.2940222918987274
-0.22881625592708588 -0.0009798387764021754 0.2994769215583801
-0.22753700613975525 0.033215150237083435 0.26496264338493347
-0.22561894357204437 0.03405100479722023 0.2630065381526947
-0.23295798897743225 0.02616489678621292 0.282693475484848
-0.22972388565540314 0.01917979307472706 0.30124565958976746
-0.22922612726688385 0.01882544718682766 0.3022249937057495
-0.22593127191066742 0.03589650243520737 0.2661513090133667
-0.22786816954612732 0.03508763760328293 0.28662562370300293
-0.22918374836444855 0.020152805373072624 0.3016730844974518
-0.1417485922574997 -0.18776556849479675 -0.39999938011169434
-0.14146417379379272 -0.18773290514945984 -0.40005186200141907
-0.14146968722343445 -0.18780256807804108 -0.3999880850315094
-0.1415027678012848 -0.18789581954479218 -0.39963221549987793
-0.14097389578819275 -0.16412824392318726 -0.40709033608436584
-0.14323024451732635 -0.19262094795703888 -0.3810541033744812
-0.14533717930316925 -0.18956415355205536 -0.35909464955329895
-0.14616787433624268 -0.18605148792266846 -0.3506197929382324
-0.1420188844203949 -0.14700371026992798 -0.39743712544441223
-0.1478194147348404 -0.1714872270822525 -0.33437174558639526
-0.14350080490112305 -0.13172349333763123 -0.38303324580192566
-0.1485978066921234 -0.16027823090553284 -0.3270585238933563
-0.15130861103534698 -0.15435835719108582 -0.32500961422920227
-0.1489650011062622 -0.1547873169183731 -0.32362475991249084
-0.1441650539636612 -0.12652407586574554 -0.3764461874961853
-0.14543890953063965 -0.11836868524551392 -0.3636697828769684
-0.1534886658191681 -0.13620558381080627 -0.31816279888153076
-0.14988403022289276 -0.13713110983371735 -0.3153409957885742
-0.14679540693759918 -0.11156737804412842 -0.3499150574207306
-0.1541943997144699 -0.11103228479623795 -0.3294213116168976
-0.14823491871356964 -0.10863509029150009 -0.33497878909111023
-0.15093840658664703 -0.11801721900701523 -0.310867041349411
-0.15050338208675385 -0.11821009963750839 -0.31031519174575806
-0.14898979663848877 -0.10652235150337219 -0.3271917402744293
-0.15051805973052979 -0.11662176251411438 -0.31028664112091064
-0.2068716436624527 -0.021136824041604996 0.24576260149478912
-0.2035728394985199 -0.019181659445166588 0.2410510927438736
-0.2038726657629013 -0.02471475675702095 0.24464939534664154
-0.2054252326488495 -0.0342615470290184 0.26176682114601135
-0.21132978796958923 -0.028179828077554703 0.26358482241630554
-0.20679159462451935 -0.03276771306991577 0.2760464549064636
-0.20643173158168793 0.004045107867568731 0.23461279273033142
-0.20278634130954742 0.005673407576978207 0.23079177737236023
-0.20292307436466217 -0.0014596852706745267 0.23279841244220734
-0.21991470456123352 -0.003065828699618578 0.25157853960990906
-0.20750057697296143 -0.0319228433072567 0.2834503948688507
-0.22342386841773987 -0.01711113750934601 0.28773608803749084
-0.20943470299243927 -0.02238871157169342 0.30307501554489136
-0.21223898231983185 0.022170575335621834 0.24111540615558624
-0.2030944526195526 0.025908149778842926 0.23243364691734314
-0.21023249626159668 -0.01465724315494299 0.3108685612678528
-0.21617025136947632 -0.005896805319935083 0.31372344493865967
-0.21088729798793793 -0.00698467344045639 0.3171599507331848
-0.2104477882385254 0.04035323113203049 0.24833911657333374
-0.20419056713581085 0.0428168848156929 0.24264273047447205
-0.2148316353559494 0.01228244323283434 0.3209041953086853
-0.21161077916622162 0.011496865190565586 0.3233177661895752
-0.20511755347251892 0.0484316386282444 0.25196561217308044
-0.2135193943977356 0.05148983374238014 0.27334660291671753
-0.2065366506576538 0.05444955453276634 0.26644206047058105
-0.2205682396888733 0.044427331537008286 0.29092296957969666
-0.21738500893115997 0.03744184225797653 0.3094703257083893
-0.21138249337673187 0.03399571776390076 0.3191276788711548
-0.21164999902248383 0.01756923645734787 0.32324928045272827
-0.2074127197265625 0.055767595767974854 0.27556902170181274
-0.20926699042320251 0.05308021232485771 0.29532167315483093
-0.21082530915737152 0.04366424307227135 0.3124893307685852
-0.14093096554279327 -0.1877594143152237 -0.3999217748641968
-0.12124267220497131 -0.16252587735652924 -0.4090021550655365
-0.12215869128704071 -0.18594759702682495 -0.39749178290367126
-0.12391763925552368 -0.19080227613449097 -0.3785717487335205
-0.12589296698570251 -0.19073759019374847 -0.35776177048683167
-0.1271248161792755 -0.18735386431217194 -0.34504950046539307
-0.12221649289131165 -0.14510101079940796 -0.4001225531101227
-0.128363698720932 -0.17940989136695862 -0.3326248526573181
-0.14049595594406128 -0.172446146607399 -0.3310372233390808
-0.12899984419345856 -0.17373287677764893 -0.3263717293739319
-0.12374649941921234 -0.13002371788024902 -0.38519594073295593
-0.13024219870567322 -0.1574414074420929 -0.31457266211509705
-0.12506139278411865 -0.11995497345924377 -0.3721388280391693
-0.125596284866333 -0.11629615724086761 -0.3667926788330078
-0.13150478899478912 -0.1412353813648224 -0.3025535047054291
-0.12919998168945312 -0.10383468866348267 -0.34529465436935425
-0.12769415974617004 -0.10361580550670624 -0.3456920087337494
-0.13252149522304535 -0.12972725927829742 -0.292752742767334
-0.13512501120567322 -0.12490763515233994 -0.29112109541893005
-0.132900670170784 -0.12559199333190918 -0.2890850901603699
-0.12776975333690643 -0.10322508215904236 -0.3449264466762543
-0.1308993250131607 -0.09268776327371597 -0.32015690207481384
-0.13016681373119354 -0.09251731634140015 -0.3205167055130005
-0.14511296153068542 -0.09980419278144836 -0.3032605051994324
-0.14026936888694763 -0.10677718371152878 -0.284555584192276
-0.13410060107707977 -0.10912147909402847 -0.2777472138404846
-0.13022561371326447 -0.0922355055809021 -0.3199193775653839
-0.13261881470680237 -0.08267045766115189 -0.2954595983028412
-0.14055535197257996 -0.08861016482114792 -0.2775290012359619
-0.13289862871170044 -0.08251279592514038 -0.2925235331058502
-0.1350269466638565 -0.09149619936943054 -0.26938381791114807
-0.1347922384738922 -0.07810210436582565 -0.2729194462299347
-0.1913715898990631 -0.03918932378292084 0.24017982184886932
-0.182260662317276 -0.032441578805446625 0.22365887463092804
-0.18343938887119293 -0.04837444797158241 0.23734351992607117
-0.18528731167316437 -0.051206499338150024 0.2570405900478363
-0.19079947471618652 -0.04619446396827698 0.25847938656806946
-0.18595430254936218 -0.04803207516670227 0.26381734013557434
-0.18170686066150665 -0.006928508169949055 0.21166016161441803
-0.18127210438251495 -0.006733676418662071 0.21120280027389526
-0.18129198253154755 -0.007507310248911381 0.21147361397743225
-0.18220466375350952 -0.03160186484456062 0.223002091050148
-0.19511589407920837 -0.014038888737559319 0.22863294184207916
-0.187720388174057 -0.040734898298978806 0.28184863924980164
-0.20043392479419708 -0.03510725870728493 0.2828640937805176
-0.18840762972831726 -0.036851994693279266 0.2887824773788452
-0.19127090275287628 0.011168673634529114 0.21780626475811005
-0.18108238279819489 0.01560241635888815 0.20743194222450256
-0.19042840600013733 -0.02384623885154724 0.3090449571609497
-0.19545476138591766 0.029306361451745033 0.22446294128894806
-0.18152444064617157 0.03527185693383217 0.21052993834018707
-0.19044117629528046 -0.023722326382994652 0.30916962027549744
-0.19182251393795013 -0.00819533783942461 0.3224940299987793
-0.19395701587200165 0.0474868081510067 0.23165878653526306
-0.182554692029953 0.052458588033914566 0.22002294659614563
-0.19279499351978302 0.009235259145498276 0.3313588798046112
-0.184829443693161 0.0657246857881546 0.2395787090063095
-0.18447601795196533 0.06588414311408997 0.23920410871505737
-0.1981399804353714 0.05861504748463631 0.2565608322620392
-0.2034621238708496 0.03053719736635685 0.3290368616580963
-0.193423792719841 0.028116408735513687 0.336487352848053
-0.1845279484987259 0.06606186181306839 0.23973733186721802
-0.1866273730993271 0.068947933614254 0.26163119077682495
-0.18859073519706726 0.06874047219753265 0.28233659267425537
-0.1959458589553833 0.06278184056282043 0.3003133237361908
-0.18899135291576385 0.06836064159870148 0.286588191986084
-0.19784849882125854 0.055758070200681686 0.3183780312538147
-0.19304075837135315 0.051268480718135834 0.33061468601226807
-0.19341038167476654 0.04378202185034752 0.3351033627986908
-0.19047731161117554 0.0667872503399849 0.3023712933063507
-0.19219040870666504 0.060890235006809235 0.320890873670578
-0.10184222459793091 -0.16231971979141235 -0.40731754899024963
-0.10294317454099655 -0.18192176520824432 -0.3941614627838135
-0.10463875532150269 -0.18821704387664795 -0.3757948875427246
-0.10651279240846634 -0.19045530259609222 -0.3558696508407593
-0.10791758447885513 -0.18796321749687195 -0.3412643074989319
-0.11248846352100372 -0.14419753849506378 -0.4013604521751404
-0.10245557874441147 -0.14337332546710968 -0.40235716104507446
-0.10185497254133224 -0.16181786358356476 -0.40722307562828064
-0.10877293348312378 -0.18391531705856323 -0.3325720727443695
-0.10990238189697266 -0.17480558156967163 -0.3213930130004883
-0.10292466729879379 -0.1374984085559845 -0.39788004755973816
-0.10376916825771332 -0.1273825615644455 -0.3897835314273834
-0.11127728968858719 -0.1590736359357834 -0.3081527352333069
-0.11684498935937881 -0.11490141600370407 -0.36942118406295776
-0.10550424456596375 -0.11317086219787598 -0.37262728810310364
-0.11223944276571274 -0.14994892477989197 -0.2987377941608429
-0.12125012278556824 -0.14297236502170563 -0.2968581020832062
-0.11288073658943176 -0.14430631697177887 -0.292427659034729
-0.10612700134515762 -0.10953794419765472 -0.3663531541824341
-0.10770874470472336 -0.1009405329823494 -0.3503674566745758
-0.11452876031398773 -0.12972716987133026 -0.2762179970741272
-0.10867586731910706 -0.09643398225307465 -0.3405337929725647
-0.1101660206913948 -0.0897771567106247 -0.3253592848777771
-0.11558008193969727 -0.1188439428806305 -0.2660028338432312
-0.11934230476617813 -0.11362911015748978 -0.2643243670463562
-0.11599921435117722 -0.1143985241651535 -0.26193884015083313
-0.11113263666629791 -0.08542389422655106 -0.3155188262462616
-0.13068921864032745 -0.08152645081281662 -0.294838011264801
-0.1127057820558548 -0.07896196097135544 -0.2994542717933655
-0.12687945365905762 -0.09551666676998138 -0.257985919713974
-0.11720502376556396 -0.09795281291007996 -0.25053706765174866
-0.11355555802583694 -0.07518315315246582 -0.29079946875572205
-0.12563227117061615 -0.07032866030931473 -0.26905912160873413
-0.11537876725196838 -0.06870907545089722 -0.27210086584091187
-0.1292133331298828 -0.07736506313085556 -0.2511536777019501
-0.11831238120794296 -0.08109159767627716 -0.24020561575889587
-0.11592986434698105 -0.06604769080877304 -0.2665047347545624
-0.12073299288749695 -0.059132058173418045 -0.24329517781734467
-0.11806050688028336 -0.058493152260780334 -0.24465224146842957
-0.11894191801548004 -0.06221350282430649 -0.23506926000118256
-0.11829464137554169 -0.057128943502902985 -0.24229325354099274
-0.1659882515668869 -0.05015798658132553 0.21728968620300293
-0.16147150099277496 -0.04790904372930527 0.21195292472839355
-0.16183699667453766 -0.05376994609832764 0.21626925468444824
-0.16326460242271423 -0.0661574974656105 0.23229531943798065
-0.1743549108505249 -0.05723041296005249 0.2347409725189209
-0.165298730134964 -0.0647561103105545 0.2536187767982483
-0.16613581776618958 -0.0641779899597168 0.2537662386894226
-0.16536474227905273 -0.06434204429388046 0.25428152084350586
-0.16835112869739532 -0.024997148662805557 0.20587389171123505
-0.16033697128295898 -0.021585049107670784 0.1979099065065384
-0.160752072930336 -0.03359149023890495 0.20323629677295685
-0.18180009722709656 -0.03210783004760742 0.22284287214279175
-0.16710864007472992 -0.050167571753263474 0.27153363823890686
-0.16449815034866333 0.00021047264453954995 0.19504797458648682
-0.15989883244037628 0.0017996386159211397 0.19143803417682648
-0.15999870002269745 -0.005875168833881617 0.1930992305278778
-0.16828550398349762 -0.0416964553296566 0.2832629084587097
-0.16898581385612488 -0.03655563294887543 0.29023468494415283
-0.17385689914226532 0.018309200182557106 0.2012135535478592
-0.16007806360721588 0.022578414529561996 0.19167855381965637
-0.170882910490036 -0.023027803748846054 0.30915242433547974
-0.17818334698677063 0.03644581511616707 0.2078566998243332
-0.16071075201034546 0.041443176567554474 0.1968492567539215
-0.17120042443275452 -0.020270027220249176 0.3122795820236206
-0.1724451780319214 -0.008086702786386013 0.32442981004714966
-0.1762930452823639 0.054629214107990265 0.215089812874794
-0.161748006939888 0.05860033631324768 0.2064184546470642
-0.17369072139263153 0.008191258646547794 0.33626365661621094
-0.16469696164131165 0.0728856772184372 0.22324398159980774
-0.16338206827640533 0.07323836535215378 0.22247648239135742
-0.17477692663669586 0.02514178678393364 0.3463650941848755
-0.16350772976875305 0.07390210777521133 0.22374796867370605
-0.16583749651908875 0.08202488720417023 0.24765366315841675
-0.1765209585428238 0.07694695144891739 0.2656661570072174
-0.16629883646965027 0.08246227353811264 0.2524803876876831
-0.18701714277267456 0.06985849887132645 0.2829153537750244
-0.19013671576976776 0.04880667105317116 0.3373551368713379
-0.17542430758476257 0.04394456371665001 0.3516954481601715
-0.16784967482089996 0.0829274132847786 0.2687854766845703
-0.1697354018688202 0.08095507323741913 0.2888128459453583
-0.17164139449596405 0.07944335788488388 0.309017151594162
-0.17694592475891113 0.0740845799446106 0.3274153769016266
-0.17236387729644775 0.07839760929346085 0.3167133629322052
-0.17533817887306213 0.06708724051713943 0.34581321477890015
-0.17507627606391907 0.06694887578487396 0.34620335698127747
-0.1734994351863861 0.07684161514043808 0.3288027048110962
-0.17505547404289246 0.06737381964921951 0.34595048427581787
-0.08277547359466553 -0.16352207958698273 -0.4020048975944519
-0.0837390124797821 -0.17763760685920715 -0.39073193073272705
-0.08535517752170563 -0.18573835492134094 -0.3730589747428894
-0.08714894950389862 -0.18980136513710022 -0.35383477807044983
-0.08860690891742706 -0.1881359964609146 -0.3386036157608032
-0.08285874873399734 -0.14233829081058502 -0.4028076231479645
-0.08270001411437988 -0.1564149707555771 -0.40336373448371887
-0.08930644392967224 -0.18559522926807404 -0.33143380284309387
-0.09068787842988968 -0.1753842979669571 -0.3176867365837097
-0.0930161327123642 -0.12588179111480713 -0.39245885610580444
-0.08378194272518158 -0.12469972670078278 -0.394478440284729
-0.09216832369565964 -0.16009780764579773 -0.3032990097999573
-0.0843600481748581 -0.1186743825674057 -0.3888646066188812
-0.08533478528261185 -0.10971881449222565 -0.37930357456207275
-0.09253896027803421 -0.15694843232631683 -0.2996431887149811
-0.09388545900583267 -0.1458103507757187 -0.2863379418849945
-0.0871390551328659 -0.1003381535410881 -0.3610351085662842
-0.08767098188400269 -0.09804435819387436 -0.3556118905544281
-0.09557875990867615 -0.1326831877231598 -0.26953592896461487
-0.09790623188018799 -0.13163693249225616 -0.2693438231945038
-0.09568510204553604 -0.13187117874622345 -0.26847976446151733
-0.08950404077768326 -0.0914146900177002 -0.3368218243122101
-0.09038551896810532 -0.08796686679124832 -0.3278067111968994
-0.09725846350193024 -0.11697690933942795 -0.2530817687511444
-0.09189882129430771 -0.08181390166282654 -0.31234827637672424
-0.09298158437013626 -0.07738932967185974 -0.30128952860832214
-0.09880336374044418 -0.10196246951818466 -0.2379932850599289
-0.09431404620409012 -0.0717480406165123 -0.28769612312316895
-0.09560147672891617 -0.06691233813762665 -0.2745133638381958
-0.09897200018167496 -0.10038258135318756 -0.23634161055088043
-0.11092400550842285 -0.08423684537410736 -0.23117274045944214
-0.10039793699979782 -0.0871577188372612 -0.22236469388008118
-0.09671732038259506 -0.061954066157341 -0.26314839720726013
-0.09814996272325516 -0.056133948266506195 -0.24851354956626892
-0.11764679849147797 -0.0661182776093483 -0.22475701570510864
-0.10204881429672241 -0.07259061932563782 -0.2061239629983902
-0.0992189347743988 -0.0499243400990963 -0.23774172365665436
-0.11333440989255905 -0.04791663959622383 -0.21729405224323273
-0.10051052272319794 -0.04456234723329544 -0.22455689311027527
-0.1023448035120964 -0.06854648888111115 -0.2033257633447647
-0.10564808547496796 -0.05486822873353958 -0.19831936061382294
-0.1031666025519371 -0.055773381143808365 -0.1956791877746582
-0.10163149982690811 -0.039919186383485794 -0.21311286091804504
-0.10317263007164001 -0.049725934863090515 -0.1960953027009964
-0.1462329626083374 -0.07518790662288666 0.23035600781440735
-0.14270995557308197 -0.07193496078252792 0.22229209542274475
-0.14341534674167633 -0.07653959095478058 0.23009039461612701
-0.14375534653663635 -0.07634743303060532 0.2336578667163849
-0.15078423917293549 -0.04303409531712532 0.20048725605010986
-0.1398567110300064 -0.03835638612508774 0.18956249952316284
-0.14060461521148682 -0.05075289309024811 0.19842691719532013
-0.1418854147195816 -0.0664784163236618 0.2131706029176712
-0.14563673734664917 -0.07088065892457962 0.2530495226383209
-0.14627116918563843 -0.06543119996786118 0.25930261611938477
-0.151142418384552 -0.017858168110251427 0.18926170468330383
-0.13886642456054688 -0.012641198933124542 0.1770876795053482
-0.13951636850833893 -0.030650101602077484 0.18536488711833954
-0.14761562645435333 -0.0495707243680954 0.27221184968948364
-0.14452658593654633 0.007370250299572945 0.17869798839092255
-0.13866637647151947 0.009738453663885593 0.17320460081100464
-0.13875538110733032 -0.0031069975811988115 0.17516127228736877
-0.15068258345127106 -0.034732770174741745 0.28758543729782104
-0.1491662859916687 -0.03458060696721077 0.2873629629611969
-0.15096509456634521 0.025490958243608475 0.1851406991481781
-0.1389644593000412 0.03001556545495987 0.17473731935024261
-0.14922353625297546 -0.034179508686065674 0.28793442249298096
-0.1510762870311737 -0.02110726200044155 0.3064210116863251
-0.1533031165599823 0.04364253953099251 0.1919725388288498
-0.13961459696292877 0.04880671575665474 0.18009763956069946
-0.1520984023809433 -0.013663791120052338 0.3166012167930603
-0.15289722383022308 -0.007257928606122732 0.3245106339454651
-0.1503044217824936 0.06183428317308426 0.19931082427501678
-0.14076043665409088 0.0655055046081543 0.1908475160598755
-0.15440469980239868 0.007914435118436813 0.33919230103492737
-0.14218354225158691 0.07483196258544922 0.2051037698984146
-0.14272461831569672 0.07875020056962967 0.2104945331811905
-0.1556188017129898 0.021527741104364395 0.3509061634540558
-0.15964560210704803 0.023857565596699715 0.35144028067588806
-0.15580202639102936 0.02355172485113144 0.3526764214038849
-0.1446959376335144 0.08710669726133347 0.23060455918312073
-0.16268831491470337 0.08406051993370056 0.24873359501361847
-0.14533814787864685 0.08925407379865646 0.23720145225524902
-0.1651088446378708 0.04198561608791351 0.3579755425453186
-0.15681228041648865 0.04082287847995758 0.3619519770145416
-0.1469259262084961 0.09296102076768875 0.25363874435424805
-0.14889869093894958 0.09296751022338867 0.27442634105682373
-0.15583372116088867 0.0882623940706253 0.2929283380508423
-0.1497844159603119 0.09202206879854202 0.28383466601371765
-0.16862539947032928 0.0811566635966301 0.3099597096443176
-0.15721486508846283 0.05781387910246849 0.36484652757644653
-0.15724851191043854 0.0605168454349041 0.364986777305603
-0.15077975392341614 0.09088902175426483 0.29441291093826294
-0.15268883109092712 0.08944742381572723 0.3146441876888275
-0.15460124611854553 0.08808204531669617 0.3349047303199768
-0.15631039440631866 0.0820949375629425 0.3533896803855896
-0.06378326565027237 -0.1650390774011612 -0.3958817720413208
-0.06449038535356522 -0.17436449229717255 -0.38769081234931946
-0.06604701280593872 -0.183818981051445 -0.3705379366874695
-0.06777622550725937 -0.18934962153434753 -0.3518775701522827
-0.0693623498082161 -0.18858784437179565 -0.3352241516113281
-0.06335128843784332 -0.14168043434619904 -0.402286559343338
-0.06340200453996658 -0.15426458418369293 -0.4007539451122284
-0.0698322132229805 -0.18745115399360657 -0.33036312460899353
-0.07155269384384155 -0.17629778385162354 -0.3131181597709656
-0.06395608186721802 -0.12269791215658188 -0.39741918444633484
-0.07285244762897491 -0.16363072395324707 -0.30042675137519836
-0.08010692894458771 -0.16083185374736786 -0.3000074028968811
-0.07309255003929138 -0.16126208007335663 -0.29808446764945984
-0.073348268866539 -0.10756455361843109 -0.3835386633872986
-0.06515136361122131 -0.10620778053998947 -0.38613179326057434
-0.07468065619468689 -0.14642998576164246 -0.28252625465393066
-0.0656752958893776 -0.10258164256811142 -0.38089844584465027
-0.0795808956027031 -0.09645174443721771 -0.35883113741874695
-0.06734977662563324 -0.09395178407430649 -0.3639380633831024
-0.07608206570148468 -0.13504987955093384 -0.2686614990234375
-0.07643408328294754 -0.13229575753211975 -0.26517051458358765
-0.06814246624708176 -0.09133513271808624 -0.35579267144203186
-0.07175546884536743 -0.08523311465978622 -0.3327895402908325
-0.07032836228609085 -0.0849887952208519 -0.3332621157169342
-0.07815724611282349 -0.1180337592959404 -0.24814388155937195
-0.07040480524301529 -0.08474527299404144 -0.3324759006500244
-0.07274451851844788 -0.07639635354280472 -0.3084833025932312
-0.07308490574359894 -0.07508862763643265 -0.3050001561641693
-0.07912357151508331 -0.11074582487344742 -0.23853927850723267
-0.09656724333763123 -0.10229795426130295 -0.23686401546001434
-0.08002403378486633 -0.10437799245119095 -0.22955571115016937
-0.07510547339916229 -0.06756435334682465 -0.2843051552772522
-0.07581677287817001 -0.06508426368236542 -0.2770065665245056
-0.08192171901464462 -0.09197448194026947 -0.21054263412952423
-0.08337435126304626 -0.09103891998529434 -0.21031303703784943
-0.08203119039535522 -0.09131470322608948 -0.2094414234161377
-0.0774480402469635 -0.0591505728662014 -0.26028767228126526
-0.07851181924343109 -0.05492448806762695 -0.24941331148147583
-0.10116574913263321 -0.07300367206335068 -0.20494771003723145
-0.08391580730676651 -0.07773420959711075 -0.19065934419631958
-0.07994729280471802 -0.047174613922834396 -0.23490168154239655
-0.08075495809316635 -0.042857274413108826 -0.2267332822084427
-0.08499538898468018 -0.06693904101848602 -0.1801394671201706
-0.08797018229961395 -0.06174461171030998 -0.17839646339416504
-0.08541060984134674 -0.06250831484794617 -0.17611554265022278
-0.08257097750902176 -0.03236953541636467 -0.2084287703037262
-0.09518670290708542 -0.03662031143903732 -0.19027286767959595
-0.08311840146780014 -0.03129784017801285 -0.20274530351161957
-0.08641919493675232 -0.04356376454234123 -0.17119556665420532
-0.0860554501414299 -0.04369482398033142 -0.17081277072429657
-0.08465716987848282 -0.029784446582198143 -0.18665054440498352
-0.0860452726483345 -0.0430702343583107 -0.17096957564353943
-0.12612207233905792 -0.061017632484436035 0.19577395915985107
-0.11989647895097733 -0.057322725653648376 0.1868690699338913
-0.12059781700372696 -0.06471684575080872 0.19484592974185944
-0.12207042425870895 -0.07608143985271454 0.2112649828195572
-0.13868124783039093 -0.06812161207199097 0.21282736957073212
-0.12382819503545761 -0.08096272498369217 0.23017479479312897
-0.12479166686534882 -0.07798485457897186 0.24009118974208832
-0.12344703078269958 -0.028809428215026855 0.16659097373485565
-0.11707770079374313 -0.023889649659395218 0.15451425313949585
-0.11795226484537125 -0.03517479822039604 0.1646251678466797
-0.11927086859941483 -0.050040602684020996 0.1796991378068924
-0.13471853733062744 -0.03590371832251549 0.18376660346984863
-0.12750427424907684 -0.06388720124959946 0.25743231177330017
-0.126530721783638 -0.06378992646932602 0.2572905719280243
-0.12267342954874039 -0.0036249817349016666 0.15547282993793488
-0.11647652834653854 0.00018313524196855724 0.14626997709274292
-0.11679695546627045 -0.016596592962741852 0.15097743272781372
-0.1348956823348999 -0.010726428590714931 0.1725582331418991
-0.12658873200416565 -0.06304637342691422 0.2578429579734802
-0.12770123779773712 -0.04719529300928116 0.26830872893333435
-0.1285289227962494 0.014500115066766739 0.16197086870670319
-0.11651374399662018 0.02156134322285652 0.14496645331382751
-0.12908798456192017 -0.03151332959532738 0.281677782535553
-0.12212222069501877 0.03972696140408516 0.1513873040676117
-0.11612767726182938 0.044726163148880005 0.13906092941761017
-0.1165134534239769 0.021802110597491264 0.14494431018829346
-0.13313016295433044 0.03263465315103531 0.16858793795108795
-0.13032567501068115 -0.022931592538952827 0.2940393090248108
-0.13105860352516174 -0.01829579845070839 0.3013947904109955
-0.11874076724052429 0.06493104249238968 0.14051663875579834
-0.11588047444820404 0.06730490177869797 0.13466507196426392
-0.11601046472787857 0.05521078035235405 0.1369941085577011
-0.12599074840545654 0.05786702036857605 0.15807390213012695
-0.13541552424430847 0.05078662931919098 0.17542476952075958
-0.13301780819892883 -0.006570600904524326 0.32110995054244995
-0.13316012918949127 -0.005630813539028168 0.32253506779670715
-0.11841264367103577 0.08310268819332123 0.14760148525238037
-0.11701284348964691 0.08406057953834534 0.14526839554309845
-0.12591080367565155 0.07603679597377777 0.1651352047920227
-0.13397514820098877 0.06896664202213287 0.18261517584323883
-0.13490454852581024 0.008541448041796684 0.3397928476333618
-0.11735204607248306 0.08571144938468933 0.14871181547641754
-0.11965726315975189 0.09327604621648788 0.17240308225154877
-0.12678425014019012 0.0871899425983429 0.19035130739212036
-0.11983243376016617 0.09369464218616486 0.17421579360961914
-0.1390538215637207 0.08008814603090286 0.20743221044540405
-0.13618682324886322 0.020632421597838402 0.35234585404396057
-0.13647793233394623 0.02343561314046383 0.35519111156463623
-0.12165211886167526 0.09378473460674286 0.1933836042881012
-0.12372297048568726 0.09602116793394089 0.21502788364887238
-0.13948503136634827 0.09124462306499481 0.23269027471542358
-0.12412141263484955 0.09712657332420349 0.21913884580135345
-0.13766144216060638 0.039975449442863464 0.3663504123687744
-0.12591317296028137 0.10097116231918335 0.23771464824676514
-0.13210774958133698 0.1024598777294159 0.25868937373161316
-0.12754057347774506 0.10422993451356888 0.25460490584373474
-0.14501658082008362 0.09535326063632965 0.2757095992565155
-0.15560175478458405 0.06022635102272034 0.3659314513206482
-0.13838551938533783 0.0584544762969017 0.3725146949291229
-0.12806951999664307 0.1051512286067009 0.2601056396961212
-0.13001996278762817 0.10465026646852493 0.2806982696056366
-0.13186383247375488 0.10172621160745621 0.3003599941730499
-0.13461580872535706 0.09958184510469437 0.32024091482162476
-0.13358870148658752 0.10023665428161621 0.31865406036376953
-0.14713060855865479 0.0924781933426857 0.33729854226112366
-0.15132340788841248 0.08543718606233597 0.3551459312438965
-0.13832232356071472 0.08025652170181274 0.37011948227882385
-0.13849054276943207 0.0730072632431984 0.37246716022491455
-0.1337655931711197 0.10011831670999527 0.3205273747444153
-0.13570168614387512 0.0992908850312233 0.34099459648132324
-0.13742578029632568 0.09364384412765503 0.3596101999282837
-0.04467559978365898 -0.16606871783733368 -0.3910140097141266
-0.04518060386180878 -0.17248180508613586 -0.38518384099006653
-0.04670083150267601 -0.1827637255191803 -0.3683488368988037
-0.0483873225748539 -0.18926577270030975 -0.35006168484687805
-0.05026176944375038 -0.189647376537323 -0.3302793502807617
-0.04386027157306671 -0.141091987490654 -0.4015866816043854
-0.04404591768980026 -0.15343467891216278 -0.3986514210700989
-0.0503474585711956 -0.1895463913679123 -0.3293844163417816
-0.05253615975379944 -0.1777120679616928 -0.30725958943367004
-0.04416709765791893 -0.1208517849445343 -0.39995887875556946
-0.05305219814181328 -0.17289867997169495 -0.30220362544059753
-0.054047130048274994 -0.16255442798137665 -0.2925399839878082
-0.04506681486964226 -0.10311409085988998 -0.39188504219055176
-0.0554322674870491 -0.14686565101146698 -0.27918845415115356
-0.04686679318547249 -0.08930251747369766 -0.374013215303421
-0.04687964916229248 -0.08923059701919556 -0.373883455991745
-0.056659962981939316 -0.13572070002555847 -0.26713553071022034
-0.057072050869464874 -0.13225172460079193 -0.2630683183670044
-0.049181073904037476 -0.08153172582387924 -0.3502427637577057
-0.04975671321153641 -0.07983911037445068 -0.3443112075328827
-0.05887509882450104 -0.11832692474126816 -0.2451731413602829
-0.05144200101494789 -0.07497400045394897 -0.32693833112716675
-0.06775041669607162 -0.07404325157403946 -0.30711042881011963
-0.052735354751348495 -0.07087637484073639 -0.31363457441329956
-0.05962248891592026 -0.11321230232715607 -0.23770318925380707
-0.06085696816444397 -0.10515691339969635 -0.22533375024795532
-0.05372659116983414 -0.0678783431649208 -0.30342718958854675
-0.06048821285367012 -0.06282886117696762 -0.2811222970485687
-0.05575495585799217 -0.062086522579193115 -0.2825126349925995
-0.06232546269893646 -0.09660465270280838 -0.21053779125213623
-0.06302733719348907 -0.09278251975774765 -0.2034449726343155
-0.055981043726205826 -0.06146778166294098 -0.28017932176589966
-0.058208223432302475 -0.05567721277475357 -0.257169634103775
-0.05882616341114044 -0.053514499217271805 -0.2508296072483063
-0.06493110209703445 -0.08221001923084259 -0.18422257900238037
-0.07068876922130585 -0.07978370785713196 -0.18381020426750183
-0.06522383540868759 -0.08051843196153641 -0.18127207458019257
-0.06067223101854324 -0.044502485543489456 -0.23209144175052643
-0.06114811450242996 -0.04177992790937424 -0.2272927314043045
-0.06693726778030396 -0.0662153884768486 -0.16435113549232483
-0.07242950052022934 -0.029439566656947136 -0.20635850727558136
-0.06314859539270401 -0.028688449412584305 -0.20725104212760925
-0.06800910830497742 -0.04920421540737152 -0.15440592169761658
-0.06339781731367111 -0.027380729094147682 -0.20472851395606995
-0.06567765027284622 -0.02039315178990364 -0.1812589466571808
-0.07044333219528198 -0.025274338200688362 -0.1626257598400116
-0.06661339104175568 -0.02177773416042328 -0.17128875851631165
-0.06779403984546661 -0.0267611313611269 -0.1584523767232895
-0.06753087043762207 -0.02310463972389698 -0.16151554882526398
-0.10084164142608643 -0.03979899734258652 0.1434372067451477
-0.09502705931663513 -0.034032564610242844 0.12909317016601562
-0.09620152413845062 -0.043942902237176895 0.14225523173809052
-0.09771201759576797 -0.05444612726569176 0.15900520980358124
-0.10691311210393906 -0.04685414582490921 0.16110631823539734
-0.0992104783654213 -0.06522289663553238 0.17565008997917175
-0.11474525183439255 -0.05392254889011383 0.17860832810401917
-0.10072437673807144 -0.07564879208803177 0.19242976605892181
-0.10243453830480576 -0.08161261677742004 0.2109236866235733
-0.10462354123592377 -0.07669007033109665 0.23359991610050201
-0.10483033210039139 -0.07541125267744064 0.23567762970924377
-0.09605806320905685 -0.007574921008199453 0.11445432901382446
-0.093462735414505 -0.005894416011869907 0.11037719249725342
-0.09367762506008148 -0.011635198257863522 0.11309697479009628
-0.0947842225432396 -0.03132088482379913 0.12631924450397491
-0.10550680011510849 -0.014655494131147861 0.13180293142795563
-0.114362433552742 -0.021731600165367126 0.14920781552791595
-0.10617862641811371 -0.05956696718931198 0.24862855672836304
-0.10190319269895554 0.010550257749855518 0.12095335125923157
-0.09313733875751495 0.017014330253005028 0.10513127595186234
-0.11133536696434021 0.0034698094241321087 0.13830353319644928
-0.12057220935821533 -0.04566584900021553 0.26514390110969543
-0.10726463794708252 -0.042615629732608795 0.25872790813446045
-0.09920299053192139 0.035749200731515884 0.1100180372595787
-0.09283901751041412 0.03980879858136177 0.10017970949411392
-0.093085877597332 0.01975555531680584 0.10437154024839401
-0.10721882432699203 0.028679417446255684 0.12750262022018433
-0.11644747853279114 0.021600501611828804 0.14487211406230927
-0.11086840182542801 -0.027423633262515068 0.2731184959411621
-0.10863923281431198 -0.026882341131567955 0.27196475863456726
-0.1056731641292572 0.05386967211961746 0.1164577379822731
-0.09297540038824081 0.06076843664050102 0.09995435923337936
-0.11360114812850952 0.04680055007338524 0.13395066559314728
-0.10885350406169891 -0.02536659501492977 0.2741023898124695
-0.12179138511419296 -0.016346128657460213 0.29738089442253113
-0.11064349114894867 -0.013806833885610104 0.29204756021499634
-0.10957275331020355 0.07200949639081955 0.12314139306545258
-0.09379655122756958 0.07883773744106293 0.10717403143644333
-0.11151884496212006 -0.009614492766559124 0.3009391129016876
-0.13057713210582733 -0.005252527538686991 0.3218461275100708
-0.11301198601722717 -0.0022687127348035574 0.31609046459198
-0.10626198351383209 0.09020359069108963 0.13050930202007294
-0.0952695831656456 0.09415551275014877 0.12148116528987885
-0.11407826840877533 0.0037294658832252026 0.32685068249702454
-0.11509093642234802 0.010491509921848774 0.33698540925979614
-0.09673425555229187 0.10270090401172638 0.13623738288879395
-0.10891057550907135 0.10134337842464447 0.15555693209171295
-0.09752290695905685 0.10617975145578384 0.1442718803882599
-0.11918462067842484 0.09425659477710724 0.17282722890377045
-0.12437474727630615 0.02412305772304535 0.3547874391078949
-0.1168534979224205 0.024587227031588554 0.3544403612613678
-0.0990419089794159 0.11032094806432724 0.15994992852210999
-0.1013442799448967 0.11256005614995956 0.18157397210597992
-0.10108033567667007 0.1126994863152504 0.1812412589788437
-0.1108817532658577 0.10547882318496704 0.19891415536403656
-0.12134245783090591 0.09839063137769699 0.21616671979427338
-0.11706329137086868 0.026749495416879654 0.35647955536842346
-0.11824683099985123 0.04024137929081917 0.36788102984428406
-0.10112062096595764 0.11273612827062607 0.1816628873348236
-0.10306363552808762 0.1120661050081253 0.2021905779838562
-0.10501943528652191 0.1116868183016777 0.22282995283603668
-0.11421661823987961 0.10960399359464645 0.2421419471502304
-0.10608493536710739 0.11311084032058716 0.23394480347633362
-0.11918047815561295 0.05783585458993912 0.37632375955581665
-0.10711104422807693 0.11439523100852966 0.2446555644273758
-0.10922184586524963 0.11753987520933151 0.2666487693786621
-0.11746332794427872 0.11372984945774078 0.285378098487854
-0.11004935204982758 0.11791275441646576 0.2753390371799469
-0.12528777122497559 0.10666150599718094 0.3028808534145355
-0.13154083490371704 0.07857664674520493 0.3752685487270355
-0.1196994036436081 0.07718080282211304 0.38025760650634766
-0.11122658103704453 0.118273064494133 0.28771552443504333
-0.11310089379549026 0.11604131013154984 0.30764323472976685
-0.11500310152769089 0.11444367468357086 0.3278145492076874
-0.12050028890371323 0.1108478233218193 0.3468794524669647
-0.11606819182634354 0.11404310166835785 0.3390696942806244
-0.12382575869560242 0.10381334275007248 0.36480912566185
-0.11916185170412064 0.1009850800037384 0.37270495295524597
-0.11970498412847519 0.0868079736828804 0.3795527517795563
-0.1169491857290268 0.11384350806474686 0.3483690619468689
-0.11866922676563263 0.1081041768193245 0.3669492304325104
-0.025586653500795364 -0.16717737913131714 -0.385942667722702
-0.025860801339149475 -0.17082680761814117 -0.38276436924934387
-0.027341635897755623 -0.18200433254241943 -0.366273432970047
-0.029003847390413284 -0.1890583336353302 -0.3481983244419098
-0.030917266383767128 -0.1904011070728302 -0.3279291093349457
-0.043761253356933594 -0.1898871809244156 -0.3289109468460083
-0.031024254858493805 -0.19012895226478577 -0.32682329416275024
-0.024470433592796326 -0.140930637717247 -0.39978671073913574
-0.02473115548491478 -0.1516650766134262 -0.3961879312992096
-0.033387672156095505 -0.17908088862895966 -0.30279502272605896
-0.035372596234083176 -0.17866431176662445 -0.30281585454940796
-0.033433593809604645 -0.1787632405757904 -0.30233633518218994
-0.024419555440545082 -0.1191805824637413 -0.4020480215549469
-0.034880541265010834 -0.163335382938385 -0.28831276297569275
-0.026082057505846024 -0.10019932687282562 -0.3972984254360199
-0.024982856586575508 -0.10002291947603226 -0.39763176441192627
-0.024892061948776245 -0.10316280275583267 -0.39833948016166687
-0.03615767881274223 -0.14719074964523315 -0.2761354446411133
-0.02507076784968376 -0.09909994900226593 -0.3967786133289337
-0.04673155024647713 -0.08919503539800644 -0.3739590644836426
-0.02652362920343876 -0.08499106764793396 -0.38258814811706543
-0.03722641244530678 -0.13665178418159485 -0.2657095789909363
-0.03771412372589111 -0.13222506642341614 -0.2609214186668396
-0.027969693765044212 -0.07803741842508316 -0.3679017424583435
-0.043443549424409866 -0.07801055908203125 -0.3483480215072632
-0.029030201956629753 -0.07403577864170074 -0.357043981552124
-0.03945814073085785 -0.11805108934640884 -0.24366804957389832
-0.030291900038719177 -0.07008647918701172 -0.34406206011772156
-0.03726902976632118 -0.06680435687303543 -0.32246309518814087
-0.03206849843263626 -0.06532484292984009 -0.32571879029273987
-0.0402892529964447 -0.11186271905899048 -0.23540103435516357
-0.04133814200758934 -0.10445109009742737 -0.22493621706962585
-0.03252347186207771 -0.0641961321234703 -0.32101404666900635
-0.03469853103160858 -0.0595906525850296 -0.29845958948135376
-0.0354304276406765 -0.057979922741651535 -0.2908749282360077
-0.04304884001612663 -0.0939679965376854 -0.2077411711215973
-0.04344632476568222 -0.09181424230337143 -0.2037234902381897
-0.036872074007987976 -0.055019523948431015 -0.2759183645248413
-0.044465597718954086 -0.05154852941632271 -0.2543027698993683
-0.03880000859498978 -0.05066729709506035 -0.25594791769981384
-0.04556771367788315 -0.08154582977294922 -0.18218374252319336
-0.04582277685403824 -0.08030971884727478 -0.17959406971931458
-0.03907303512096405 -0.049825094640254974 -0.2531377077102661
-0.04650719463825226 -0.04040416330099106 -0.22919751703739166
-0.041350726038217545 -0.039898328483104706 -0.229923814535141
-0.04790787398815155 -0.06757541000843048 -0.15863235294818878
-0.041523631662130356 -0.03895522654056549 -0.22817663848400116
-0.043455369770526886 -0.02724653109908104 -0.20874957740306854
-0.0483521968126297 -0.0630851611495018 -0.15430645644664764
-0.06173001602292061 -0.05038737133145332 -0.15060731768608093
-0.04932450130581856 -0.05201955884695053 -0.14493846893310547
-0.04417779669165611 -0.023457279428839684 -0.2014375478029251
-0.059758707880973816 -0.018184464424848557 -0.179857075214386
-0.0459270142018795 -0.016143808141350746 -0.18358519673347473
-0.05768445506691933 -0.03218774497509003 -0.14316968619823456
-0.05018952861428261 -0.03413546457886696 -0.13724175095558167
-0.046573083847761154 -0.013844835571944714 -0.1769595593214035
-0.04867323115468025 -0.01094241812825203 -0.15505941212177277
-0.05036935955286026 -0.01722523383796215 -0.13668805360794067
-0.084782175719738 -0.07186618447303772 0.17439806461334229
-0.07813343405723572 -0.06594277173280716 0.15974092483520508
-0.07943082600831985 -0.07402247190475464 0.1740531474351883
-0.08108147978782654 -0.08133932948112488 0.1920272558927536
-0.0901377871632576 -0.07891594618558884 0.19213511049747467
-0.08195595443248749 -0.082077257335186 0.20130060613155365
-0.08155310899019241 -0.02563491277396679 0.10877711325883865
-0.07252232730388641 -0.020723553374409676 0.09702702611684799
-0.07345256209373474 -0.03056120127439499 0.10760967433452606
-0.07488857954740524 -0.04275752231478691 0.12370920181274414
-0.09330295026302338 -0.03273280709981918 0.12590734660625458
-0.07637582719326019 -0.05378926917910576 0.1402561366558075
-0.07788428664207458 -0.06433877348899841 0.15698832273483276
-0.08306314051151276 -0.0811305120587349 0.2128925770521164
-0.10204846411943436 -0.07485532015562057 0.23454906046390533
-0.08457734435796738 -0.0716065838932991 0.22809305787086487
-0.07197386771440506 0.006625263020396233 0.08024933189153671
-0.07102148979902267 0.007146619725972414 0.07900130748748779
-0.07109503448009491 0.005529019981622696 0.07990457862615585
-0.0721505805850029 -0.01531736459583044 0.09268093854188919
-0.08448866754770279 -0.0004783885960932821 0.09730697423219681
-0.09331432729959488 -0.05662040039896965 0.242431640625
-0.08571828901767731 -0.05488712340593338 0.23878967761993408
-0.08087737113237381 0.02472742088139057 0.08645811676979065
-0.07057299464941025 0.030574975535273552 0.07241696864366531
-0.09221722185611725 0.017632612958550453 0.1036272644996643
-0.08970744907855988 -0.03842407464981079 0.24982763826847076
-0.08674353361129761 -0.0376792848110199 0.24822832643985748
-0.07121144235134125 0.049978796392679214 0.07618384808301926
-0.07106031477451324 0.05005336180329323 0.07600706815719604
-0.07103240489959717 0.048949096351861954 0.07580056041479111
-0.08740582317113876 0.04284745082259178 0.09289228916168213
-0.08712263405323029 -0.033682674169540405 0.2519061267375946
-0.08820261806249619 -0.02230263315141201 0.2623837888240814
-0.07110416889190674 0.05058066174387932 0.07642737030982971
-0.0924495980143547 0.06097865849733353 0.09946735948324203
-0.07220025360584259 0.0667770579457283 0.08669278025627136
-0.0901351049542427 -0.010038793087005615 0.2817746698856354
-0.09024900197982788 -0.009404934011399746 0.282924622297287
-0.09262317419052124 0.07914653420448303 0.10650460422039032
-0.0734977275133133 0.0828358605504036 0.09909116476774216
-0.09262840449810028 0.0018019233830273151 0.30710873007774353
-0.0926605761051178 0.00195135991089046 0.30743587017059326
-0.07842246443033218 0.09742259979248047 0.1149059534072876
-0.07501497864723206 0.09796697646379471 0.11387907713651657
-0.09789573401212692 0.013162645511329174 0.332001268863678
-0.09498453885316849 0.013677404262125492 0.33099469542503357
-0.07522380352020264 0.09939595311880112 0.11596626043319702
-0.08810511976480484 0.10850943624973297 0.139286071062088
-0.07712796330451965 0.1105835810303688 0.13514398038387299
-0.09516669809818268 0.014665593393146992 0.33283576369285583
-0.09703955799341202 0.026538675650954247 0.3516293466091156
-0.07781390100717545 0.11343720555305481 0.14214570820331573
-0.08117895573377609 0.11972129344940186 0.16524235904216766
-0.07999738305807114 0.12000731378793716 0.1646331548690796
-0.09801989793777466 0.03468853235244751 0.36131325364112854
-0.09870491921901703 0.041044652462005615 0.36802753806114197
-0.08008601516485214 0.12024935334920883 0.16554787755012512
-0.08219291269779205 0.1233053132891655 0.1875070184469223
-0.0841796025633812 0.12362830340862274 0.2084161937236786
-0.09698956459760666 0.11674311757087708 0.22553148865699768
-0.08424543589353561 0.12361200898885727 0.20911116898059845
-0.09983886033296585 0.05779368802905083 0.37864798307418823
-0.08611027896404266 0.12267781794071198 0.22883613407611847
-0.08810394257307053 0.12315934896469116 0.249806210398674
-0.10263499617576599 0.12085091322660446 0.26854002475738525
-0.08908464014530182 0.12472148984670639 0.26001647114753723
-0.10064713656902313 0.0759173259139061 0.3857277035713196
-0.09022866189479828 0.12662050127983093 0.2719210088253021
-0.09229330718517303 0.1287158578634262 0.2935110926628113
-0.10017257183790207 0.12501972913742065 0.31231796741485596
-0.09321478009223938 0.1288238912820816 0.3032125234603882
-0.1106865182518959 0.11793113499879837 0.32956546545028687
-0.11028062552213669 0.09690584987401962 0.3843398094177246
-0.10120530426502228 0.0950966626405716 0.39008811116218567
-0.09427665919065475 0.1289629191160202 0.3143911063671112
-0.09626305848360062 0.1292792707681656 0.33529773354530334
-0.09997635334730148 0.1291714757680893 0.35588085651397705
-0.09795158356428146 0.13036559522151947 0.35300445556640625
-0.10496191680431366 0.12212450802326202 0.37365299463272095
-0.10097800940275192 0.11759132891893387 0.3859087824821472
-0.10131282359361649 0.10955283045768738 0.3900745213031769
-0.09830145537853241 0.13077794015407562 0.35665857791900635
-0.10013812780380249 0.12769034504890442 0.3762574791908264
-0.01712452434003353 -0.1686583310365677 -0.3811189830303192
-0.007246545981615782 -0.1714468002319336 -0.37272974848747253
-0.008076456375420094 -0.17910757660865784 -0.3633769154548645
-0.009695983491837978 -0.18713201582431793 -0.345674604177475
-0.02068573236465454 -0.1897134780883789 -0.32672110199928284
-0.01139481645077467 -0.18895624577999115 -0.32762840390205383
-0.005537364166229963 -0.14269721508026123 -0.3930206596851349
-0.005620459094643593 -0.1452561467885971 -0.3919420838356018
-0.006696497555822134 -0.16563665866851807 -0.37898674607276917
-0.011584867723286152 -0.18903255462646484 -0.3256196677684784
-0.013973982073366642 -0.17956049740314484 -0.3011956214904785
-0.014090747572481632 -0.17880022525787354 -0.30002549290657043
-0.005029239226132631 -0.11901718378067017 -0.4002533257007599
-0.015583490952849388 -0.16356565058231354 -0.2855040431022644
-0.005115842446684837 -0.09784741699695587 -0.4010198712348938
-0.005044533405452967 -0.11350566893815994 -0.40052932500839233
-0.016879692673683167 -0.14750148355960846 -0.2731194496154785
-0.010370651260018349 -0.08191189169883728 -0.3887537121772766
-0.00625764112919569 -0.08113154768943787 -0.3903140127658844
-0.017740190029144287 -0.138780415058136 -0.2647436857223511
-0.018407976254820824 -0.13241691887378693 -0.258211612701416
-0.006546310614794493 -0.07936300337314606 -0.387412428855896
-0.015964919701218605 -0.07079427689313889 -0.3639856278896332
-0.00849220436066389 -0.06902812421321869 -0.36772724986076355
-0.02001718245446682 -0.11767393350601196 -0.2424239218235016
-0.009060236625373363 -0.06705335527658463 -0.3618982434272766
-0.011313872411847115 -0.06066137179732323 -0.3386574685573578
-0.011499709449708462 -0.060187216848134995 -0.3367368280887604
-0.02102232351899147 -0.10900574922561646 -0.23251977562904358
-0.02172928862273693 -0.10336527973413467 -0.22551749646663666
-0.013488574884831905 -0.05606391280889511 -0.3161061406135559
-0.02526203542947769 -0.055554263293743134 -0.2960246205329895
-0.014926430769264698 -0.053115781396627426 -0.30118852853775024
-0.031227553263306618 -0.0906464010477066 -0.20536436140537262
-0.023641174659132957 -0.08989986032247543 -0.20643900334835052
-0.015664681792259216 -0.05143459513783455 -0.2935425341129303
-0.017842650413513184 -0.046762868762016296 -0.2709626853466034
-0.018270133063197136 -0.045693930238485336 -0.26654285192489624
-0.023900913074612617 -0.08840550482273102 -0.20382051169872284
-0.0382174514234066 -0.07953929156064987 -0.1807287037372589
-0.025950774550437927 -0.07811316847801208 -0.1830364167690277
-0.02011037804186344 -0.04005049914121628 -0.24759884178638458
-0.021112851798534393 -0.03615747019648552 -0.23734402656555176
-0.0264119990170002 -0.07616043090820312 -0.17833112180233002
-0.028407886624336243 -0.06694909185171127 -0.15803003311157227
-0.022526146844029427 -0.029972443357110023 -0.22294196486473083
-0.02357010543346405 -0.024993998929858208 -0.21233612298965454
-0.028941432014107704 -0.06349825114011765 -0.15268149971961975
-0.030221836641430855 -0.0530703067779541 -0.1400163322687149
-0.02498774044215679 -0.01885260082781315 -0.19788485765457153
-0.02610797807574272 -0.014170818030834198 -0.18645167350769043
-0.03171849995851517 -0.03785229101777077 -0.12545223534107208
-0.027378568425774574 -0.009341592900454998 -0.17344583570957184
-0.04065760597586632 -0.0068809580989181995 -0.15274541079998016
-0.028922710567712784 -0.004516232758760452 -0.15755712985992432
-0.04876720905303955 -0.013951447792351246 -0.13526973128318787
-0.03223709389567375 -0.033415939658880234 -0.12033941596746445
-0.04082381725311279 -0.02090110443532467 -0.11627063155174255
-0.033690471202135086 -0.024640485644340515 -0.10572048276662827
-0.029678843915462494 -0.0018892367370426655 -0.1497977077960968
-0.03342675045132637 0.0043331957422196865 -0.12676021456718445
-0.03181777521967888 0.004799277987331152 -0.1277891993522644
-0.043936554342508316 -0.0027553613763302565 -0.1095123142004013
-0.03480209782719612 -0.019945044070482254 -0.09437909722328186
-0.04259297251701355 -0.009754694998264313 -0.0911395326256752
-0.036463662981987 -0.014810559339821339 -0.07727758586406708
-0.03197205066680908 0.005402369890362024 -0.12621134519577026
-0.03435564786195755 0.014749028719961643 -0.1018354594707489
-0.04465026035904884 0.00839899480342865 -0.08428104966878891
-0.034461360424757004 0.015176248736679554 -0.10075539350509644
-0.037159230560064316 -0.011200076900422573 -0.07023436576128006
-0.04351877421140671 0.0013980615185573697 -0.0659283921122551
-0.03867049142718315 -0.0025900788605213165 -0.054992351680994034
-0.036675866693258286 0.02265479601919651 -0.07801314443349838
-0.044717028737068176 0.019558217376470566 -0.05898838862776756
-0.037312332540750504 0.024677878245711327 -0.0714668557047844
-0.0398024246096611 0.0040484461933374405 -0.04359111562371254
-0.044195204973220825 0.012552697211503983 -0.04069359228014946
-0.04088997468352318 0.009576987475156784 -0.032569531351327896
-0.07291726768016815 -0.06476742774248123 0.15727876126766205
-0.05795096233487129 -0.06243576481938362 0.15292306244373322
-0.05842282250523567 -0.06590452045202255 0.15817046165466309
-0.060002412647008896 -0.074836865067482 0.17552393674850464
-0.06174272298812866 -0.08011529594659805 0.19428116083145142
-0.062088049948215485 -0.07989800721406937 0.1979028284549713
-0.039021335542201996 0.031134534627199173 -0.05397030711174011
-0.04646961763501167 0.03070475161075592 -0.03385571390390396
-0.040003594011068344 0.03485362231731415 -0.043914731591939926
-0.042269930243492126 0.015302713960409164 -0.018482372164726257
-0.04771200567483902 0.02368595264852047 -0.015728337690234184
-0.04372742772102356 0.019135674461722374 -0.0034279697574675083
-0.0660322904586792 -0.018508635461330414 0.09200474619865417
-0.05155724287033081 -0.013913207687437534 0.08170033246278763
-0.0524209663271904 -0.022979525849223137 0.09152096509933472
-0.0538976788520813 -0.03425072506070137 0.10797590017318726
-0.055423106998205185 -0.044414445757865906 0.12485631555318832
-0.05693122372031212 -0.054971713572740555 0.14158552885055542
-0.06409920752048492 -0.07138501852750778 0.21842025220394135
-0.06445147842168808 -0.06833851337432861 0.2218906730413437
-0.04130237549543381 0.03814954683184624 -0.030490197241306305
-0.046048302203416824 0.04186764732003212 -0.008516739122569561
-0.04306542128324509 0.04346523806452751 -0.01233367808163166
-0.0445532388985157 0.022369276732206345 0.0050175427459180355
-0.05112555995583534 0.03481998294591904 0.009246710687875748
-0.046591565012931824 0.023866277188062668 0.026377752423286438
-0.05026710778474808 0.027816997841000557 0.02757345326244831
-0.04835906997323036 0.019206158816814423 0.045372527092695236
-0.05017302930355072 0.020808257162570953 0.04582766070961952
-0.0498364083468914 0.007949095219373703 0.06183289363980293
-0.05721298232674599 0.01374581828713417 0.06340485066175461
-0.0510995090007782 -0.00817856751382351 0.0764220803976059
-0.06536534428596497 -0.050660572946071625 0.23011839389801025
-0.04354706406593323 0.044338107109069824 -0.00732759153470397
-0.045759640634059906 0.049796659499406815 0.015554561279714108
-0.05422201380133629 0.04595640301704407 0.034251853823661804
-0.04614526033401489 0.05200083553791046 0.019443195313215256
-0.059451617300510406 0.03890759125351906 0.052000850439071655
-0.06818331032991409 0.03183241933584213 0.06941749900579453
-0.06629154831171036 -0.03303469717502594 0.23848025500774384
-0.04810125380754471 0.05818881839513779 0.03956374153494835
-0.05741460248827934 0.0570920966565609 0.05924787372350693
-0.048857782036066055 0.06208684295415878 0.04722646623849869
-0.07488939166069031 -0.020143363624811172 0.25828757882118225
-0.06802541017532349 -0.018817858770489693 0.2556232213973999
-0.050513673573732376 0.06819065660238266 0.06419133394956589
-0.06693929433822632 0.0681801289319992 0.08364298194646835
-0.05133404582738876 0.07317006587982178 0.07244107872247696
-0.0684686154127121 -0.016891252249479294 0.26014068722724915
-0.08712547272443771 -0.009075743146240711 0.2824253737926483
-0.0704122930765152 -0.007357371039688587 0.2798660695552826
-0.0532393716275692 0.08531491458415985 0.09155520051717758
-0.05334945023059845 0.08619854599237442 0.092645063996315
-0.07097193598747253 -0.004822722636163235 0.2855622470378876
-0.09190596640110016 0.0020480058155953884 0.30727070569992065
-0.07276765257120132 0.004236200824379921 0.3037661015987396
-0.05511559918522835 0.10027909278869629 0.11013907939195633
-0.07351164519786835 0.008073086850345135 0.31130164861679077
-0.07504858076572418 0.016143910586833954 0.3268570005893707
-0.056158434599637985 0.10683529078960419 0.12060796469449997
-0.0572626106441021 0.11275205761194229 0.1317739486694336
-0.07608100026845932 0.021642927080392838 0.33729997277259827
-0.07726302742958069 0.02833225019276142 0.3492250144481659
-0.058630071580410004 0.11818350851535797 0.14575280249118805
-0.05999532341957092 0.1227528303861618 0.15977676212787628
-0.0788574144244194 0.03992012143135071 0.3651067614555359
-0.07912099361419678 0.04202524945139885 0.36771726608276367
-0.06093095615506172 0.12564972043037415 0.1694062501192093
-0.06310534477233887 0.13023996353149414 0.1919548362493515
-0.08368376642465591 0.12385271489620209 0.2085489183664322
-0.06328374892473221 0.13040800392627716 0.19382144510746002
-0.080424465239048 0.05805870145559311 0.3801809549331665
-0.06512472778558731 0.13130627572536469 0.21314957737922668
-0.0670357495546341 0.12990902364253998 0.23339787125587463
-0.07427988201379776 0.1280737966299057 0.2529856264591217
-0.068520687520504 0.1298387050628662 0.2490510195493698
-0.08142002671957016 0.07539186626672745 0.3892967998981476
-0.06900983303785324 0.12994545698165894 0.25419697165489197
-0.07109364867210388 0.13247649371623993 0.2759544253349304
-0.08337327092885971 0.1321556270122528 0.2956669330596924
-0.07246490567922592 0.13472583889961243 0.29022568464279175
-0.08237390965223312 0.09290088713169098 0.3979596495628357
-0.07321877032518387 0.13594679534435272 0.2980727255344391
-0.07526302337646484 0.13757848739624023 0.319484680891037
-0.08512111008167267 0.1362927407026291 0.33904531598091125
-0.07646900415420532 0.1393602192401886 0.33205142617225647
-0.09831949323415756 0.11516505479812622 0.39252862334251404
-0.08328372985124588 0.11059592664241791 0.40614333748817444
-0.07739754766225815 0.1412624567747116 0.34168508648872375
-0.07959644496440887 0.1464100480079651 0.36444777250289917
-0.08915939927101135 0.14041262865066528 0.38220635056495667
-0.07985226809978485 0.14661508798599243 0.3671272099018097
-0.08868490904569626 0.13340675830841064 0.4004966616630554
-0.08364937454462051 0.1305878609418869 0.4084106385707855
-0.08164150267839432 0.14806003868579865 0.3858667314052582
-0.08327359706163406 0.14032135903835297 0.4036788046360016
0.00021614227443933487 -0.17553724348545074 -0.3612280786037445
0.0037564041558653116 -0.1825200617313385 -0.3426468074321747
-0.0028306569438427687 -0.14337211847305298 -0.39095404744148254
0.012448574416339397 -0.14846158027648926 -0.37595707178115845
0.012177061289548874 -0.15383636951446533 -0.37266966700553894
0.010910498909652233 -0.16988535225391388 -0.35805025696754456
0.009391255676746368 -0.18018972873687744 -0.3412238657474518
0.007561318576335907 -0.18343043327331543 -0.321683794260025
-0.007549633737653494 -0.17845487594604492 -0.3001754879951477
0.005567086394876242 -0.1775076687335968 -0.30113929510116577
0.013548229821026325 -0.12228474766016006 -0.3896210193634033
0.013188246637582779 -0.13198146224021912 -0.38505858182907104
0.00524942995980382 -0.17571407556533813 -0.29793423414230347
0.003797103650867939 -0.16344329714775085 -0.28360360860824585
0.014091803692281246 -0.09845506399869919 -0.397239089012146
0.013963339850306511 -0.10475901514291763 -0.39538538455963135
0.0023064282722771168 -0.14819999039173126 -0.26910462975502014
0.0134653951972723 -0.07956378161907196 -0.39213669300079346
0.001907450146973133 -0.144578754901886 -0.2651876211166382
0.0006625320529565215 -0.13360342383384705 -0.25293979048728943
0.012554587796330452 -0.07273126393556595 -0.38308098912239075
0.011567520909011364 -0.06603923439979553 -0.3732105493545532
-0.0009476669365540147 -0.11886461824178696 -0.23714132606983185
0.010064823552966118 -0.06097092106938362 -0.35777783393859863
-0.008140376769006252 -0.059575650840997696 -0.3379440903663635
0.008661174215376377 -0.05677134171128273 -0.34331992268562317
-0.0013589083682745695 -0.11516270786523819 -0.233101487159729
-0.0026489454321563244 -0.10451025515794754 -0.22035261988639832
0.007807604037225246 -0.054497458040714264 -0.33450576663017273
0.0055908807553350925 -0.04894467443227768 -0.3115874230861664
0.0054836575873196125 -0.04864804074168205 -0.31048107147216797
-0.004395121708512306 -0.0909789502620697 -0.20302551984786987
-0.007566631305962801 -0.09046830236911774 -0.2031189650297165
-0.004451307468116283 -0.09058255702257156 -0.20246489346027374
0.003318322589620948 -0.04212256148457527 -0.2881813943386078
-0.013765309005975723 -0.04430799186229706 -0.2696346044540405
0.0025138731580227613 -0.039647914469242096 -0.27990075945854187
-0.00642525777220726 -0.07737911492586136 -0.18271160125732422
0.0010181207908317447 -0.03467186912894249 -0.2645339071750641
-0.010132981464266777 -0.03312091901898384 -0.2439909130334854
-0.0003515917342156172 -0.03020746260881424 -0.2504546344280243
-0.00711667537689209 -0.0739489197731018 -0.17569784820079803
-0.008826243691146374 -0.06597813963890076 -0.15831543505191803
-0.001285203150473535 -0.0271502286195755 -0.24085916578769684
-0.008732831105589867 -0.021950654685497284 -0.21855905652046204
-0.0031952501740306616 -0.020674973726272583 -0.22124558687210083
-0.009598503820598125 -0.062369003891944885 -0.1504639983177185
-0.011064018122851849 -0.05388827621936798 -0.1356937736272812
-0.003602034179493785 -0.019321508705615997 -0.2170664370059967
-0.005916160065680742 -0.011554320342838764 -0.19329734146595
-0.006033971905708313 -0.011121648363769054 -0.1920902132987976
-0.01227730605751276 -0.04631093144416809 -0.1235097348690033
-0.02590295672416687 -0.03895796835422516 -0.12190837413072586
-0.013192333281040192 -0.04133639112114906 -0.1142621785402298
-0.008224677294492722 -0.003914616070687771 -0.1695772409439087
-0.008903078734874725 -0.0016965712420642376 -0.16260449588298798
-0.014758098870515823 -0.034754570573568344 -0.09828493744134903
-0.02612384222447872 -0.027799900621175766 -0.09663034975528717
-0.015981705859303474 -0.03157476708292961 -0.08564335107803345
-0.010512787848711014 0.0032611435744911432 -0.14603537321090698
-0.011792302131652832 0.007643591146916151 -0.13290005922317505
-0.016985110938549042 -0.028967879712581635 -0.07527671009302139
-0.033592063933610916 -0.016696393489837646 -0.07204007357358932
-0.019154595211148262 -0.02448904514312744 -0.0527709499001503
-0.02027440443634987 -0.023605596274137497 -0.05253096669912338
-0.01932373270392418 -0.024145837873220444 -0.05101589486002922
-0.012855437584221363 0.011676863767206669 -0.12201714515686035
-0.033361293375492096 0.015493416227400303 -0.10145501047372818
-0.014384131878614426 0.018239028751850128 -0.10642898827791214
-0.0347139872610569 -0.00554510997608304 -0.04684755206108093
-0.021533610299229622 -0.015246594324707985 -0.028435101732611656
-0.023637086153030396 -0.012471179477870464 -0.027551088482141495
-0.021908313035964966 -0.013519808650016785 -0.024623624980449677
-0.01528717577457428 0.022117979824543 -0.09722080081701279
-0.03149199113249779 0.026667214930057526 -0.07597862929105759
-0.01691444031894207 0.029094137251377106 -0.08062678575515747
-0.03592405840754509 0.005605508107692003 -0.021663391962647438
-0.024050995707511902 -0.001028569065965712 -0.0030358200892806053
-0.053902920335531235 -0.06462430208921432 0.15908320248126984
-0.05176449939608574 -0.07161765545606613 0.1775314062833786
-0.058784935623407364 -0.07867994159460068 0.19511045515537262
-0.01771554909646511 0.03248260170221329 -0.07245384156703949
-0.03006669506430626 0.037837669253349304 -0.0505443699657917
-0.019555287435650826 0.03948267549276352 -0.0536227822303772
-0.02415275201201439 -0.0005448854644782841 -0.00200192560441792
-0.04094357043504715 0.016727453097701073 0.0031592543236911297
-0.026513347402215004 0.008278794586658478 0.022173037752509117
-0.02854854054749012 0.00981130450963974 0.02258080616593361
-0.026863887906074524 0.008633783087134361 0.02583872154355049
-0.03760293126106262 -0.011285192333161831 0.07645738124847412
-0.031230861321091652 -0.00979878194630146 0.07331787049770355
-0.031518951058387756 -0.012451766058802605 0.07656407356262207
-0.03293178975582123 -0.025175223127007484 0.09246108680963516
-0.034473344683647156 -0.03497227653861046 0.10948236286640167
-0.03608192503452301 -0.04324556887149811 0.12708903849124908
-0.03768523409962654 -0.05163859203457832 0.1446497142314911
-0.03930410370230675 -0.05967796966433525 0.1623462438583374
-0.0410650260746479 -0.0644877478480339 0.18128351867198944
-0.043194450438022614 -0.060919616371393204 0.203439399600029
-0.06111583113670349 -0.06753776222467422 0.22018824517726898
-0.04325679689645767 -0.06055907905101776 0.20406776666641235
-0.0200759619474411 0.04130212217569351 -0.048280470073223114
-0.022289540618658066 0.04678339883685112 -0.02538958750665188
-0.022686999291181564 0.04779931530356407 -0.02128191851079464
-0.028486955910921097 0.008304418064653873 0.04296797513961792
-0.030118416994810104 0.0005513305077329278 0.06077449396252632
-0.060569994151592255 -0.04936448112130165 0.22729375958442688
-0.04406178742647171 -0.04242158308625221 0.21111176908016205
-0.02447555586695671 0.05163804814219475 -0.0027394432108849287
-0.04325222596526146 0.053048424422740936 0.017047598958015442
-0.02574942447245121 0.056408416479825974 0.010305623523890972
-0.05963693931698799 -0.031188281252980232 0.2344360202550888
-0.04505612701177597 -0.02508329227566719 0.22021439671516418
-0.026871295645833015 0.06126074492931366 0.021742485463619232
-0.04342016205191612 0.06420688331127167 0.042330656200647354
-0.02812107838690281 0.06793318688869476 0.03438287228345871
-0.04708672687411308 -0.017273420467972755 0.2409924417734146
-0.04771629348397255 -0.014776293188333511 0.24742843210697174
-0.02945093996822834 0.07506449520587921 0.04783068597316742
-0.044440917670726776 0.07535892724990845 0.06753277778625488
-0.030430767685174942 0.07971950620412827 0.057786427438259125
-0.04927660897374153 -0.012330915778875351 0.26367634534835815
-0.050994791090488434 -0.007079224567860365 0.28136518597602844
-0.03190790116786957 0.08607903122901917 0.07284732908010483
-0.05204048007726669 0.08646145462989807 0.09211058169603348
-0.03289705514907837 0.09084484726190567 0.08289258182048798
-0.051578588783741 -0.004839762579649687 0.28733935952186584
-0.053314611315727234 0.004664343316107988 0.3048788905143738
-0.034460946917533875 0.0992780402302742 0.09870319813489914
-0.03509446978569031 0.1031050756573677 0.1050754189491272
-0.05420513078570366 0.010030176490545273 0.3138371706008911
-0.055403389036655426 0.017383107915520668 0.32588061690330505
-0.037051428109407425 0.11332817375659943 0.12488605827093124
-0.03740988299250603 0.11486723273992538 0.12854121625423431
-0.05689723417162895 0.026390619575977325 0.34090760350227356
-0.05751417577266693 0.030008981004357338 0.34712162613868713
-0.03936784341931343 0.12114746868610382 0.14867515861988068
-0.040313996374607086 0.124144546687603 0.1584075391292572
-0.06897930055856705 0.04270920529961586 0.3670981228351593
-0.0594433955848217 0.04340121150016785 0.36638861894607544
-0.041658636182546616 0.12838420271873474 0.1722404509782791
-0.05975012853741646 0.13104231655597687 0.19257491827011108
-0.04329843819141388 0.1330828070640564 0.1891472190618515
-0.059738826006650925 0.04614971578121185 0.3692837059497833
-0.06093297898769379 0.05864912271499634 0.38087570667266846
-0.04390960559248924 0.1347154974937439 0.19545790553092957
-0.04598180949687958 0.13698269426822662 0.21711400151252747
-0.05267278477549553 0.1352458894252777 0.23679082095623016
-0.04746897518634796 0.13701468706130981 0.2327824980020523
-0.06207263469696045 0.0753740668296814 0.3915582597255707
-0.047957893460989 0.13706456124782562 0.2379305511713028
-0.04992189630866051 0.136871799826622 0.2586415708065033
-0.05199364945292473 0.13912872970104218 0.280293732881546
-0.0520472377538681 0.139225572347641 0.28085076808929443
-0.06323731690645218 0.09199333935976028 0.40251293778419495
-0.05411180108785629 0.14244049787521362 0.3023511469364166
-0.06052485108375549 0.1434873342514038 0.3231342136859894
-0.05584188923239708 0.14474402368068695 0.32039928436279297
-0.06435626745223999 0.10628233104944229 0.4131705164909363
-0.06664714962244034 0.10839400440454483 0.413779616355896
-0.0645081102848053 0.10816475749015808 0.4146212339401245
-0.056212153285741806 0.14534763991832733 0.3242530822753906
-0.05841176211833954 0.15051129460334778 0.3470219373703003
-0.07789705693721771 0.14750684797763824 0.36502987146377563
-0.05908666551113129 0.15258342027664185 0.35396942496299744
-0.06840744614601135 0.12654992938041687 0.42066627740859985
-0.06536505371332169 0.12608297169208527 0.422230064868927
-0.0606810487806797 0.15725913643836975 0.3703994154930115
-0.06377147138118744 0.15877290070056915 0.391669362783432
-0.06262291222810745 0.15919257700443268 0.39070847630500793
-0.06745399534702301 0.15173573791980743 0.40956518054008484
-0.06465275585651398 0.15062479674816132 0.4127776026725769
-0.06536849588155746 0.12929528951644897 0.4220116138458252
-0.06274175643920898 0.15926499664783478 0.39195510745048523
-0.06444551050662994 0.1531554013490677 0.41039302945137024
0.01610117219388485 -0.15023906528949738 -0.3709121644496918
0.025562360882759094 -0.15717728435993195 -0.3517690598964691
0.028737541288137436 -0.16138868033885956 -0.3404434621334076
0.028182288631796837 -0.16651329398155212 -0.33418598771095276
0.02647559717297554 -0.17255596816539764 -0.31572237610816956
0.026191433891654015 -0.17213554680347443 -0.3127613365650177
0.020829446613788605 -0.12502484023571014 -0.3816550374031067
0.03110508993268013 -0.12986019253730774 -0.3678923547267914
0.030786707997322083 -0.13603612780570984 -0.3640475273132324
0.02957480028271675 -0.15332768857479095 -0.34990549087524414
0.024275874719023705 -0.1673896610736847 -0.2929525077342987
0.023435339331626892 -0.16223345696926117 -0.28450432419776917
0.019535332918167114 -0.0998559519648552 -0.39296939969062805
0.03222394734621048 -0.10360229760408401 -0.38176509737968445
0.03181224688887596 -0.11450757086277008 -0.3765617907047272
0.021556086838245392 -0.148630291223526 -0.26578062772750854
0.029882820323109627 -0.08160889148712158 -0.3849337100982666
0.032254330813884735 -0.08193876594305038 -0.3838035464286804
0.021445009857416153 -0.14787445962429047 -0.26467010378837585
0.019588153809309006 -0.13540145754814148 -0.2460927516222
0.030904604122042656 -0.06610053032636642 -0.3708370625972748
0.018643300980329514 -0.12902218103408813 -0.23664234578609467
0.004048475995659828 -0.11970976740121841 -0.2343694120645523
0.017507916316390038 -0.12264663726091385 -0.2251838892698288
0.029378175735473633 -0.05916932225227356 -0.35530203580856323
0.028431614860892296 -0.05500348284840584 -0.3456580340862274
0.01592756249010563 -0.11212435364723206 -0.20936545729637146
0.012312296777963638 -0.10848784446716309 -0.20828619599342346
0.01551317609846592 -0.10953094810247421 -0.2052045613527298
0.026993578299880028 -0.04979994148015976 -0.3309174180030823
0.007098042871803045 -0.048301223665475845 -0.31119897961616516
0.025727853178977966 -0.04488050192594528 -0.31797000765800476
0.01393561065196991 -0.09465441107749939 -0.18976089358329773
0.024584611877799034 -0.03987652808427811 -0.3063199520111084
0.011154561303555965 -0.03711097314953804 -0.2855150103569031
0.023204728960990906 -0.03399507701396942 -0.29224589467048645
0.01259014755487442 -0.08109281212091446 -0.17665870487689972
0.009577394463121891 -0.07917953282594681 -0.1761930286884308
0.012430492788553238 -0.07947207242250443 -0.17510490119457245
0.022148409858345985 -0.029333990067243576 -0.28148460388183594
0.012751425616443157 -0.02593921683728695 -0.2600644826889038
0.020594889298081398 -0.023475652560591698 -0.2655790150165558
0.010356830433011055 -0.06668949872255325 -0.15426750481128693
0.019794216379523277 -0.020655803382396698 -0.25736555457115173
0.017054947093129158 -0.014747098088264465 -0.2343571037054062
0.017603160813450813 -0.014568151906132698 -0.234760120511055
0.009895924478769302 -0.06468414515256882 -0.14956976473331451
0.007859800942242146 -0.05569392070174217 -0.12882713973522186
0.01754715107381344 -0.014413200318813324 -0.2341821938753128
0.015300280414521694 -0.00817503035068512 -0.21100053191184998
-0.004595260135829449 -0.010759790427982807 -0.19286739826202393
0.014563468284904957 -0.005863104481250048 -0.2034197300672531
0.007443694397807121 -0.05377715080976486 -0.12459443509578705
0.005370793864130974 -0.04466448724269867 -0.1034739762544632
0.013021275401115417 -0.0012063081376254559 -0.18753819167613983
0.0014363820664584637 0.0004453396541066468 -0.16699601709842682
0.011496524326503277 0.0027269229758530855 -0.17178305983543396
0.005006507039070129 -0.043212149292230606 -0.09975048899650574
0.002748896600678563 -0.03672981262207031 -0.07647501677274704
-0.003062511794269085 -0.0346357636153698 -0.0761965662240982
0.002322507556527853 -0.03599570691585541 -0.07204015552997589
0.010811573825776577 0.004186837002635002 -0.16468116641044617
0.008672686293721199 0.007970032282173634 -0.14244265854358673
0.008048934862017632 0.009710277430713177 -0.1360078901052475
0.0006442283047363162 -0.033724576234817505 -0.05453537777066231
-0.00132752803619951 -0.03374107927083969 -0.03375662490725517
-0.006703533232212067 -0.030512893572449684 -0.03299783170223236
-0.0022104333620518446 -0.03359351307153702 -0.024464687332510948
0.006407323759049177 0.014628631994128227 -0.11909947544336319
0.005231118761003017 0.019351845607161522 -0.10707981139421463
-0.0034236875362694263 -0.030929289758205414 -0.011891303583979607
-0.012567874975502491 -0.019397307187318802 -0.00825535785406828
-0.004902709741145372 -0.023422054946422577 0.00309847854077816
0.0040018437430262566 0.02447277121245861 -0.09453247487545013
0.002691620495170355 0.030168166384100914 -0.08117770403623581
-0.023554472252726555 -0.001310831168666482 -0.0022442566696554422
-0.006187286227941513 -0.012943379580974579 0.015803594142198563
-0.008996186777949333 -0.00821069534868002 0.017382584512233734
-0.006644287146627903 -0.009237788617610931 0.02032533660531044
0.0015773591585457325 0.03474898636341095 -0.06979948282241821
-1.4681196262245066e-05 0.040280427783727646 -0.05346204712986946
-0.008645173162221909 -0.0019077820470556617 0.04082833230495453
-0.016901317983865738 0.0028895277064293623 0.0419313907623291
-0.010454053059220314 -0.005627258215099573 0.060184478759765625
-0.014947481453418732 -0.0041052126325666904 0.0603620819747448
-0.011934753507375717 -0.016807831823825836 0.07667423039674759
-0.013389891013503075 -0.02856958657503128 0.09294071048498154
-0.01499110646545887 -0.037010274827480316 0.1104830726981163
-0.01670943573117256 -0.04278840869665146 0.12904833257198334
-0.01848270744085312 -0.04731743410229683 0.14809346199035645
-0.02041262574493885 -0.0482851080596447 0.16850680112838745
-0.03240487724542618 -0.05330275371670723 0.18642233312129974
-0.020804794505238533 -0.04747261106967926 0.17257484793663025
-0.0429457388818264 -0.06039154529571533 0.2036672979593277
-0.0007358275470323861 0.04249483719468117 -0.046038590371608734
-0.002911505289375782 0.04711445793509483 -0.023478737100958824
-0.0032792198471724987 0.04803641885519028 -0.019677061587572098
-0.026528550311923027 -0.03508934751152992 0.19403371214866638
-0.022704582661390305 -0.0339561402797699 0.19152182340621948
-0.0436597540974617 -0.042227745056152344 0.21065324544906616
-0.005146989598870277 0.05309377238154411 -0.00039651815313845873
-0.006170360837131739 0.05736849457025528 0.010048226453363895
-0.023272285237908363 -0.028115272521972656 0.19704072177410126
-0.02422238141298294 -0.018827321007847786 0.20631568133831024
-0.042474377900362015 -0.02404964715242386 0.2178194522857666
-0.007652126252651215 0.06520359218120575 0.02504090964794159
-0.008359904401004314 0.0696619376540184 0.032145511358976364
-0.026037322357296944 -0.010096658952534199 0.2247481793165207
-0.04022910073399544 -0.012873021885752678 0.24333152174949646
-0.02691425196826458 -0.008654151111841202 0.23387444019317627
-0.013007020577788353 0.08260498195886612 0.052270542830228806
-0.010309738107025623 0.08296716958284378 0.05163660645484924
-0.028078123927116394 -0.008543397299945354 0.24612998962402344
-0.03000113181769848 -0.009668211452662945 0.266482949256897
-0.031613752245903015 -0.006954997777938843 0.2832608222961426
-0.010439204052090645 0.0837232917547226 0.05294087901711464
-0.018539760261774063 0.09372306615114212 0.07704448699951172
-0.012590311467647552 0.09487639367580414 0.07472360134124756
-0.0321674719452858 -0.005260880570858717 0.288961261510849
-0.033927034586668015 0.004816167056560516 0.3067034184932709
-0.012984886765480042 0.09675491601228714 0.0787324458360672
-0.024250872433185577 0.10483980923891068 0.10180149972438812
-0.014963831752538681 0.10639329254627228 0.09882113337516785
-0.0348699726164341 0.011335965245962143 0.31612250208854675
-0.03583706542849541 0.01828940585255623 0.3257617652416229
-0.015490693971514702 0.10887997597455978 0.10417572408914566
-0.027418317273259163 0.11597568541765213 0.12679991126060486
-0.017532724887132645 0.1170855388045311 0.1250428408384323
-0.03819655254483223 0.031781185418367386 0.34472036361694336
-0.03773271664977074 0.03182333707809448 0.3446637690067291
-0.017870670184493065 0.11814431846141815 0.12851998209953308
-0.020054176449775696 0.12294186651706696 0.15114820003509521
-0.020771993324160576 0.12494819611310959 0.1585530787706375
-0.03774796426296234 0.031922630965709686 0.34481653571128845
-0.039691437035799026 0.045091066509485245 0.3642514646053314
-0.02232278138399124 0.12967419624328613 0.17451970279216766
-0.023665418848395348 0.13427062332630157 0.18830320239067078
-0.04064301401376724 0.05289703235030174 0.37365955114364624
-0.0413777157664299 0.05950874835252762 0.3808770775794983
-0.02463849075138569 0.13747741281986237 0.19830262660980225
-0.026804953813552856 0.14188751578330994 0.22078199684619904
-0.026933155953884125 0.14201313257217407 0.22212296724319458
-0.0426558181643486 0.07564931362867355 0.3930648863315582
-0.028835175558924675 0.14320020377635956 0.24207139015197754
-0.030852828174829483 0.14422717690467834 0.26325103640556335
-0.05139271542429924 0.13940580189228058 0.2804565727710724
-0.03133488446474075 0.1449691653251648 0.2682718336582184
-0.04391859844326973 0.0918545201420784 0.40508612990379333
-0.03298003599047661 0.14774484932422638 0.2853875458240509
-0.035078875720500946 0.15061761438846588 0.30727627873420715
-0.035094019025564194 0.15063750743865967 0.3074342608451843
-0.04475817084312439 0.10161031782627106 0.4131592810153961
-0.04528213292360306 0.10763446986675262 0.4182027578353882
-0.037149425595998764 0.15284712612628937 0.32891789078712463
-0.04803834855556488 0.1547410488128662 0.34961816668510437
-0.03878045454621315 0.15661272406578064 0.3458062410354614
-0.046202078461647034 0.1252867579460144 0.42649656534194946
-0.03935609012842178 0.15817125141620636 0.35174840688705444
-0.04156090319156647 0.16345328092575073 0.37456274032592773
-0.04220147803425789 0.16370820999145508 0.38129258155822754
-0.04622302204370499 0.13491350412368774 0.4259536862373352
-0.04583047330379486 0.14839056134223938 0.420748233795166
-0.04353436827659607 0.16347555816173553 0.3953563868999481
-0.045195240527391434 0.1563912332057953 0.41341984272003174
0.030813585966825485 -0.16414721310138702 -0.33302539587020874
0.028219647705554962 -0.17117618024349213 -0.31502631306648254
0.03508038446307182 -0.131927028298378 -0.3620573580265045
0.04528168961405754 -0.13885968923568726 -0.3428439795970917
0.04773695394396782 -0.141339972615242 -0.3361068069934845
0.046858787536621094 -0.1502329409122467 -0.32614776492118835
0.0452275313436985 -0.15799060463905334 -0.3083430230617523
0.03644087165594101 -0.15995457768440247 -0.28894713521003723
0.043982796370983124 -0.157185897231102 -0.29529041051864624
0.03966312110424042 -0.10671389847993851 -0.37281399965286255
0.049781378358602524 -0.11117533594369888 -0.36004263162612915
0.04941796883940697 -0.11872729659080505 -0.35561418533325195
0.04822029918432236 -0.13634254038333893 -0.34159648418426514
0.04318120703101158 -0.1563117951154709 -0.2869129478931427
0.041205961257219315 -0.1473713219165802 -0.2668079137802124
0.05037699267268181 -0.08712600916624069 -0.3682264983654022
0.050266727805137634 -0.09317964315414429 -0.3665843904018402
0.04071782901883125 -0.1451513171195984 -0.26184025406837463
0.03871416300535202 -0.13635368645191193 -0.24142438173294067
0.04971694573760033 -0.06837670505046844 -0.3627583980560303
0.038281600922346115 -0.1346082240343094 -0.23700471222400665
0.03603776544332504 -0.1284390687942505 -0.21384955942630768
0.03251040354371071 -0.12650497257709503 -0.21342313289642334
0.0357157327234745 -0.12747447192668915 -0.21053262054920197
0.04888115078210831 -0.06167874485254288 -0.35448241233825684
0.047966498881578445 -0.054229892790317535 -0.34543508291244507
0.033584967255592346 -0.11493292450904846 -0.18907439708709717
0.046139348298311234 -0.044188372790813446 -0.3269779086112976
0.04575304314494133 -0.042037371546030045 -0.32307782769203186
0.03334638476371765 -0.11209497600793839 -0.18678541481494904
0.024922743439674377 -0.09723319113254547 -0.18179048597812653
0.03234253078699112 -0.09864183515310287 -0.17727436125278473
0.043309345841407776 -0.029859481379389763 -0.3007088601589203
0.043546706438064575 -0.029814807698130608 -0.3007979691028595
0.031072095036506653 -0.0824689269065857 -0.16516990959644318
0.0435308963060379 -0.029729725793004036 -0.3006381094455719
0.03800497204065323 -0.01873968541622162 -0.27591320872306824
0.041247401386499405 -0.017984656617045403 -0.27750730514526367
0.029652338474988937 -0.07295548170804977 -0.15096376836299896
0.018552932888269424 -0.0679522380232811 -0.15004226565361023
0.029013169929385185 -0.0696241483092308 -0.1444927453994751
0.04098474979400635 -0.016687585040926933 -0.2748424708843231
0.037763673812150955 -0.0075817713513970375 -0.25063714385032654
0.038674671202898026 -0.007308597676455975 -0.2512438893318176
0.02723783813416958 -0.06290625780820847 -0.12631797790527344
0.013642281293869019 -0.05682947486639023 -0.1252092868089676
0.02635517530143261 -0.05930798873305321 -0.117302305996418
0.03858480602502823 -0.006969266105443239 -0.2503238320350647
0.03634978458285332 -0.001000486663542688 -0.22724565863609314
0.021742135286331177 -0.0035520908422768116 -0.2086133062839508
0.03557657077908516 0.001149908290244639 -0.21926845610141754
0.02481243759393692 -0.05260925367474556 -0.10157699137926102
0.01031302846968174 -0.04569480940699577 -0.10022624582052231
0.02386029064655304 -0.04830336198210716 -0.09188524633646011
0.03410105034708977 0.005280086304992437 -0.20404769480228424
0.026179952546954155 0.007641036994755268 -0.18289314210414886
0.03250447288155556 0.009718185290694237 -0.18757577240467072
0.02240590937435627 -0.042741287499666214 -0.07700083404779434
0.020887626335024834 -0.03931539133191109 -0.061273615807294846
0.03186466172337532 0.011279902420938015 -0.1809575855731964
0.02980699948966503 0.013216457329690456 -0.15942852199077606
0.01931815594434738 0.01173966471105814 -0.14000006020069122
0.02844296582043171 0.014110253192484379 -0.1451258808374405
0.020237838849425316 -0.03829459846019745 -0.05450741946697235
0.018314747139811516 -0.03941747918725014 -0.034153711050748825
0.016449620947241783 -0.04185819253325462 -0.014306290075182915
0.005642390809953213 -0.037429410964250565 -0.013580940663814545
0.015374870970845222 -0.04104890301823616 -0.003045272082090378
0.027775047346949577 0.014568510465323925 -0.1381240040063858
0.025630051270127296 0.01849055476486683 -0.1158321425318718
0.024936407804489136 0.020844710990786552 -0.10870957374572754
0.014297384768724442 -0.03777152672410011 0.008048813790082932
0.0021510343067348003 -0.026295961812138557 0.01138672698289156
0.012926808558404446 -0.029846638441085815 0.021862713620066643
0.023294935002923012 0.02673499658703804 -0.0918797105550766
0.022240716964006424 0.031001757830381393 -0.08110929280519485
0.011529847979545593 -0.01969609595835209 0.03577810525894165
0.0076227071695029736 -0.015095049515366554 0.03720497712492943
0.010794025845825672 -0.017313610762357712 0.04334288090467453
0.02091395854949951 0.03602207079529762 -0.06752672046422958
0.019441012293100357 0.04071977362036705 -0.05237812548875809
0.009403090924024582 -0.016188664361834526 0.057910677045583725
0.007801619358360767 -0.024623533710837364 0.07545527070760727
0.00627667922526598 -0.03479833900928497 0.0923314243555069
0.004570784512907267 -0.0408591628074646 0.11078807711601257
0.0027021835558116436 -0.043220892548561096 0.1306658536195755
0.0007438613101840019 -0.04354281350970268 0.15132726728916168
-0.016461346298456192 -0.04617329686880112 0.1696900874376297
-0.00015124244964681566 -0.04197722300887108 0.16063526272773743
0.018635684624314308 0.04297417029738426 -0.0440707728266716
0.016466747969388962 0.047440528869628906 -0.02156980149447918
0.01614084653556347 0.04832538589835167 -0.018205782398581505
-0.0015088601503521204 -0.0371716134250164 0.1745600402355194
-0.002584200818091631 -0.030711211264133453 0.1853790432214737
0.014180893078446388 0.05456501618027687 0.0019523684168234468
0.013367871753871441 0.058156225830316544 0.010234761983156204
-0.005886888597160578 -0.016764799132943153 0.2030462920665741
-0.004348549526184797 -0.016623057425022125 0.2028534710407257
0.011615474708378315 0.06804533302783966 0.027916312217712402
0.011217192746698856 0.07061371207237244 0.031909503042697906
-0.0043992395512759686 -0.01630336418747902 0.20336227118968964
-0.008949913084506989 -0.005628129467368126 0.22805461287498474
-0.00679275207221508 -0.005404504481703043 0.2277195006608963
0.00935413595288992 0.08428522944450378 0.050457119941711426
-0.006859112996608019 -0.005222590174525976 0.22840435802936554
-0.008848289027810097 -0.0048430501483380795 0.24933525919914246
-0.010732505470514297 -0.0068497504107654095 0.26934942603111267
-0.011911598965525627 -0.005475364159792662 0.2816651463508606
0.008762678131461143 0.08805913478136063 0.05639028176665306
0.007258655969053507 0.09697571396827698 0.07153172045946121
-0.012875817716121674 -0.0029659525025635958 0.29162657260894775
-0.014386722818017006 0.005612681154161692 0.3068673312664032
0.0061334422789514065 0.10299032926559448 0.08291162550449371
0.004968652967363596 0.10884512215852737 0.0947212427854538
-0.015613548457622528 0.014431850053369999 0.31909552216529846
-0.01625116355717182 0.019278353080153465 0.3254300057888031
0.003639374626800418 0.11484850198030472 0.1082523763179779
0.00229324446991086 0.11908777803182602 0.12210100889205933
-0.018047939985990524 0.03322962671518326 0.34325700998306274
0.001389981247484684 0.12114404141902924 0.13145607709884644
-0.0007075564935803413 0.12398714572191238 0.15333344042301178
-0.0012992279371246696 0.12545959651470184 0.15945139527320862
-0.018566293641924858 0.0367179811000824 0.3484424948692322
-0.020015137270092964 0.046461571007966995 0.3629368841648102
-0.0029566085431724787 0.1302749216556549 0.17653416097164154
-0.004181636497378349 0.13482852280139923 0.18908174335956573
-0.021453479304909706 0.05751362442970276 0.37721681594848633
-0.02181032858788967 0.06041954085230827 0.38074663281440735
-0.005312887951731682 0.13900049030780792 0.20067143440246582
-0.023169931024312973 0.14247740805149078 0.22134533524513245
-0.00712553970515728 0.14393790066242218 0.2193806767463684
-0.023202646523714066 0.07607800513505936 0.3941762447357178
-0.007546300068497658 0.14493268728256226 0.22373555600643158
-0.009621785022318363 0.1472744345664978 0.24542029201984406
-0.02384989894926548 0.14662256836891174 0.26482507586479187
-0.010954650118947029 0.149310901761055 0.25930386781692505
-0.024523409083485603 0.09203848987817764 0.4068278670310974
-0.011752381920814514 0.15086916089057922 0.2675864100456238
-0.013902484439313412 0.15490734577178955 0.2899228632450104
-0.034877877682447433 0.15068984031677246 0.30732280015945435
-0.01455378532409668 0.15565459430217743 0.29672670364379883
-0.02536078914999962 0.10150153934955597 0.41490116715431213
-0.025913521647453308 0.10770625621080399 0.42023345828056335
-0.01595078408718109 0.15663103759288788 0.3113701641559601
-0.017956221476197243 0.15738028287887573 0.33244311809539795
-0.018845178186893463 0.15907633304595947 0.3416759967803955
-0.026839841157197952 0.12533164024353027 0.4285965859889984
-0.02012494020164013 0.16184166073799133 0.3549421727657318
-0.02226639911532402 0.16568335890769958 0.37720316648483276
-0.022390039637684822 0.16564911603927612 0.3785087466239929
-0.02686006762087345 0.1355874091386795 0.4279962182044983
-0.026485053822398186 0.14836445450782776 0.4230310618877411
-0.024177446961402893 0.16428664326667786 0.3974516689777374
-0.025818318128585815 0.15674751996994019 0.415340393781662
0.0527091845870018 -0.1458132266998291 -0.32389381527900696
0.05242167413234711 -0.15282483398914337 -0.30567583441734314
0.05546824261546135 -0.11360437422990799 -0.35306885838508606
0.06722401827573776 -0.11923288553953171 -0.33707213401794434
0.06701287627220154 -0.12270117551088333 -0.33457210659980774
0.06566820293664932 -0.13697431981563568 -0.31927040219306946
0.0640660971403122 -0.14539477229118347 -0.3017202913761139
0.06215076893568039 -0.14669418334960938 -0.28143441677093506
0.06127142533659935 -0.14435821771621704 -0.2723535895347595
0.054356642067432404 -0.0884341225028038 -0.36436590552330017
0.06832686066627502 -0.09304260462522507 -0.3507707417011261
0.06805747002363205 -0.10160577297210693 -0.3472527861595154
0.05991595610976219 -0.1407301276922226 -0.25835806131362915
0.05815392732620239 -0.13598157465457916 -0.2401672750711441
0.059804342687129974 -0.07022394239902496 -0.35679519176483154
0.06827431172132492 -0.07172912359237671 -0.35190755128860474
0.05768679827451706 -0.13489465415477753 -0.23533108830451965
0.05562504008412361 -0.13286496698856354 -0.21376623213291168
0.054414670914411545 -0.13022932410240173 -0.20122097432613373
0.06723818182945251 -0.05456724762916565 -0.3423505127429962
0.0532713457942009 -0.12419816106557846 -0.18965153396129608
0.0361039824783802 -0.11531820148229599 -0.1877831220626831
0.05241825431585312 -0.11712071299552917 -0.18122342228889465
0.05887742340564728 -0.040902022272348404 -0.3245304524898529
0.06550487875938416 -0.04034805670380592 -0.32521361112594604
0.05117929354310036 -0.10081493854522705 -0.1694612056016922
0.06531165540218353 -0.039180170744657516 -0.32327020168304443
0.06344486027956009 -0.02750789374113083 -0.30452457070350647
0.049720730632543564 -0.08543609827756882 -0.15531137585639954
0.06261410564184189 -0.02269584685564041 -0.29615217447280884
0.06129659339785576 -0.015040219761431217 -0.28287604451179504
0.04954356700181961 -0.08429178595542908 -0.15353526175022125
0.047452688217163086 -0.07347399741411209 -0.13236059248447418
0.05995742976665497 -0.007140811067074537 -0.26939114928245544
0.05910608544945717 -0.0027508449275046587 -0.2607682943344116
0.04702035337686539 -0.07177095860242844 -0.12793993949890137
0.04488002136349678 -0.0627976655960083 -0.10609789192676544
0.05747528374195099 0.004446316510438919 -0.24415452778339386
0.04345661401748657 0.0036208059173077345 -0.22479788959026337
0.05644522234797478 0.007553199306130409 -0.233546644449234
0.044596415013074875 -0.0615072175860405 -0.10321173816919327
0.04249487817287445 -0.0513298399746418 -0.08187395334243774
0.055231962352991104 0.010603833943605423 -0.22100386023521423
0.0498858243227005 0.014828928746283054 -0.19888877868652344
0.05328921601176262 0.015767306089401245 -0.20094166696071625
0.04210056737065315 -0.049608588218688965 -0.0778554379940033
0.03982694074511528 -0.04276207834482193 -0.05444006249308586
0.034095920622348785 -0.04136551171541214 -0.05442500114440918
0.039495278149843216 -0.04245555028319359 -0.05096949636936188
0.05299505218863487 0.016615577042102814 -0.1979091763496399
0.05079926922917366 0.02169221080839634 -0.17517374455928802
0.04037091135978699 0.018907580524683 -0.15624745190143585
0.04980919882655144 0.022613784298300743 -0.16481392085552216
0.037828877568244934 -0.04218049719929695 -0.033431537449359894
0.035984303802251816 -0.04508848488330841 -0.013763634487986565
0.0340578593313694 -0.04613514989614487 0.006619353778660297
0.02790474146604538 -0.044271282851696014 0.006777008064091206
0.03367431461811066 -0.04548998549580574 0.010609802789986134
0.0487566739320755 0.02328621596097946 -0.15377625823020935
0.04679306223988533 0.023084575310349464 -0.13306863605976105
0.03747029975056648 0.023036029189825058 -0.11297845095396042
0.045255836099386215 0.024929776787757874 -0.11701641231775284
0.0317925326526165 -0.039477378129959106 0.029962221160531044
0.02358422800898552 -0.03314407914876938 0.03166599199175835
0.03074764646589756 -0.036307863891124725 0.040721338242292404
0.04469984024763107 0.025829574093222618 -0.11122898012399673
0.042459309101104736 0.031923625618219376 -0.08810268342494965
0.04210324212908745 0.03315829113125801 -0.08444854617118835
0.029522063210606575 -0.032702650874853134 0.053350020200014114
0.017035087570548058 -0.022033648565411568 0.056343477219343185
0.027685144916176796 -0.03578468784689903 0.0729510560631752
0.01577732153236866 -0.02905256301164627 0.07446938753128052
0.02596655860543251 -0.04155699908733368 0.09151855856180191
0.009944560937583447 -0.036105915904045105 0.0921611487865448
0.024116573855280876 -0.044341932982206345 0.11123373359441757
0.017050812020897865 -0.04306187480688095 0.11108080297708511
0.023789923638105392 -0.04414043948054314 0.11465983092784882
0.040164873003959656 0.03924322500824928 -0.06450555473566055
0.03915399685502052 0.042245104908943176 -0.054091520607471466
0.02209244668483734 -0.04316781461238861 0.13246990740299225
0.019998736679553986 -0.040411729365587234 0.1543138325214386
0.019723670557141304 -0.03976840898394585 0.15716134011745453
0.03791172429919243 0.04562412574887276 -0.041269052773714066
0.02657412178814411 0.04942374303936958 -0.019870229065418243
0.03599151596426964 0.050431881099939346 -0.021416155621409416
0.01772426813840866 -0.033546097576618195 0.1777365505695343
0.016949286684393883 -0.02994351275265217 0.18561719357967377
0.03568723425269127 0.05135344713926315 -0.018282875418663025
0.03334231674671173 0.059820715337991714 0.005755161866545677
0.03323173150420189 0.06031838431954384 0.00688101164996624
0.015080696903169155 -0.01828898675739765 0.20438309013843536
-7.98498367657885e-05 -0.01672108843922615 0.20359738171100616
0.014888393692672253 -0.017107047140598297 0.2063157558441162
0.023657018318772316 0.07172123342752457 0.03045092709362507
0.031000973656773567 0.07243787497282028 0.029426369816064835
0.012602134607732296 -0.005221828352659941 0.2294645607471466
0.03074670396745205 0.07398752868175507 0.031982842832803726
0.02902458794414997 0.08563103526830673 0.04920615255832672
0.012520069256424904 -0.00491758668795228 0.23030519485473633
0.010397042147815228 -0.0014949607430025935 0.25240519642829895
0.007511693984270096 -0.001353941042907536 0.27316105365753174
0.008479868061840534 -0.0010862206108868122 0.2725750505924225
0.027965111657977104 0.0923825055360794 0.05983489751815796
0.026974445208907127 0.09851288050413132 0.06978783011436462
0.008403806015849113 -0.0010231294436380267 0.27337154746055603
0.006174880545586348 0.004807077348232269 0.2963964641094208
0.005555256735533476 0.008104581385850906 0.30266422033309937
0.025284042581915855 0.10849212855100632 0.08680896461009979
0.024821391329169273 0.11096034944057465 0.09148837625980377
0.0010732716182246804 0.020917054265737534 0.32314804196357727
0.0035519362427294254 0.021184055134654045 0.32273685932159424
0.022816048935055733 0.11975748836994171 0.11192196607589722
0.022173868492245674 0.1213207095861435 0.11856497079133987
0.0034548628609627485 0.021802185103297234 0.32371073961257935
0.001621191157028079 0.03456985950469971 0.3420203924179077
0.020680928602814674 0.12345503270626068 0.13412757217884064
0.018648585304617882 0.12481596320867538 0.15543551743030548
0.018157610669732094 0.12590377032756805 0.16052290797233582
0.000646415282972157 0.040807731449604034 0.35179734230041504
-0.0003892349486704916 0.04761934280395508 0.3621702492237091
0.016423292458057404 0.13056357204914093 0.17842870950698853
0.015221728943288326 0.13504698872566223 0.1907346248626709
-0.0064388723112642765 0.06134913116693497 0.38008683919906616
-0.0021739790681749582 0.06162140518426895 0.37986645102500916
0.014061052352190018 0.139424666762352 0.2026180624961853
0.012353521771728992 0.14447587728500366 0.22021056711673737
-0.002290043281391263 0.06272358447313309 0.3810020387172699
-0.0036638041492551565 0.07686830312013626 0.3943561613559723
0.011804819107055664 0.1458756923675537 0.22588150203227997
0.009694007225334644 0.14902059733867645 0.24787479639053345
0.008769364096224308 0.1508827805519104 0.2574705481529236
-0.005058472976088524 0.09251683950424194 0.40781131386756897
0.007516415789723396 0.15368375182151794 0.2704513669013977
0.005372286774218082 0.15758611261844635 0.29273566603660583
0.005273441784083843 0.15766213834285736 0.2937712073326111
-0.006055065896362066 0.1034766435623169 0.4174436330795288
-0.006476165261119604 0.10806819051504135 0.4215167760848999
0.0033753206953406334 0.15814274549484253 0.31373462080955505
0.0013972141314297915 0.15827062726020813 0.3345688283443451
0.0005980794667266309 0.15946318209171295 0.34289515018463135
-0.0073821512050926685 0.1257794052362442 0.42965880036354065
-0.0007229241309687495 0.16162757575511932 0.35664358735084534
-0.002784280339255929 0.1636481136083603 0.37820491194725037
-0.0036833228077739477 0.16292709112167358 0.3877358138561249
-0.007383068557828665 0.13366857171058655 0.4290427267551422
-0.006774010602384806 0.14988160133361816 0.4213387668132782
-0.004681919235736132 0.16194656491279602 0.3983363211154938
-0.0063440860249102116 0.15489159524440765 0.41641104221343994
0.07004338502883911 -0.12050411105155945 -0.3334404230117798
0.08078513294458389 -0.127432718873024 -0.31417572498321533
0.08320702612400055 -0.1334514319896698 -0.29823198914527893
0.08299314975738525 -0.13481077551841736 -0.29587048292160034
0.07313493639230728 -0.14150919020175934 -0.2784111797809601
0.08281472325325012 -0.13510727882385254 -0.29396679997444153
0.07464180141687393 -0.09529087692499161 -0.34419557452201843
0.08607528358697891 -0.09980948269367218 -0.33112481236457825
0.08574353903532028 -0.10765232145786285 -0.327006995677948
0.08452405780553818 -0.12477163225412369 -0.31279873847961426
0.0811544805765152 -0.13785302639007568 -0.27625417709350586
0.0790976881980896 -0.13593615591526031 -0.2547326385974884
0.07792403548955917 -0.1342151015996933 -0.24250179529190063
0.08651229739189148 -0.07642960548400879 -0.3375842869281769
0.08647595345973969 -0.07945957779884338 -0.336961030960083
0.07700369507074356 -0.13317370414733887 -0.23288626968860626
0.075033038854599 -0.13321514427661896 -0.21211710572242737
0.07363028824329376 -0.13080331683158875 -0.19752685725688934
0.08601293712854385 -0.05700206384062767 -0.333863228559494
0.0727875679731369 -0.127008855342865 -0.1889476776123047
0.07162055373191833 -0.11775090545415878 -0.17738455533981323
0.08488037437200546 -0.04318425431847572 -0.32302480936050415
0.07760927081108093 -0.04076102375984192 -0.32275283336639404
0.08470135182142258 -0.04100283980369568 -0.32131141424179077
0.07025163620710373 -0.10199367254972458 -0.16420939564704895
0.08290578424930573 -0.027046481147408485 -0.3034974932670593
0.06935866177082062 -0.09389731287956238 -0.15544183552265167
0.05341934785246849 -0.08585897088050842 -0.15378721058368683
0.06857147812843323 -0.08755017071962357 -0.14765030145645142
0.08190317451953888 -0.020342163741588593 -0.2934642732143402
0.08095485717058182 -0.013745841570198536 -0.28399455547332764
0.06660913676023483 -0.07623123377561569 -0.12786981463432312
0.06001776084303856 -0.07464957237243652 -0.12786202132701874
0.06639880686998367 -0.07518551498651505 -0.12573640048503876
0.07904984056949615 -0.0003161770582664758 -0.264985591173172
0.07904358208179474 -0.00027785837301053107 -0.2649226784706116
0.06415128707885742 -0.06519646942615509 -0.10284540057182312
0.054951515048742294 -0.06352797895669937 -0.1030438169836998
0.0639091357588768 -0.0641588643193245 -0.10037606954574585
0.07499788701534271 0.010867671109735966 -0.24004994332790375
0.07664109766483307 0.011116787791252136 -0.2405102401971817
0.061745766550302505 -0.05535150319337845 -0.0782780796289444
0.051493290811777115 -0.052394285798072815 -0.07807300239801407
0.061294905841350555 -0.05365798622369766 -0.0736614391207695
0.07656262069940567 0.011386243626475334 -0.2397046983242035
0.07437179237604141 0.016350362449884415 -0.21701249480247498
0.07339172810316086 0.018936801701784134 -0.20689015090465546
0.05943901836872101 -0.047751981765031815 -0.054573412984609604
0.058084841817617416 -0.04567205160856247 -0.040468730032444
0.0721270814538002 0.022539477795362473 -0.19384968280792236
0.06245574355125427 0.026083266362547874 -0.17239689826965332
0.07033290714025497 0.027561116963624954 -0.17534181475639343
0.05734318494796753 -0.04494767636060715 -0.0327109657227993
0.05546145886182785 -0.047010913491249084 -0.012718524783849716
0.05361083894968033 -0.0497814416885376 0.0070021916180849075
0.0520787313580513 -0.04948796331882477 0.023123513907194138
0.06988034397363663 0.02877459116280079 -0.17066916823387146
0.06779452413320541 0.03135136142373085 -0.14889414608478546
0.060821790248155594 0.030221248045563698 -0.12900769710540771
0.0663515105843544 0.032291341572999954 -0.13376294076442719
0.05160374194383621 -0.04899449273943901 0.028089614585042
0.04949458688497543 -0.045887261629104614 0.050068438053131104
0.03959937393665314 -0.04003297537565231 0.0514310859143734
0.048005953431129456 -0.04514346644282341 0.06569594144821167
0.06575801968574524 0.03280678763985634 -0.1275499016046524
0.06367172300815582 0.03539436683058739 -0.10577072203159332
0.04738178104162216 0.03427036106586456 -0.08673886954784393
0.0625879317522049 0.03794093802571297 -0.09455223381519318
0.047480735927820206 -0.04494677484035492 0.07121484726667404
0.04555465653538704 -0.04600175470113754 0.0915946438908577
0.043575841933488846 -0.045857787132263184 0.11243504285812378
0.04297034442424774 -0.04486299306154251 0.11873660981655121
0.0614672526717186 0.04066861793398857 -0.0829593762755394
0.057861510664224625 0.045508973300457 -0.06044536456465721
0.05934740975499153 0.04579829424619675 -0.06102833151817322
0.041440200060606 -0.04214831814169884 0.1346452385187149
0.03207419067621231 -0.038798511028289795 0.15605077147483826
0.039447538554668427 -0.0381971076130867 0.15532954037189484
0.05925941839814186 0.046019356697797775 -0.060118645429611206
0.05702665075659752 0.05193686485290527 -0.03706016391515732
0.056268446147441864 0.05433758348226547 -0.02926098182797432
0.03927755355834961 -0.03782496228814125 0.15709127485752106
0.03714006766676903 -0.03407364338636398 0.17931753396987915
0.03600793331861496 -0.03118005394935608 0.19101791083812714
0.05470189452171326 0.0599457323551178 -0.01319823693484068
0.03489089384675026 0.060646072030067444 0.006218018010258675
0.053575243800878525 0.06450513750314713 -0.0016877420712262392
0.03482408821582794 -0.02626432292163372 0.20310281217098236
0.03363405913114548 -0.019664648920297623 0.21511930227279663
0.05226960778236389 0.07039931416511536 0.011602901853621006
0.05116981267929077 0.07588735222816467 0.02275671437382698
0.03210855647921562 -0.009371207095682621 0.23037786781787872
0.01577562838792801 -0.005442014895379543 0.23040103912353516
0.03165315464138985 -0.006490565370768309 0.23494821786880493
0.04970987141132355 0.08375047892332077 0.03751722723245621
0.048961982131004333 0.08810359239578247 0.04505285248160362
0.029577381908893585 0.003330603474751115 0.2560427188873291
0.029176674783229828 0.00459174532443285 0.26016518473625183
0.047037553042173386 0.09966111183166504 0.0644148513674736
0.046855587512254715 0.10074800997972488 0.06624612957239151
0.02730374224483967 0.010177391581237316 0.279458224773407
0.012817122042179108 0.009845726191997528 0.2989635467529297
0.026265529915690422 0.01383939478546381 0.29010793566703796
0.03593926504254341 0.11230231821537018 0.08926820755004883
0.04473630711436272 0.11333803087472916 0.08757946640253067
0.024915840476751328 0.019621888175606728 0.30387169122695923
0.02384922467172146 0.02517569251358509 0.3146706521511078
0.04438582807779312 0.11510363221168518 0.09113263338804245
0.0404457151889801 0.12349596619606018 0.11499485373497009
0.042080726474523544 0.12366437166929245 0.1147436872124672
0.02238507941365242 0.032314278185367584 0.3295329213142395
0.021518439054489136 0.036872971802949905 0.3383035659790039
0.042030975222587585 0.12379678338766098 0.11525744199752808
0.03999381512403488 0.1252671778202057 0.13660742342472076
0.037998128682374954 0.12579470872879028 0.1575952023267746
0.0376431941986084 0.12646926939487457 0.16128185391426086
0.01981070078909397 0.04599829018115997 0.3555751144886017
0.019309593364596367 0.04908493906259537 0.3606107234954834
0.03581302985548973 0.1306285709142685 0.18023735284805298
0.034537170082330704 0.13489434123039246 0.1933434009552002
0.01758439838886261 0.06333835422992706 0.37765946984291077
0.033492282032966614 0.13854625821113586 0.2040642648935318
0.03157133236527443 0.14391115307807922 0.223880797624588
0.016688141971826553 0.07214509695768356 0.38640525937080383
0.016056155785918236 0.07842309772968292 0.39256688952445984
0.031247766688466072 0.14473092555999756 0.22722536325454712
0.029131857678294182 0.14799170196056366 0.24926318228244781
0.02794123999774456 0.1501241773366928 0.2616402208805084
0.014572563581168652 0.09369629621505737 0.40698882937431335
0.026982255280017853 0.1520185023546219 0.271595299243927
0.024899054318666458 0.1545356810092926 0.29334741830825806
0.02398008108139038 0.15493980050086975 0.3029991090297699
0.009933222085237503 0.10897044092416763 0.42104700207710266
0.013137116096913815 0.10917270183563232 0.4208873510360718
0.022896919399499893 0.15520985424518585 0.31439152359962463
0.02089427411556244 0.1558956354856491 0.335440069437027
0.019539983943104744 0.15773387253284454 0.3495651185512543
0.01240785513073206 0.12461262941360474 0.4273473024368286
0.01228927168995142 0.12712933123111725 0.4283972382545471
0.018795432522892952 0.15876838564872742 0.3573288023471832
0.01680704765021801 0.15912991762161255 0.3782528042793274
0.0049305991269648075 0.15929003059864044 0.39818912744522095
0.014959817752242088 0.15628235042095184 0.397943913936615
0.004229250364005566 0.15227530896663666 0.4163678288459778
0.013291994109749794 0.14935599267482758 0.41606804728507996
0.012289888225495815 0.12729457020759583 0.428377628326416
0.08356428146362305 -0.1344212293624878 -0.29566672444343567
0.09150709956884384 -0.10217337310314178 -0.3243498206138611
0.10293395072221756 -0.10909682512283325 -0.30502012372016907
0.10315000265836716 -0.10942001640796661 -0.3041541278362274
0.10177585482597351 -0.12094505876302719 -0.28875991702079773
0.10005272179841995 -0.12661398947238922 -0.2701526880264282
0.09258420020341873 -0.13020306825637817 -0.2512664794921875
0.0989258661866188 -0.12724965810775757 -0.25822797417640686
0.08816716820001602 -0.07701990008354187 -0.3358583152294159
0.10419418662786484 -0.08347730338573456 -0.3172150254249573
0.10415434837341309 -0.08533152937889099 -0.3166481554508209
0.10321322083473206 -0.10877922177314758 -0.3048711121082306
0.09812822192907333 -0.1277047097682953 -0.2497866451740265
0.09620479494333267 -0.12882012128829956 -0.22943004965782166
0.09433770924806595 -0.13121621310710907 -0.20956549048423767
0.09318792074918747 -0.1299336701631546 -0.19755131006240845
0.09245766699314117 -0.058818429708480835 -0.3283974528312683
0.10406351834535599 -0.06249355897307396 -0.3175024688243866
0.09215915203094482 -0.126531183719635 -0.1869805008172989
0.09096484631299973 -0.11778177320957184 -0.17508943378925323
0.10325499624013901 -0.04437095671892166 -0.31042009592056274
0.08947410434484482 -0.10253874212503433 -0.1605897843837738
0.10193298012018204 -0.028415769338607788 -0.29775485396385193
0.08892029523849487 -0.09774038195610046 -0.15513460338115692
0.08777608722448349 -0.0881706103682518 -0.14383652806282043
0.10147044062614441 -0.024313271045684814 -0.29320621490478516
0.10034184157848358 -0.013596490025520325 -0.2821636497974396
0.08599316328763962 -0.07603653520345688 -0.12601135671138763
0.08580490946769714 -0.07495547831058502 -0.12411333620548248
0.07935597002506256 -0.0002592553792055696 -0.26493534445762634
0.09864223748445511 0.0007649388280697167 -0.26539313793182373
0.08351818472146988 -0.06461237370967865 -0.100837342441082
0.08331893384456635 -0.0639132410287857 -0.0987931489944458
0.09830141812562943 0.002889733063057065 -0.26197028160095215
0.09632273763418198 0.012509843334555626 -0.24188292026519775
0.08125659078359604 -0.05803941190242767 -0.07752705365419388
0.08023400604724884 -0.055399131029844284 -0.06696094572544098
0.09583357721567154 0.01415176596492529 -0.2368585765361786
0.09365567564964294 0.01882183738052845 -0.21427933871746063
0.0930778756737709 0.02034887857735157 -0.20831181108951569
0.07903540879487991 -0.05238519236445427 -0.054569728672504425
0.07692066580057144 -0.04915102943778038 -0.032542139291763306
0.07232961803674698 -0.048087164759635925 -0.03255138918757439
0.07663291692733765 -0.04906368628144264 -0.029516857117414474
0.09140659123659134 0.02511044591665268 -0.1910783052444458
0.09010779857635498 0.029347777366638184 -0.1777283400297165
0.07495976984500885 -0.04941447451710701 -0.011858255602419376
0.07310061901807785 -0.051990993320941925 0.00793699361383915
0.07117436081171036 -0.053041812032461166 0.028318384662270546
0.06064525619149208 -0.05103428661823273 0.028129324316978455
0.07068296521902084 -0.05264253541827202 0.03346475586295128
0.08910825103521347 0.03251872584223747 -0.16744709014892578
0.08693300187587738 0.03712865337729454 -0.14489096403121948
0.08687087893486023 0.03722035139799118 -0.14424362778663635
0.0691232904791832 -0.05125519633293152 0.04978985711932182
0.06708825379610062 -0.0498330220580101 0.07112131267786026
0.055073488503694534 -0.046925947070121765 0.07114483416080475
0.06639894098043442 -0.04918971285223961 0.07833398878574371
0.08484988659620285 0.039643894881010056 -0.12313956767320633
0.07829268276691437 0.04151248186826706 -0.10205073654651642
0.08305183053016663 0.042635828256607056 -0.10442987829446793
0.06503957509994507 -0.048100728541612625 0.0925719290971756
0.0629783645272255 -0.04608352109789848 0.11413198709487915
0.062355756759643555 -0.044720280915498734 0.12058461457490921
0.08271331340074539 0.043374430388212204 -0.10092128813266754
0.08052141964435577 0.04836266115307808 -0.07821982353925705
0.07974124699831009 0.05019746348261833 -0.07014423608779907
0.06078263372182846 -0.04100798815488815 0.1368670016527176
0.059017591178417206 -0.03727506846189499 0.15517011284828186
0.07832855731248856 0.0533730648458004 -0.055509839206933975
0.06840483844280243 0.05674805864691734 -0.034145813435316086
0.07657867670059204 0.05838386341929436 -0.03746790811419487
0.05861121043562889 -0.036485087126493454 0.1593896895647049
0.05660565197467804 -0.03573305904865265 0.18046370148658752
0.054589204490184784 -0.03473353758454323 0.2016327828168869
0.05383759364485741 -0.034484416246414185 0.2016603648662567
0.05454328656196594 -0.03462536633014679 0.20210805535316467
0.07605788856744766 0.06015222519636154 -0.03212033212184906
0.07014250755310059 0.06792086362838745 -0.008681919425725937
0.0739179402589798 0.06868845969438553 -0.010247665457427502
0.05218888446688652 -0.023027781397104263 0.22599776089191437
0.07366078346967697 0.06980595737695694 -0.007626481354236603
0.06772878021001816 0.07906242460012436 0.01638801395893097
0.07144815474748611 0.07979900389909744 0.014896570704877377
0.052050165832042694 -0.021852968260645866 0.22736631333827972
0.0506378710269928 -0.008039167150855064 0.24115274846553802
0.07119739055633545 0.08096683025360107 0.017446380108594894
0.06194312497973442 0.09017859399318695 0.041137952357530594
0.06909041851758957 0.09138254821300507 0.038822438567876816
0.040272295475006104 0.005902102217078209 0.2580247223377228
0.049005892127752304 0.006607703398913145 0.25718802213668823
0.06866919994354248 0.09360073506832123 0.04308515414595604
0.05031611770391464 0.10125081241130829 0.06533356010913849
0.06689195334911346 0.10363833606243134 0.061016738414764404
0.048746395856142044 0.008413639850914478 0.2597791850566864
0.037169042974710464 0.01703847572207451 0.2830292284488678
0.046945974230766296 0.01944829896092415 0.27787595987319946
0.06604590266942978 0.10839695483446121 0.0695546343922615
0.0646483525633812 0.11570361256599426 0.08370175212621689
0.046081747859716415 0.024149946868419647 0.28660982847213745
0.03452074155211449 0.028178267180919647 0.3080768883228302
0.04462526738643646 0.03118811547756195 0.301399290561676
0.06355149298906326 0.12026289105415344 0.09489837288856506
0.06178790330886841 0.12516522407531738 0.11309336125850677
0.043605271726846695 0.0356081984937191 0.3117969334125519
0.034065280109643936 0.03933456540107727 0.3333326578140259
0.041928816586732864 0.04134194925427437 0.3290078639984131
0.061320770531892776 0.12613384425640106 0.11793895810842514
0.059314627200365067 0.12689916789531708 0.13901807367801666
0.05731924623250961 0.12741976976394653 0.1600031703710556
0.05724417418241501 0.12752187252044678 0.16078612208366394
0.041298095136880875 0.043217409402132034 0.33550533652305603
0.03390888124704361 0.050493113696575165 0.35861682891845703
0.03914996609091759 0.051147978752851486 0.35751229524612427
0.055217161774635315 0.130366250872612 0.18192024528980255
0.053632307797670364 0.1338118314743042 0.19834737479686737
0.03891603276133537 0.052529145032167435 0.35986778140068054
0.03738221526145935 0.06522177904844284 0.37502366304397583
0.05302441492676735 0.13537389039993286 0.20462916791439056
0.03883235529065132 0.1429441124200821 0.2272292822599411
0.05084865167737007 0.13999545574188232 0.22718976438045502
0.050247497856616974 0.14106017351150513 0.23344002664089203
0.027104228734970093 0.07977080345153809 0.39032378792762756
0.035997599363327026 0.0809127539396286 0.3883695602416992
0.048726748675107956 0.14339257776737213 0.2492799609899521
0.04228513687849045 0.1471203714609146 0.2711012065410614
0.0466536283493042 0.14568056166172028 0.2709440588951111
0.04629245400428772 0.145901620388031 0.274732381105423
0.03543208912014961 0.08689200133085251 0.39385437965393066
0.03452768921852112 0.09624370187520981 0.40264275670051575
0.04463457316160202 0.14673937857151031 0.29213592410087585
0.03282317891716957 0.15119943022727966 0.3137475550174713
0.04265940189361572 0.1468004733324051 0.3129444718360901
0.04168734326958656 0.14799919724464417 0.323092520236969
0.0332128182053566 0.11222904920578003 0.41523030400276184
0.04057159274816513 0.14942242205142975 0.3347368538379669
0.030738407745957375 0.15533402562141418 0.3570939898490906
0.038449469953775406 0.1528245359659195 0.3568289875984192
0.03782011941075325 0.153211310505867 0.36343008279800415
0.012479620054364204 0.1271587759256363 0.42834237217903137
0.03277407959103584 0.1319124698638916 0.4182923138141632
0.0364544540643692 0.15333683788776398 0.37781089544296265
0.034672513604164124 0.14900487661361694 0.3969317376613617
0.03313082456588745 0.13921087980270386 0.4139541685581207
0.10681942105293274 -0.11607702076435089 -0.28640612959861755
0.10415241867303848 -0.12310653924942017 -0.2684139311313629
0.1051090881228447 -0.08390181511640549 -0.31600528955459595
0.11591857671737671 -0.09082990884780884 -0.29673418402671814
0.12031061947345734 -0.09713268280029297 -0.27982547879219055
0.12018697708845139 -0.09863117337226868 -0.27840372920036316
0.1186131164431572 -0.10769378393888474 -0.26110029220581055
0.11690564453601837 -0.11371885985136032 -0.24262990057468414
0.11521362513303757 -0.12009508162736893 -0.22429440915584564
0.11350160837173462 -0.126016765832901 -0.20578430593013763
0.11346857994794846 -0.12601228058338165 -0.205436572432518
0.11151787638664246 -0.06568440794944763 -0.30834338068962097
0.12133210152387619 -0.07128581404685974 -0.29263952374458313
0.1212521642446518 -0.07800402492284775 -0.29126429557800293
0.11140458285808563 -0.12318530678749084 -0.18391142785549164
0.11045185476541519 -0.1172102615237236 -0.1743459403514862
0.11327327787876129 -0.04750201851129532 -0.30112308263778687
0.12114568054676056 -0.05053737387061119 -0.2923208773136139
0.1087595522403717 -0.10281802713871002 -0.1576547920703888
0.10783281922340393 -0.02937379851937294 -0.294585645198822
0.12054144591093063 -0.031552501022815704 -0.2874595522880554
0.10841541737318039 -0.10007105767726898 -0.15424633026123047
0.1070336252450943 -0.08856770396232605 -0.1405980885028839
0.11952487379312515 -0.014308064244687557 -0.2781151533126831
0.10543538630008698 -0.0771646574139595 -0.12466108798980713
0.10510560870170593 -0.0751703754067421 -0.1213442012667656
0.11807908117771149 0.0011246707290410995 -0.2641041576862335
0.10295254737138748 -0.06556173413991928 -0.09941840171813965
0.10255596786737442 -0.06439685821533203 -0.0953318327665329
0.11764807254076004 0.003934450447559357 -0.2597852647304535
0.11585945636034012 0.013291151262819767 -0.2416798323392868
0.10076235979795456 -0.060612305998802185 -0.076731838285923
0.098927803337574 -0.05817569047212601 -0.05759340524673462
0.1151549443602562 0.0157712884247303 -0.2344527244567871
0.11294423788785934 0.021187160164117813 -0.21158696711063385
0.11275295913219452 0.021714240312576294 -0.2096131592988968
0.09866417944431305 -0.0577545128762722 -0.054848842322826385
0.09658583998680115 -0.05534791201353073 -0.0331391841173172
0.0948679968714714 -0.053776439279317856 -0.01516200415790081
0.1107012927532196 0.027336088940501213 -0.18843959271907806
0.10973191261291504 0.030497988685965538 -0.178475484251976
0.09453288465738297 -0.05351833626627922 -0.011651206761598587
0.09257619827985764 -0.05387739837169647 0.008995943702757359
0.09062201529741287 -0.054293546825647354 0.02962116152048111
0.0897984728217125 -0.05363911762833595 0.03824738413095474
0.10840567201375961 0.034682564437389374 -0.16483213007450104
0.08905946463346481 0.03744324669241905 -0.14457324147224426
0.10662959516048431 0.03893870487809181 -0.14645422995090485
0.08857578039169312 -0.052616678178310394 0.051050469279289246
0.08653271943330765 -0.05101214349269867 0.07245198637247086
0.08560159802436829 -0.049818407744169235 0.08216899633407593
0.10620608925819397 0.039845675230026245 -0.1420634686946869
0.10414310544729233 0.04190334677696228 -0.12048786878585815
0.10273364931344986 0.044029586017131805 -0.10580434650182724
0.08444013446569443 -0.04828156158328056 0.09428612142801285
0.0823318213224411 -0.04519345238804817 0.11625759303569794
0.08186503499746323 -0.04405480623245239 0.12108606100082397
0.1020141988992691 0.0454595573246479 -0.09833655506372452
0.09980542212724686 0.050831638276576996 -0.07548762857913971
0.09946553409099579 0.05177047476172447 -0.07198044657707214
0.08011471480131149 -0.03963208198547363 0.1391792595386505
0.07854132354259491 -0.036548566073179245 0.15551437437534332
0.09757540374994278 0.05668678879737854 -0.05245311185717583
0.09641799330711365 0.06044241413474083 -0.040554776787757874
0.07796615362167358 -0.03562883287668228 0.16150231659412384
0.07602947950363159 -0.036442968994379044 0.1819746345281601
0.07410763204097748 -0.03759411722421646 0.202317476272583
0.07347138971090317 -0.036412958055734634 0.208928182721138
0.09525134414434433 0.06467985361814499 -0.02859724685549736
0.09378097951412201 0.07084713131189346 -0.01359244342893362
0.07177252322435379 -0.029349952936172485 0.22626979649066925
0.054798468947410583 -0.023317454382777214 0.2270505428314209
0.07112335413694382 -0.02478848211467266 0.2327486276626587
0.09282137453556061 0.07508078217506409 -0.003816339187324047
0.0913066565990448 0.08193854987621307 0.011601055040955544
0.06969265639781952 -0.009292042814195156 0.24659554660320282
0.09035179018974304 0.08638216555118561 0.021310504525899887
0.08891937881708145 0.09339737892150879 0.03584817796945572
0.06834831088781357 0.006568904500454664 0.2595035433769226
0.08780090510845184 0.0995321273803711 0.04714753106236458
0.08672991394996643 0.10569114983081818 0.0579446405172348
0.0681149810552597 0.008959764614701271 0.26177266240119934
0.06684046238660812 0.02173973247408867 0.27418920397758484
0.08516734093427658 0.11456169933080673 0.07370666414499283
0.08448182046413422 0.11773745715618134 0.08067850023508072
0.0615503303706646 0.03539117053151131 0.2923966944217682
0.06514902412891388 0.036135610193014145 0.2908709943294525
0.08280917257070541 0.12333023548126221 0.09786044806241989
0.08140191435813904 0.1262727826833725 0.1124560609459877
0.06485459208488464 0.03824000805616379 0.29380661249160767
0.05687425658106804 0.04651569947600365 0.31725195050239563
0.06296692788600922 0.04846050590276718 0.3128872513771057
0.08065202832221985 0.1275285929441452 0.12025845795869827
0.0786345824599266 0.12855082750320435 0.14143627882003784
0.060833897441625595 0.12779970467090607 0.16047394275665283
0.07700285315513611 0.12924006581306458 0.15857595205307007
0.06230580434203148 0.05134229362010956 0.3196253180503845
0.06020307168364525 0.05430347099900246 0.34154802560806274
0.05954938381910324 0.05557066947221756 0.34833580255508423
0.07662160694599152 0.12947136163711548 0.16257502138614655
0.07463328540325165 0.12983150780200958 0.18349847197532654
0.06597162038087845 0.13198865950107574 0.2045057713985443
0.07263653725385666 0.13038316369056702 0.20449550449848175
0.07226300239562988 0.13076891005039215 0.20840103924274445
0.05784808471798897 0.0629996657371521 0.3656740188598633
0.05728884041309357 0.06756442785263062 0.37120503187179565
0.07055775076150894 0.13280001282691956 0.22620908915996552
0.06726942956447601 0.13614872097969055 0.24817320704460144
0.06845978647470474 0.1356528252363205 0.24809017777442932
0.06835087388753891 0.13579149544239044 0.24922685325145721
0.056103453040122986 0.08409633487462997 0.3823847770690918
0.06640133261680603 0.1376073807477951 0.2696261703968048
0.05772818997502327 0.14022716879844666 0.29081201553344727
0.06445962190628052 0.13690771162509918 0.2901424467563629
0.06338822841644287 0.13637995719909668 0.3014741837978363
0.04325905069708824 0.09806157648563385 0.3989105820655823
0.055012717843055725 0.10102773457765579 0.3925354778766632
0.06251895427703857 0.1361844837665558 0.31064969301223755
0.04985236003994942 0.14431816339492798 0.3336088955402374
0.06048697605729103 0.13753710687160492 0.3319544494152069
0.05914180725812912 0.13999150693416595 0.34593454003334045
0.04801958426833153 0.11626658588647842 0.40641605854034424
0.05411439761519432 0.11877132207155228 0.40059414505958557
0.05834142118692398 0.14147187769412994 0.3542511761188507
0.04678994044661522 0.14844539761543274 0.3768625259399414
0.056345563381910324 0.14200331270694733 0.3752404451370239
0.048358041793107986 0.1414477527141571 0.3952566087245941
0.05467410758137703 0.13515953719615936 0.3933963179588318
0.03937224671244621 0.13437066972255707 0.41264915466308594
0.12074118107557297 -0.09780304878950119 -0.27803125977516174
0.12082579731941223 -0.10481186211109161 -0.2597779333591461
0.11878205835819244 -0.11183669418096542 -0.24172662198543549
0.11696935445070267 -0.11885979026556015 -0.22365334630012512
0.11373794078826904 -0.12589356303215027 -0.20571473240852356
0.12336505949497223 -0.07260468602180481 -0.28897377848625183
0.1289212703704834 -0.07957230508327484 -0.27020126581192017
0.13145282864570618 -0.08656270056962967 -0.251715749502182
0.13419468700885773 -0.09355150908231735 -0.2332102656364441
0.13505257666110992 -0.0950542539358139 -0.22920046746730804
0.13394416868686676 -0.10504359751939774 -0.21672828495502472
0.1323828399181366 -0.11439082771539688 -0.19953419268131256
0.12918519973754883 -0.11461756378412247 -0.17894981801509857
0.1305336356163025 -0.1141282469034195 -0.18006908893585205
0.1290425956249237 -0.054392777383327484 -0.2813812792301178
0.13742290437221527 -0.06133913993835449 -0.2623407542705536
0.1378292441368103 -0.061798933893442154 -0.26109740138053894
0.13671015202999115 -0.07823948562145233 -0.24800090491771698
0.1353507936000824 -0.09217878431081772 -0.23257100582122803
0.13039270043373108 -0.11398939043283463 -0.17859488725662231
0.12828920781612396 -0.10206645727157593 -0.15737511217594147
0.138071671128273 -0.036155641078948975 -0.2734707295894623
0.1387363076210022 -0.03643502667546272 -0.27266740798950195
0.13790541887283325 -0.06056976690888405 -0.26199766993522644
0.12775495648384094 -0.09886475652456284 -0.15199923515319824
0.12633836269378662 -0.08876550942659378 -0.13787297904491425
0.138535276055336 -0.01574823632836342 -0.2721899151802063
0.13874296844005585 -0.03476715832948685 -0.27286994457244873
0.1249653622508049 -0.08028797060251236 -0.12407732754945755
0.12422030419111252 -0.07617033272981644 -0.11655288189649582
0.13745857775211334 0.0012424178421497345 -0.26219186186790466
0.12249431759119034 -0.06895332783460617 -0.09893771260976791
0.12147760391235352 -0.06621172279119492 -0.08844145387411118
0.13703098893165588 0.00415437575429678 -0.2579171061515808
0.13534125685691833 0.013840694911777973 -0.24087975919246674
0.12030013650655746 -0.06391299515962601 -0.07621622830629349
0.11828882247209549 -0.06303015351295471 -0.05509196221828461
0.10303930938243866 -0.05901573598384857 -0.05493606626987457
0.11728525161743164 -0.06237194314599037 -0.04456896707415581
0.13449688255786896 0.016922980546951294 -0.23222659528255463
0.1212611123919487 0.02237563394010067 -0.21036061644554138
0.1324673742055893 0.02324562892317772 -0.21134214103221893
0.1162463128566742 -0.061438094824552536 -0.03369523584842682
0.11414169520139694 -0.05843396484851837 -0.011756020598113537
0.10020288825035095 -0.05488680675625801 -0.011660970747470856
0.11340413987636566 -0.05721843242645264 -0.004080414772033691
0.1322130262851715 0.024002017453312874 -0.20872189104557037
0.12997043132781982 0.030142907053232193 -0.1855776011943817
0.12939824163913727 0.031826384365558624 -0.17968159914016724
0.1120404377579689 -0.055506326258182526 0.010153809562325478
0.11001268029212952 -0.054249610751867294 0.03142170608043671
0.10919566452503204 -0.0534466914832592 0.039967332035303116
0.12773838639259338 0.036044057458639145 -0.16252540051937103
0.12606368958950043 0.03928687050938606 -0.14513543248176575
0.10795434564352036 -0.05229781195521355 0.05295663699507713
0.10590983927249908 -0.05066029727458954 0.07437082380056381
0.1050693616271019 -0.04932811111211777 0.08312168717384338
0.12558697164058685 0.04011216014623642 -0.1401774287223816
0.12356241047382355 0.04129598289728165 -0.11893753707408905
0.12184498459100723 0.043015431612730026 -0.10097645968198776
0.10377997159957886 -0.04708219692111015 0.09653055667877197
0.10148078203201294 -0.042426351457834244 0.11909311264753342
0.10160496830940247 -0.04241568595170975 0.11907956004142761
0.1214902400970459 0.04356234520673752 -0.09728176146745682
0.11929628252983093 0.04859769344329834 -0.0745621994137764
0.11858360469341278 0.05078476667404175 -0.06722583621740341
0.10160186886787415 -0.04240741953253746 0.11911159753799438
0.09938011318445206 -0.036740176379680634 0.14207392930984497
0.09826597571372986 -0.03497394919395447 0.15367403626441956
0.11700888723134995 0.055757105350494385 -0.051026612520217896
0.11575435101985931 0.0603780634701252 -0.03817341849207878
0.09728368371725082 -0.03392229229211807 0.16394159197807312
0.09537998586893082 -0.03548610955476761 0.1841259002685547
0.09344154596328735 -0.036260057240724564 0.20461365580558777
0.0930478647351265 -0.03546380624175072 0.20869892835617065
0.11463827639818192 0.06480859965085983 -0.026764120906591415
0.11318403482437134 0.0710643082857132 -0.011936252936720848
0.09112026542425156 -0.028330178931355476 0.22844523191452026
0.09051601588726044 -0.024615181609988213 0.23451784253120422
0.1121981218457222 0.07544094324111938 -0.001894308254122734
0.11071339249610901 0.08217126131057739 0.013217229396104813
0.08891220390796661 -0.009849430061876774 0.25024688243865967
0.10972511768341064 0.08682020008563995 0.023262454196810722
0.10835187137126923 0.09373878687620163 0.03718436136841774
0.08773186057806015 0.0038606668822467327 0.2615973651409149
0.07962236553430557 0.006198299117386341 0.2617590129375458
0.08755174279212952 0.0059434822760522366 0.2633301317691803
0.10713763535022736 0.10080216079950333 0.04941911622881889
0.10623329132795334 0.10633177310228348 0.05851010978221893
0.08635507524013519 0.022427763789892197 0.2746325731277466
0.1044619083404541 0.11679038405418396 0.07634654641151428
0.10404953360557556 0.11864964663982391 0.08054447174072266
0.0851663127541542 0.03894541412591934 0.285849004983902
0.10215447098016739 0.12440543621778488 0.10005718469619751
0.10087672621011734 0.1267928183078766 0.11333215981721878
0.07996425032615662 0.05369894951581955 0.30119788646698
0.08378496021032333 0.054650142788887024 0.2991594076156616
0.10001777112483978 0.12813900411128998 0.12227663397789001
0.09797846525907516 0.12965817749500275 0.14364536106586456
0.09663408249616623 0.13042034208774567 0.1577513962984085
0.08332367986440659 0.05923576280474663 0.3036563992500305
0.07430341839790344 0.06481606513261795 0.3259596526622772
0.08196396380662918 0.06849920004606247 0.31724968552589417
0.0646502822637558 0.05773395672440529 0.3432888686656952
0.09595602005720139 0.13079406321048737 0.1648668348789215
0.09404626488685608 0.12936797738075256 0.18510405719280243
0.09218230098485947 0.12690092623233795 0.20494136214256287
0.09065216779708862 0.1267065405845642 0.22108061611652374
0.08050607889890671 0.07844943553209305 0.3318229615688324
0.07905062288045883 0.07773756980895996 0.34721633791923523
0.07784464210271835 0.07600244879722595 0.3515947163105011
0.06420103460550308 0.06889030337333679 0.3685452342033386
0.0902121290564537 0.12684839963912964 0.2257062792778015
0.08814896643161774 0.12890994548797607 0.24728336930274963
0.08644973486661911 0.1305037885904312 0.26506268978118896
0.07842453569173813 0.08092892169952393 0.3535606265068054
0.07741624861955643 0.09237433224916458 0.3632776737213135
0.06864505261182785 0.08709293603897095 0.3760206699371338
0.08609124273061752 0.13084788620471954 0.26881298422813416
0.08418836444616318 0.12926550209522247 0.2889901399612427
0.0682273730635643 0.13329675793647766 0.31005364656448364
0.08239363878965378 0.1252242624759674 0.3082226812839508
0.0755821093916893 0.12634266912937164 0.3289968967437744
0.0806366428732872 0.1203252449631691 0.3271256685256958
0.07738271355628967 0.11934677511453629 0.347413033246994
0.07890111953020096 0.11493788659572601 0.34584105014801025
0.07595574110746384 0.11232658475637436 0.3655228912830353
0.0773371234536171 0.10565107315778732 0.3630583584308624
0.06751690059900284 0.10525362193584442 0.3829673230648041
0.06324782222509384 0.13740955293178558 0.35312536358833313
0.06761546432971954 0.13043297827243805 0.37178513407707214
0.06346940994262695 0.12339232861995697 0.38963696360588074
0.13839994370937347 -0.10052930563688278 -0.21456590294837952
0.1393912136554718 -0.10753129422664642 -0.1962265521287918
0.14382897317409515 -0.06830036640167236 -0.24348753690719604
0.1502303034067154 -0.07526163011789322 -0.2246347814798355
0.1531262993812561 -0.07891280204057693 -0.21479938924312592
0.1524858921766281 -0.08569908142089844 -0.20751287043094635
0.15093055367469788 -0.09518267959356308 -0.19037117063999176
0.14902667701244354 -0.09674262255430222 -0.1701853722333908
0.14895547926425934 -0.09651738405227661 -0.169452965259552
0.1502821147441864 -0.043073173612356186 -0.25406670570373535
0.15547971427440643 -0.0474439412355423 -0.24209469556808472
0.15504106879234314 -0.05410226434469223 -0.23694422841072083
0.15382108092308044 -0.07121019810438156 -0.22273164987564087
0.14672663807868958 -0.08929553627967834 -0.14653927087783813
0.14619725942611694 -0.08662429451942444 -0.14117276668548584
0.1511973887681961 -0.01788766123354435 -0.2651713788509369
0.15690651535987854 -0.01988624967634678 -0.25931549072265625
0.15616874396800995 -0.03489575907588005 -0.25035059452056885
0.14429739117622375 -0.0789109617471695 -0.1217646449804306
0.143612340092659 -0.0759996548295021 -0.11477690935134888
0.1566157191991806 0.00042160708107985556 -0.2578619718551636
0.15664777159690857 -0.000942512066103518 -0.2580915689468384
0.14195209741592407 -0.07043509185314178 -0.09772330522537231
0.1406095027923584 -0.06713908910751343 -0.0838371217250824
0.15657469630241394 0.0007189897587522864 -0.25745323300361633
0.15450076758861542 0.013029905036091805 -0.23657569289207458
0.13976386189460754 -0.06553028523921967 -0.07505388557910919
0.13776366412639618 -0.06489992886781693 -0.05402662605047226
0.1362157016992569 -0.06414957344532013 -0.037774499505758286
0.15399104356765747 0.014613929204642773 -0.2313300222158432
0.15174439549446106 0.022930821403861046 -0.2083156555891037
0.13574069738388062 -0.06375241279602051 -0.03280068188905716
0.1336170881986618 -0.06031648442149162 -0.010695578530430794
0.13258226215839386 -0.05795068293809891 2.1340996681828983e-05
0.1516367644071579 0.02329404652118683 -0.2072102129459381
0.1493230164051056 0.03105265088379383 -0.18344444036483765
0.14888416230678558 0.03239334002137184 -0.17892639338970184
0.13143044710159302 -0.055447425693273544 0.011960103176534176
0.1293245255947113 -0.05241392180323601 0.0339106060564518
0.12890328466892242 -0.05194396898150444 0.038312170654535294
0.14714425802230835 0.03574211150407791 -0.16085773706436157
0.14522647857666016 0.03848990052938461 -0.1408669650554657
0.1272713840007782 -0.050580184906721115 0.05540017783641815
0.12524661421775818 -0.04939137026667595 0.0766419842839241
0.12465974688529968 -0.04832024499773979 0.08274120092391968
0.1450398564338684 0.038741253316402435 -0.13892044126987457
0.1429963856935501 0.04035520926117897 -0.11751530319452286
0.1410374641418457 0.04234377294778824 -0.09703078120946884
0.12308013439178467 -0.044980719685554504 0.0991215631365776
0.12147478014230728 -0.04022840037941933 0.11566108465194702
0.14092977344989777 0.04249519482254982 -0.09590807557106018
0.13878560066223145 0.046398669481277466 -0.07362335175275803
0.13763681054115295 0.04952524974942207 -0.06176592409610748
0.12080071121454239 -0.03800256550312042 0.12258751690387726
0.11857516318559647 -0.03224913030862808 0.14558295905590057
0.11833252012729645 -0.031956277787685394 0.14811663329601288
0.13652303814888 0.0529935285449028 -0.050304654985666275
0.13483241200447083 0.05922343581914902 -0.032983697950839996
0.11654648929834366 -0.030971629545092583 0.16685883700847626
0.11464591324329376 -0.032606400549411774 0.18701589107513428
0.10245035588741302 -0.034118495881557465 0.2062736600637436
0.1132054477930069 -0.032061852514743805 0.20215168595314026
0.1341579407453537 0.061919476836919785 -0.02609039470553398
0.13224537670612335 0.06983912736177444 -0.00656479736790061
0.112615667283535 -0.031293150037527084 0.2083055078983307
0.1071641594171524 -0.022923287004232407 0.23201999068260193
0.11036167293787003 -0.0225298460572958 0.2313619703054428
0.1317417025566101 0.07200833410024643 -0.0014293770072981715
0.12975437939167023 0.08086015284061432 0.018810030072927475
0.11021805554628372 -0.021627770736813545 0.2328038215637207
0.10853561013936996 -0.008702169172465801 0.249507337808609
0.12928076088428497 0.08311321586370468 0.023621974512934685
0.12746210396289825 0.09271997213363647 0.04202425479888916
0.09687812626361847 0.006328186951577663 0.26339656114578247
0.10710413753986359 0.00679100351408124 0.26336267590522766
0.12667247653007507 0.09756826609373093 0.049960389733314514
0.1254350244998932 0.10569916665554047 0.06235519424080849
0.10670583695173264 0.013377789407968521 0.2670373022556305
0.1060766726732254 0.023989470675587654 0.2728254795074463
0.12394137680530548 0.11481529474258423 0.07737142592668533
0.12325949966907501 0.11805181205272675 0.08429999649524689
0.10531040281057358 0.04229041934013367 0.2794484496116638
0.1215892881155014 0.1234455332159996 0.10147207230329514
0.12013913691043854 0.12641634047031403 0.11651748418807983
0.10449128597974777 0.06036829203367233 0.2866460382938385
0.11943087726831436 0.1276727169752121 0.12388115376234055
0.11736449599266052 0.12980742752552032 0.14548635482788086
0.1160622239112854 0.1307433694601059 0.1591348946094513
0.08883830904960632 0.07193492352962494 0.30909374356269836
0.1035321056842804 0.07785498350858688 0.29536640644073486
0.1153310090303421 0.13119439780712128 0.16680429875850677
0.11345180124044418 0.12907379865646362 0.18677470088005066
0.11165029555559158 0.12518663704395294 0.20606644451618195
0.09862694144248962 0.1252250075340271 0.22585000097751617
0.10977144539356232 0.12305799871683121 0.2260337471961975
0.10917048156261444 0.12318932265043259 0.23235595226287842
0.0917452946305275 0.09012597054243088 0.31642332673072815
0.10273843258619308 0.0960402637720108 0.3022873103618622
0.08232230693101883 0.083045594394207 0.3337743580341339
0.10776630789041519 0.12380031496286392 0.24710403382778168
0.09094427525997162 0.1293174773454666 0.2686651945114136
0.10580617189407349 0.12351969629526138 0.2677813172340393
0.09972362220287323 0.12237410992383957 0.28774362802505493
0.1040276437997818 0.1191101223230362 0.28687232732772827
0.09605293720960617 0.11533702909946442 0.3056405484676361
0.10277534276247025 0.10273690521717072 0.3013671934604645
0.08904492110013962 0.10827483236789703 0.32322078943252563
0.08325830847024918 0.10122182965278625 0.3409169018268585
0.07967636734247208 0.09418541938066483 0.3588222563266754
0.15562765300273895 -0.08223045617341995 -0.20587728917598724
0.15576700866222382 -0.08923885226249695 -0.18761879205703735
0.14939114451408386 -0.0962962955236435 -0.1699785739183426
0.1583106964826584 -0.0500221885740757 -0.23505951464176178
0.16530542075634003 -0.0569789856672287 -0.2161504477262497
0.16918615996837616 -0.06395922601222992 -0.1975368857383728
0.168092280626297 -0.07097690552473068 -0.1793954223394394
0.16279730200767517 -0.07802621275186539 -0.16165263950824738
0.1509324014186859 -0.08512496948242188 -0.14453332126140594
0.16350486874580383 -0.024804463610053062 -0.24575816094875336
0.1680745631456375 -0.031779512763023376 -0.22707922756671906
0.17218582332134247 -0.037075016647577286 -0.21282455325126648
0.1719428300857544 -0.04231766238808632 -0.209848091006279
0.17076903581619263 -0.06047599017620087 -0.19603902101516724
0.1691644936800003 -0.06884101778268814 -0.17846760153770447
0.1672990769147873 -0.07127508521080017 -0.15861761569976807
0.16535811126232147 -0.07199165970087051 -0.13810782134532928
0.1550125777721405 -0.07393452525138855 -0.11884712427854538
0.1642080545425415 -0.07074840366840363 -0.12608763575553894
0.15720565617084503 0.0003267361025791615 -0.2575474977493286
0.1699964851140976 -0.00658642640337348 -0.23808839917182922
0.17243249714374542 -0.0135775376111269 -0.21961194276809692
0.17259488999843597 -0.013813115656375885 -0.21898014843463898
0.1633087694644928 -0.07024411857128143 -0.11665136367082596
0.16117611527442932 -0.06660255044698715 -0.09446725994348526
0.1604299247264862 -0.06516025215387344 -0.08671865612268448
0.15991654992103577 0.01150687225162983 -0.231991246342659
0.1705239862203598 0.0045772697776556015 -0.21273934841156006
0.1716446727514267 0.0037114459555596113 -0.21035733819007874
0.15904955565929413 -0.06309983134269714 -0.07233649492263794
0.15705694258213043 -0.06264213472604752 -0.05137556418776512
0.15604326128959656 -0.062140632420778275 -0.04073357954621315
0.1530686318874359 0.022615056484937668 -0.20734211802482605
0.16988836228847504 0.017833516001701355 -0.19297026097774506
0.15503641963005066 -0.06154976785182953 -0.030170807614922523
0.15293776988983154 -0.05868144333362579 -0.008283765986561775
0.15220190584659576 -0.056819330900907516 -0.0006772295455448329
0.16913607716560364 0.021493133157491684 -0.18533332645893097
0.1674795150756836 0.029201269149780273 -0.168488547205925
0.15070557594299316 -0.05277696251869202 0.014769704081118107
0.13777346909046173 -0.05045372620224953 0.03544870391488075
0.14898252487182617 -0.048872724175453186 0.03261676803231239
0.1667601466178894 0.030665460973978043 -0.16102440655231476
0.14966464042663574 0.0378994345664978 -0.13882188498973846
0.16461768746376038 0.03453013673424721 -0.13875459134578705
0.1640263944864273 0.03616126999258995 -0.13265320658683777
0.14851678907871246 -0.04785940423607826 0.037444017827510834
0.1465054452419281 -0.04697573184967041 0.058568596839904785
0.14453303813934326 -0.04697754606604576 0.07935298979282379
0.1443878412246704 -0.04673110693693161 0.08086345344781876
0.16243119537830353 0.03939531370997429 -0.11610040813684464
0.16056668758392334 0.043093521147966385 -0.09674639999866486
0.14236637949943542 -0.04256301373243332 0.10183405876159668
0.14123862981796265 -0.038488347083330154 0.1133946105837822
0.16027292609214783 0.04361945018172264 -0.09369248896837234
0.15817542374134064 0.04646172747015953 -0.07181546092033386
0.15690745413303375 0.049183547496795654 -0.05867015942931175
0.13999298214912415 -0.03344832733273506 0.12612082064151764
0.12253570556640625 -0.03110814094543457 0.14639019966125488
0.1384602040052414 -0.02868048846721649 0.1418943554162979
0.15597829222679138 0.0515691339969635 -0.049068208783864975
0.15393052995204926 0.05815351381897926 -0.02801215834915638
0.13772007822990417 -0.026618173345923424 0.14952991902828217
0.13571017980575562 -0.025767479091882706 0.17064182460308075
0.13166745007038116 -0.026889126747846603 0.19080105423927307
0.13397233188152313 -0.026088112965226173 0.18897993862628937
0.1536770761013031 0.0590425468981266 -0.02541198395192623
0.14561448991298676 0.0684889629483223 -0.0015197135508060455
0.15135078132152557 0.0670866072177887 -0.0015365348663181067
0.15113839507102966 0.06790345907211304 0.0006367633468471467
0.13374626636505127 -0.02596247009932995 0.1913520097732544
0.13157954812049866 -0.021546266973018646 0.21383371949195862
0.13076616823673248 -0.018085675314068794 0.22213014960289001
0.14035506546497345 0.07960909605026245 0.02328016608953476
0.1489427089691162 0.07698950171470642 0.023053040727972984
0.14858435094356537 0.07865838706493378 0.026697013527154922
0.1288873851299286 -0.005184444598853588 0.24090467393398285
0.12882718443870544 -0.004734692629426718 0.24150338768959045
0.14637820422649384 0.09088175743818283 0.04897479712963104
0.12750421464443207 0.011216528713703156 0.25417888164520264
0.14635178446769714 0.09104989469051361 0.049239832907915115
0.14445029199123383 0.10427957028150558 0.06822744011878967
0.10894545167684555 0.024588199332356453 0.27159544825553894
0.12682296335697174 0.02987631782889366 0.2598775625228882
0.14355246722698212 0.10984784364700317 0.07724670320749283
0.14223895967006683 0.11648102849721909 0.09056165814399719
0.12510943412780762 0.0498884879052639 0.26193785667419434
0.1266702264547348 0.04522237181663513 0.2602699100971222
0.1266704946756363 0.05076808109879494 0.25982704758644104
0.10694999247789383 0.042742352932691574 0.2784598171710968
0.14111045002937317 0.12052259594202042 0.10213280469179153
0.13917557895183563 0.12508611381053925 0.12215954810380936
0.12105216830968857 0.06802712380886078 0.2686065137386322
0.12642665207386017 0.07127410918474197 0.26077011227607727
0.10598424077033997 0.060904256999492645 0.28542187809944153
0.13891226053237915 0.12565411627292633 0.1248893216252327
0.1367955356836319 0.12893345952033997 0.14693427085876465
0.1353253573179245 0.13036996126174927 0.1623123586177826
0.11907593160867691 0.08618141710758209 0.2754727005958557
0.126011461019516 0.09105689823627472 0.26357612013816833
0.10629402846097946 0.07907576113939285 0.2925049960613251
0.13473854959011078 0.13085448741912842 0.16845738887786865
0.13288386166095734 0.12817654013633728 0.18821366131305695
0.13116559386253357 0.12239701300859451 0.2067783921957016
0.12945301830768585 0.11648807674646378 0.22529339790344238
0.11931528151035309 0.11837128549814224 0.24605858325958252
0.1276838183403015 0.11186647415161133 0.24430295825004578
0.12178058177232742 0.11138039827346802 0.2645378112792969
0.12613706290721893 0.10218776762485504 0.2613697052001953
0.11549849063158035 0.10432366281747818 0.28218692541122437
0.10501944273710251 0.09723533689975739 0.2994377613067627
0.17334944009780884 -0.03874925523996353 -0.20833337306976318
0.17623744904994965 -0.04573696851730347 -0.1898140162229538
0.17593130469322205 -0.05274872109293938 -0.17159779369831085
0.17381271719932556 -0.059774115681648254 -0.1535535603761673
0.16967524588108063 -0.06681470572948456 -0.13570092618465424
0.1760641634464264 -0.02055964805185795 -0.20102202892303467
0.1792101114988327 -0.027545420452952385 -0.1824781894683838
0.18098025023937225 -0.0345415435731411 -0.1640649288892746
0.18209752440452576 -0.04154258221387863 -0.14571362733840942
0.18241287767887115 -0.04854965582489967 -0.12743842601776123
0.17924685776233673 -0.055582933127880096 -0.10949360579252243
0.16752304136753082 -0.06268062442541122 -0.09236090630292892
0.17643871903419495 -0.002387656131759286 -0.19393277168273926
0.18131573498249054 -0.009360398165881634 -0.1752246469259262
0.1856505572795868 -0.016337215900421143 -0.1565680056810379
0.18605294823646545 -0.017153894528746605 -0.1543961614370346
0.18504424393177032 -0.03382117673754692 -0.14244496822357178
0.18361343443393707 -0.04613583907485008 -0.12639090418815613
0.18189352750778198 -0.05187821760773659 -0.10781191289424896
0.1799508035182953 -0.05255461111664772 -0.08728667348623276
0.17800819873809814 -0.05323405936360359 -0.06676260381937027
0.16767872869968414 -0.05852917954325676 -0.048801857978105545
0.17741912603378296 -0.053596436977386475 -0.060526371002197266
0.17318962514400482 0.015757063403725624 -0.18718738853931427
0.18150661885738373 0.008810214698314667 -0.1681528240442276
0.18603137135505676 0.004290315322577953 -0.15586967766284943
0.18610264360904694 -0.01303937193006277 -0.15524612367153168
0.1761016547679901 -0.054733023047447205 -0.04655338451266289
0.1741737425327301 -0.05574615299701691 -0.02615751512348652
0.16913746297359467 -0.05436791852116585 -0.0051191565580666065
0.1722799688577652 -0.05375301465392113 -0.006359937135130167
0.1721925139427185 0.026909278705716133 -0.16198299825191498
0.1846681386232376 0.019573722034692764 -0.14271686971187592
0.18455058336257935 0.019992852583527565 -0.14256496727466583
0.1846386343240738 0.01994699239730835 -0.14243550598621368
0.17209893465042114 -0.05341992527246475 -0.0044787367805838585
0.1698049157857895 -0.046109750866889954 0.019114769995212555
0.16933120787143707 -0.04466411471366882 0.023991713300347328
0.18258516490459442 0.03281479701399803 -0.12181767076253891
0.16756944358348846 -0.04013071581721306 0.042196884751319885
0.16562701761722565 -0.04081431403756142 0.06271935254335403
0.14822600781917572 -0.046224769204854965 0.07998490333557129
0.16496039927005768 -0.041577573865652084 0.06980442255735397
0.18199963867664337 0.03539760038256645 -0.11585257947444916
0.18001237511634827 0.04349059611558914 -0.09555359929800034
0.1637405902147293 -0.04277057573199272 0.08275289088487625
0.16160237789154053 -0.03900262713432312 0.1049855500459671
0.16103652119636536 -0.036604609340429306 0.11075802892446518
0.1796303540468216 0.04441889002919197 -0.09160169959068298
0.17752133309841156 0.04752307012677193 -0.06962404400110245
0.17644087970256805 0.0499509759247303 -0.05843132361769676
0.15903329849243164 -0.02543916553258896 0.1309814304113388
0.15881559252738953 -0.024443646892905235 0.13319657742977142
0.17533056437969208 0.05248580500483513 -0.04693237692117691
0.1732817441225052 0.05815184488892555 -0.025792252272367477
0.15657080709934235 -0.014298808760941029 0.15604642033576965
0.14547936618328094 -0.019775712862610817 0.17386651039123535
0.1562248319387436 -0.013843712396919727 0.15965604782104492
0.17308425903320312 0.05871094390749931 -0.023755714297294617
0.17086318135261536 0.06436266750097275 -0.000799349567387253
0.17017631232738495 0.0665794387459755 0.006262822076678276
0.1544094830751419 -0.010005662217736244 0.1784808486700058
0.15189379453659058 -0.008567702025175095 0.19977423548698425
0.15248867869377136 -0.008078337647020817 0.19856855273246765
0.138015016913414 -0.015681616961956024 0.2167024314403534
0.16852794587612152 0.07260987907648087 0.02315414696931839
0.1675364375114441 0.076972097158432 0.033256202936172485
0.15232020616531372 -0.00735018216073513 0.2002861201763153
0.15046881139278412 0.004931327886879444 0.2188209742307663
0.14682281017303467 0.0025538529735058546 0.22459198534488678
0.12929610908031464 -0.004587521310895681 0.24117399752140045
0.16600428521633148 0.08514097332954407 0.048753418028354645
0.14703334867954254 0.0908190906047821 0.049212921410799026
0.16530990600585938 0.0891093760728836 0.055755745619535446
0.14624576270580292 0.020718682557344437 0.23159094154834747
0.1497504562139511 0.023434462025761604 0.22492314875125885
0.133661150932312 0.013614507392048836 0.2486419528722763
0.1633550226688385 0.10239334404468536 0.0753016248345375
0.14124812185764313 0.038850244134664536 0.23817040026187897
0.14988000690937042 0.04551662877202034 0.2218063771724701
0.13085989654064178 0.03176260367035866 0.25542983412742615
0.16324284672737122 0.10307782143354416 0.07642947137355804
0.1610795259475708 0.11432399600744247 0.09833341836929321
0.1459542065858841 0.06406428664922714 0.2274254411458969
0.1498796045780182 0.048136480152606964 0.2216029167175293
0.14968241751194 0.06621787697076797 0.22224658727645874
0.13607211410999298 0.05698045715689659 0.24473291635513306
0.16071392595767975 0.11572837084531784 0.10207463055849075
0.14628371596336365 0.12429262697696686 0.1250387579202652
0.1584734320640564 0.12182130664587021 0.12520051002502441
0.1580340415239334 0.12300455570220947 0.12973687052726746
0.14183512330055237 0.08220245689153671 0.2340882569551468
0.1494748443365097 0.08687702566385269 0.2227952480316162
0.13241538405418396 0.07512210309505463 0.2514396011829376
0.15627509355545044 0.12695641815662384 0.1479583978652954
0.15440776944160461 0.1292337030172348 0.16745474934577942
0.1412622034549713 0.10737676173448563 0.22284233570098877
0.14974357187747955 0.09607294201850891 0.21923400461673737
0.15076148509979248 0.11384314298629761 0.20709821581840515
0.13556137681007385 0.10032440721988678 0.2405465990304947
0.12917545437812805 0.09326688945293427 0.25818586349487305
0.1541927605867386 0.129453644156456 0.16970287263393402
0.15240049362182617 0.12535642087459564 0.18891389667987823
0.1508818417787552 0.11503887921571732 0.2057352215051651
0.1888352632522583 -0.02332269214093685 -0.13802051544189453
0.19004423916339874 -0.03032303787767887 -0.11966050416231155
0.1890716403722763 -0.03733980655670166 -0.1015075296163559
0.18561512231826782 -0.04437527060508728 -0.08359026908874512
0.17984330654144287 -0.0514281690120697 -0.06589272618293762
0.18816234171390533 0.0018508664797991514 -0.14927592873573303
0.19264239072799683 -0.00512485858052969 -0.13060550391674042
0.19508963823318481 -0.012115884572267532 -0.11212798207998276
0.1956230103969574 -0.019121317192912102 -0.0938320904970169
0.1949615776538849 -0.026135742664337158 -0.07564958930015564
0.19421853125095367 -0.03315078467130661 -0.05747481808066368
0.19291581213474274 -0.04017003998160362 -0.03935316950082779
0.18721023201942444 -0.04722243547439575 -0.021649345755577087
0.19398485124111176 0.013054419308900833 -0.12342438846826553
0.20074865221977234 0.006264606025069952 -0.10497640818357468
0.2007291167974472 0.005629421677440405 -0.10472012311220169
0.19946877658367157 -0.010561155155301094 -0.09015510976314545
0.19795244932174683 -0.020931623876094818 -0.07335413247346878
0.1963827759027481 -0.030089575797319412 -0.056087322533130646
0.1947598159313202 -0.03803583234548569 -0.038355011492967606
0.1929556131362915 -0.04186173528432846 -0.01903975009918213
0.1908557116985321 -0.03896486014127731 0.0028582592494785786
0.17390631139278412 -0.04317229986190796 0.020632393658161163
0.19041787087917328 -0.03734058886766434 0.007343159522861242
0.18808706104755402 0.03117920085787773 -0.11693036556243896
0.20049580931663513 0.026732655242085457 -0.10393550246953964
0.18846850097179413 -0.029535887762904167 0.02726576291024685
0.17882511019706726 -0.03197554498910904 0.04639817774295807
0.18763838708400726 -0.027537232264876366 0.03585449606180191
0.1690397411584854 -0.03905865177512169 0.06371483206748962
0.1899300515651703 0.04235279932618141 -0.09145647287368774
0.19937476515769958 0.036420270800590515 -0.09289093315601349
0.19877944886684418 0.0410233736038208 -0.0869828462600708
0.18627679347991943 -0.024551814422011375 0.04996563121676445
0.18447978794574738 -0.028541509062051773 0.06921796500682831
0.18275687098503113 -0.034215155988931656 0.08782336115837097
0.17158113420009613 -0.03488924354314804 0.10750027745962143
0.18145786225795746 -0.03208934888243675 0.1013430804014206
0.19701403379440308 0.045246999710798264 -0.06871479749679565
0.19568058848381042 0.04947866126894951 -0.05499912053346634
0.18045735359191895 -0.026779986917972565 0.11146489530801773
0.16096727550029755 -0.023809408769011497 0.13179202377796173
0.17952679097652435 -0.018704930320382118 0.12063021212816238
0.1947634071111679 0.05157080665230751 -0.04550023749470711
0.18642400205135345 0.05763641372323036 -0.02294592745602131
0.1925497204065323 0.05705457553267479 -0.02260838821530342
0.1924377977848053 0.057326480746269226 -0.02145065926015377
0.1707296520471573 -0.005566752050071955 0.1397721767425537
0.17841990292072296 -0.0018416749080643058 0.13095644116401672
0.15785899758338928 -0.012673082761466503 0.15679605305194855
0.19039730727672577 0.061145126819610596 -0.0002517949033062905
0.18909429013729095 0.06474914401769638 0.013192939572036266
0.1727030724287033 0.012617277912795544 0.14701317250728607
0.17752331495285034 0.015909185633063316 0.13899636268615723
0.1646357625722885 0.005547103937715292 0.1644928753376007
0.1589115560054779 -0.001505430554971099 0.18219493329524994
0.1881268173456192 0.06792040169239044 0.023136215284466743
0.18639512360095978 0.07489151507616043 0.04083103686571121
0.17358878254890442 0.030793117359280586 0.15415094792842865
0.17645181715488434 0.03292180225253105 0.1489378660917282
0.16631336510181427 0.023728905245661736 0.17170579731464386
0.16159610450267792 0.016683949157595634 0.18950341641902924
0.15645791590213776 0.009635825641453266 0.2072610706090927
0.18569734692573547 0.07830997556447983 0.04791276156902313
0.18403801321983337 0.08647768199443817 0.06475014239549637
0.17548677325248718 0.041381049901247025 0.15843601524829865
0.17478913068771362 0.04743902385234833 0.16530707478523254
0.1676398366689682 0.04190806299448013 0.17888540029525757
0.16112880408763885 0.03484960272908211 0.19651277363300323
0.15490232408046722 0.027793290093541145 0.21416716277599335
0.18312928080558777 0.09185043722391129 0.07389981299638748
0.1652168482542038 0.1021156907081604 0.0762375071644783
0.1818404346704483 0.09873722493648529 0.08693478256464005
0.17096956074237823 0.06010230630636215 0.1862550973892212
0.17294862866401672 0.061205800622701645 0.18360933661460876
0.16005536913871765 0.05301070585846901 0.20346462726593018
0.1504291445016861 0.045928798615932465 0.2207963913679123
0.16672496497631073 0.11328677088022232 0.10167962312698364
0.18056683242321014 0.1052631288766861 0.0998377725481987
0.1794850379228592 0.11033062636852264 0.11083526164293289
0.17235293984413147 0.06778449565172195 0.1893647462129593
0.17160749435424805 0.07708030194044113 0.19648243486881256
0.15872164070606232 0.07116983830928802 0.21039177477359772
0.17817211151123047 0.114862821996212 0.12431086599826813
0.17671644687652588 0.12017994374036789 0.1392281949520111
0.17097117006778717 0.09644066542387009 0.2003626823425293
0.17112189531326294 0.09577198326587677 0.20011694729328156
0.17110545933246613 0.09649654477834702 0.2002326101064682
0.15400560200214386 0.08930350840091705 0.21699795126914978
0.1758556365966797 0.12268322706222534 0.14810039103031158
0.15899653732776642 0.1285385936498642 0.16978946328163147
0.17377780377864838 0.1250784695148468 0.16980569064617157
0.16456279158592224 0.12157104909420013 0.18856297433376312
0.17211326956748962 0.11807727068662643 0.1879010647535324
0.15188559889793396 0.11446617543697357 0.20560520887374878
0.2009020745754242 0.006097039207816124 -0.10452267527580261
0.20407702028751373 -0.0008885094430297613 -0.08597610145807266
0.20541822910308838 -0.007887860760092735 -0.06760354340076447
0.20602643489837646 -0.014892732724547386 -0.04930054768919945
0.20541352033615112 -0.021906793117523193 -0.031113436445593834
0.20186766982078552 -0.028942931443452835 -0.013204656541347504
0.19306498765945435 -0.03601863980293274 0.004205254837870598
0.20450599491596222 0.024293342605233192 -0.09712694585323334
0.21056951582431793 0.017329536378383636 -0.07830625027418137
0.21410031616687775 0.010346665978431702 -0.05972591042518616
0.21500198543071747 0.006280525587499142 -0.04903869330883026
0.21440240740776062 0.001124900416471064 -0.042311716824769974
0.21279415488243103 -0.007155875209718943 -0.024707922711968422
0.21132789552211761 -0.009227467700839043 -0.009092741645872593
0.21046367287635803 -0.01070905290544033 -0.005335188005119562
0.2026989907026291 -0.01777694746851921 0.012173227034509182
0.19173717498779297 -0.024868907406926155 0.029378240928053856
0.2090260535478592 0.0354870930314064 -0.0713990107178688
0.21553285419940948 0.03005656972527504 -0.05651862546801567
0.21552816033363342 0.020375190302729607 -0.05570126324892044
0.21091613173484802 -0.009303092025220394 -0.004747745115309954
0.2086433321237564 -0.0024757070932537317 0.018660282716155052
0.20822583138942719 -0.0007856793235987425 0.022925760596990585
0.200947567820549 -0.006630403455346823 0.03730601444840431
0.19359584152698517 -0.013695189729332924 0.054853618144989014
0.19098502397537231 -0.020724289119243622 0.07285112887620926
0.18934595584869385 -0.02774607390165329 0.09094086289405823
0.20435263216495514 0.04661164432764053 -0.04654351994395256
0.21499022841453552 0.03260517120361328 -0.05100276321172714
0.21321089565753937 0.04179108887910843 -0.03298163041472435
0.20606881380081177 0.011211640201508999 0.04470376297831535
0.2060188502073288 0.011434158310294151 0.045212652534246445
0.1989453285932541 0.0045142523013055325 0.062414996325969696
0.1958777904510498 -0.0025182850658893585 0.08036916702985764
0.1942218691110611 -0.009540196508169174 0.09845729917287827
0.18515266478061676 -0.01661791279911995 0.11584191769361496
0.21255405247211456 0.04314688593149185 -0.02616776153445244
0.20732030272483826 0.05078425630927086 -0.0027176181320101023
0.2104148268699646 0.046937841922044754 -0.003926265053451061
0.20972539484500885 0.048614419996738434 0.003205728717148304
0.19995352625846863 0.022691013291478157 0.06956438720226288
0.20462177693843842 0.027072565630078316 0.058693885803222656
0.1951892226934433 0.01564570516347885 0.0873575359582901
0.19201283156871796 0.008612347766757011 0.1053013801574707
0.18472054600715637 0.001548007596284151 0.12285462766885757
0.19776956737041473 0.06187209486961365 0.021675022318959236
0.2082543820142746 0.05121130868792534 0.01850060187280178
0.20644241571426392 0.0562925785779953 0.037191227078437805
0.19948796927928925 0.04085668548941612 0.0765739306807518
0.20391041040420532 0.04560527577996254 0.06471989303827286
0.19381938874721527 0.03380456939339638 0.09428125619888306
0.18956595659255981 0.026763105764985085 0.11212288588285446
0.18293185532093048 0.01970371976494789 0.12973859906196594
0.1930437982082367 0.07299625128507614 0.04652554541826248
0.20598658919334412 0.057925060391426086 0.04186497628688812
0.20197609066963196 0.06605403870344162 0.06561848521232605
0.2040034532546997 0.05816713348031044 0.06274306774139404
0.19898457825183868 0.05902206897735596 0.08357987552881241
0.19387774169445038 0.051974181085824966 0.10134050995111465
0.1893894374370575 0.04493094980716705 0.11915985494852066
0.18300971388816833 0.03787348046898842 0.13679970800876617
0.19124329090118408 0.08414241671562195 0.07165367156267166
0.1970367431640625 0.07717657834291458 0.09044873714447021
0.19533881545066833 0.0701543539762497 0.10853288322687149
0.192405566573143 0.06312282383441925 0.12649980187416077
0.18681301176548004 0.05607128143310547 0.14421434700489044
0.1770450919866562 0.048988308757543564 0.16153265535831451
0.18981698155403137 0.09529141336679459 0.09681731462478638
0.19596628844738007 0.08832825720310211 0.11564614623785019
0.19756819307804108 0.08344125747680664 0.128550186753273
0.19718994200229645 0.07853926718235016 0.132924884557724
0.19566088914871216 0.07539073377847672 0.14928695559501648
0.19518478214740753 0.07430347800254822 0.1520625352859497
0.18467232584953308 0.06721489876508713 0.16931019723415375
0.18895655870437622 0.10644466429948807 0.12203464657068253
0.19681262969970703 0.10178737342357635 0.13505682349205017
0.1953773945569992 0.074903205037117 0.15231308341026306
0.19320887327194214 0.08657628297805786 0.17423801124095917
0.19159018993377686 0.0854361429810524 0.17702041566371918
0.17466960847377777 0.07829932868480682 0.1936599463224411
0.1855563074350357 0.11757879704236984 0.14701096713542938
0.1959773600101471 0.10610688477754593 0.14351578056812286
0.1941036880016327 0.11188848316669464 0.16280117630958557
0.18823429942131042 0.1035800576210022 0.18375565111637115
0.19333681464195251 0.10865163803100586 0.17113876342773438
0.19373735785484314 0.11218901723623276 0.16663751006126404
0.21552731096744537 0.0033479577396064997 -0.041345205157995224
0.21445412933826447 -0.003669567871838808 -0.023201774805784225
0.21662186086177826 0.028534820303320885 -0.05243289843201637
0.21893006563186646 0.02154274471104145 -0.033968571573495865
0.2184493988752365 0.014529679901897907 -0.015768911689519882
0.21558450162410736 0.007498667575418949 0.002204489428550005
0.20970559120178223 0.00044496796908788383 0.01989186368882656
0.2149089127779007 0.03968165069818497 -0.027296457439661026
0.2170017808675766 0.032687958329916 -0.008852572180330753
0.21632438898086548 0.025673411786556244 0.009328421205282211
0.21293650567531586 0.01863846369087696 0.027252189815044403
0.20616985857486725 0.011578081175684929 0.04485531896352768
0.21236445009708405 0.04381277784705162 0.016006343066692352
0.21231329441070557 0.03680294379591942 0.034246765077114105
0.20752504467964172 0.029757454991340637 0.052037641406059265
0.2075250893831253 0.05493607744574547 0.040846087038517
0.20613332092761993 0.04791615530848503 0.05895928665995598
0.19819316267967224 0.08133556693792343 0.1341027468442917
0.1995687335729599 0.09951509535312653 0.14128701388835907
0.2007874846458435 0.09251482039690018 0.15964794158935547
0.19513316452503204 0.11064143478870392 0.1661650687456131

POLYGONS 5304 21216
3 2 1 0
3 1686 1830 1689
3 1826 1830 1686
3 1688 1828 1687
3 1823 1683 1687
3 1827 1823 1687
3 1828 1827 1687
3 1829 1827 1828
3 1689 1831 1690
3 1827 1824 1823
3 1686 1684 1825
3 1681 1825 1684
3 1821 1825 1681
3 1683 1823 1682
3 1818 1679 1682
3 1822 1818 1682
3 1823 1822 1682
3 1686 1825 1826
3 1830 1831 1689
3 1690 1832 1691
3 1831 1832 1690
3 1838 1841 1696
3 1694 1697 1840
3 1694 1840 1839
3 1835 1694 1839
3 1839 1836 1835
3 1696 1837 1838
3 1696 1695 1837
3 1692 1837 1695
3 1833 1837 1692
3 1694 1835 1693
3 1828 1688 1693
3 1834 1828 1693
3 1835 1834 1693
3 1836 1834 1835
3 1834 1829 1828
3 1692 1832 1833
3 1692 1691 1832
3 1824 1822 1823
3 1696 1841 1698
3 1822 1819 1818
3 1821 1676 1820
3 1809 1810 1671
3 1809 1811 1810
3 1806 1809 1805
3 1807 1670 1808
3 1668 1670 1807
3 1807 1665 1668
3 1807 1803 1665
3 1805 1809 1671
3 1805 1667 1666
3 1801 1804 1666
3 1804 1805 1666
3 1804 1806 1805
3 1802 1804 1801
3 1665 1803 1799
3 1665 1799 1798
3 1664 1665 1798
3 1663 1801 1666
3 1667 1805 1671
3 1810 1672 1671
3 1670 1673 1812
3 1676 1815 1820
3 1816 1820 1815
3 1679 1818 1677
3 1812 1674 1677
3 1817 1812 1677
3 1818 1817 1677
3 1819 1817 1818
3 1817 1813 1812
3 1815 1676 1675
3 1672 1810 1675
3 1810 1814 1675
3 1814 1815 1675
3 1814 1816 1815
3 1811 1814 1810
3 1674 1812 1673
3 1808 1670 1813
3 1813 1670 1812
3 1681 1676 1821
3 1843 1842 1699
3 1698 1843 1699
3 1841 1843 1698
3 1733 1870 1869
3 1734 1870 1733
3 1869 1732 1733
3 1730 1868 1728
3 1727 1868 1867
3 1728 1868 1727
3 1867 1726 1727
3 1871 1870 1734
3 1722 1862 1715
3 1722 1866 1863
3 1862 1722 1863
3 1865 1866 1719
3 1719 1866 1721
3 1864 1865 1717
3 1717 1865 1719
3 1864 1717 1716
3 1722 1721 1866
3 1871 1734 1726
3 1872 1871 1726
3 1867 1872 1726
3 1880 1870 1871
3 1869 1870 1878
3 1878 1870 1879
3 1870 1880 1879
3 1869 1740 1732
3 1878 1740 1869
3 1876 1738 1877
3 1737 1738 1876
3 1876 1875 1736
3 1876 1736 1737
3 1875 1874 1735
3 1875 1735 1736
3 1874 1873 1735
3 1735 1873 1730
3 1873 1868 1730
3 1872 1868 1873
3 1872 1867 1868
3 1864 1716 1859
3 1861 1864 1859
3 1859 1716 1713
3 1715 1862 1714
3 1701 1705 1852
3 1701 1852 1851
3 1845 1701 1851
3 1851 1846 1845
3 1850 1848 1849
3 1847 1849 1703
3 1703 1849 1704
3 1849 1848 1704
3 1847 1703 1702
3 1847 1702 1842
3 1844 1847 1842
3 1842 1702 1699
3 1701 1845 1700
3 1840 1697 1846
3 1846 1697 1845
3 1697 1700 1845
3 1844 1842 1843
3 1848 1706 1704
3 1664 1798 1660
3 1850 1853 1848
3 1853 1707 1706
3 1857 1710 1863
3 1863 1710 1862
3 1710 1714 1862
3 1861 1859 1860
3 1858 1860 1712
3 1712 1860 1713
3 1860 1859 1713
3 1858 1712 1711
3 1858 1711 1854
3 1856 1858 1854
3 1854 1711 1708
3 1710 1857 1852
3 1710 1852 1705
3 1856 1854 1855
3 1853 1855 1707
3 1707 1855 1708
3 1855 1854 1708
3 1853 1706 1848
3 1801 1663 1661
3 1657 1793 1661
3 1793 1800 1661
3 1745 1748 1602
3 1746 1605 1747
3 1603 1605 1746
3 1746 1601 1603
3 1746 1744 1601
3 1745 1602 1743
3 1743 1602 1600
3 1602 1748 1606
3 1601 1744 1742
3 1743 1600 1740
3 1740 1600 1739
3 1600 1598 1739
3 1739 1598 1595
3 1741 1597 1742
3 1596 1597 1741
3 1741 1594 1596
3 1601 1742 1597
3 1607 1606 1748
3 1607 1748 1749
3 1750 1747 1605
3 1758 1615 1618
3 1758 1755 1615
3 1617 1612 1757
3 1757 1612 1756
3 1612 1752 1756
3 1753 1756 1752
3 1754 1615 1755
3 1613 1615 1754
3 1754 1610 1613
3 1754 1751 1610
3 1752 1612 1611
3 1607 1749 1753
3 1607 1753 1752
3 1611 1607 1752
3 1750 1610 1751
3 1608 1610 1750
3 1750 1605 1608
3 1741 1738 1594
3 1731 1740 1739
3 1731 1732 1740
3 1731 1595 1590
3 1728 1727 1587
3 1587 1727 1582
3 1727 1723 1582
3 1723 1727 1579
3 1727 1726 1579
3 1726 1586 1579
3 1726 1725 1586
3 1585 1725 1724
3 1586 1725 1585
3 1724 1584 1585
3 1582 1723 1580
3 1723 1579 1580
3 1576 1720 1574
3 1576 1718 1720
3 1575 1718 1576
3 1718 1575 1572
3 1715 1573 1722
3 1730 1728 1729
3 1618 1620 1758
3 1728 1588 1729
3 1589 1729 1588
3 1739 1595 1731
3 1737 1594 1738
3 1593 1594 1737
3 1737 1736 1592
3 1737 1592 1593
3 1736 1735 1592
3 1592 1735 1589
3 1735 1729 1589
3 1735 1730 1729
3 1734 1725 1726
3 1733 1725 1734
3 1733 1724 1725
3 1724 1733 1584
3 1733 1732 1584
3 1732 1591 1584
3 1732 1731 1591
3 1731 1590 1591
3 1728 1587 1588
3 1881 1877 1738
3 1758 1620 1759
3 1617 1760 1621
3 1651 1788 1789
3 1651 1649 1788
3 1787 1788 1649
3 1787 1649 1644
3 1782 1787 1644
3 1783 1787 1782
3 1785 1648 1786
3 1790 1786 1648
3 1647 1648 1785
3 1785 1646 1647
3 1646 1784 1645
3 1645 1784 1779
3 1784 1780 1779
3 1645 1779 1640
3 1782 1644 1642
3 1641 1781 1642
3 1785 1784 1646
3 1790 1648 1652
3 1652 1654 1790
3 1790 1654 1791
3 1800 1801 1661
3 1800 1802 1801
3 1794 1800 1793
3 1798 1799 1797
3 1797 1796 1659
3 1797 1659 1660
3 1798 1797 1660
3 1796 1795 1658
3 1796 1658 1659
3 1795 1654 1658
3 1795 1791 1654
3 1793 1657 1656
3 1655 1792 1656
3 1656 1792 1793
3 1792 1794 1793
3 1651 1792 1655
3 1789 1792 1651
3 1642 1781 1782
3 1781 1783 1782
3 1636 1781 1641
3 1776 1781 1636
3 1629 1769 1765
3 1769 1766 1765
3 1629 1765 1625
3 1628 1767 1768
3 1628 1626 1767
3 1623 1767 1626
3 1762 1767 1623
3 1765 1766 1764
3 1764 1763 1624
3 1764 1624 1625
3 1765 1764 1625
3 1763 1620 1624
3 1763 1759 1620
3 1623 1761 1762
3 1623 1622 1761
3 1760 1761 1621
3 1621 1761 1622
3 1630 1769 1629
3 1757 1760 1617
3 1770 1630 1631
3 1772 1771 1632
3 1779 1780 1778
3 1778 1777 1638
3 1778 1638 1640
3 1779 1778 1640
3 1638 1777 1637
3 1637 1777 1772
3 1777 1773 1772
3 1637 1772 1632
3 1636 1775 1776
3 1636 1634 1775
3 1774 1775 1633
3 1633 1775 1634
3 1628 1774 1633
3 1768 1774 1628
3 1772 1773 1771
3 1771 1770 1631
3 1771 1631 1632
3 1770 1769 1630
3 1881 1738 1741
3 1741 1742 1881
3 1881 1742 1882
3 1993 1994 1989
3 1994 1991 1992
3 1994 1993 1991
3 1990 1992 1860
3 1860 1992 1861
3 1992 1991 1861
3 1990 1860 1858
3 1988 1993 1989
3 1990 1858 1985
3 1985 1858 1856
3 1852 1988 1982
3 1857 1988 1852
3 1983 1988 1989
3 1983 1982 1988
3 1987 1985 1986
3 1984 1986 1855
3 1987 1990 1985
3 1995 1993 1988
3 1863 1995 1857
3 1857 1995 1988
3 2001 1879 1880
3 1877 2000 1876
3 1875 2000 1999
3 1876 2000 1875
3 1874 1999 1998
3 1875 1999 1874
3 1873 1998 1997
3 1874 1998 1873
3 1872 1997 1996
3 1873 1997 1872
3 1996 1871 1872
3 1866 1995 1863
3 1866 1993 1995
3 1865 1993 1866
3 1865 1991 1993
3 1864 1991 1865
3 1991 1864 1861
3 1855 1986 1856
3 1986 1985 1856
3 1984 1855 1853
3 1984 1853 1979
3 1973 1841 1968
3 1970 1973 1968
3 1968 1841 1838
3 1971 1840 1972
3 1839 1840 1971
3 1971 1836 1839
3 1971 1965 1836
3 1970 1968 1969
3 1967 1969 1837
3 1837 1969 1838
3 1969 1968 1838
3 1966 1967 1837
3 1966 1837 1833
3 1961 1966 1833
3 1962 1966 1961
3 1964 1836 1965
3 1834 1836 1964
3 1973 1843 1841
3 1871 1996 1880
3 1975 1974 1844
3 1973 1975 1843
3 1981 1984 1979
3 1979 1853 1850
3 1852 1982 1851
3 1977 1846 1983
3 1983 1846 1982
3 1846 1851 1982
3 1981 1979 1980
3 1978 1980 1849
3 1849 1980 1850
3 1980 1979 1850
3 1978 1849 1847
3 1978 1847 1974
3 1976 1978 1974
3 1974 1847 1844
3 1846 1977 1972
3 1846 1972 1840
3 1976 1974 1975
3 1843 1975 1844
3 1964 1963 1834
3 1996 2001 1880
3 2003 1996 1997
3 2033 2032 1899
3 2031 1895 1898
3 2031 2028 1895
3 1897 2029 2030
3 1897 1896 2029
3 1893 2029 1896
3 2026 2029 1893
3 2032 1898 1899
3 2027 1895 2028
3 2027 1892 1894
3 2027 2025 1892
3 2026 1893 2022
3 2022 1893 1890
3 2024 1892 2025
3 1891 1892 2024
3 2024 1889 1891
3 1894 1895 2027
3 2032 2031 1898
3 2033 2034 2032
3 2030 2035 1897
3 2042 2043 1906
3 2042 1906 1902
3 2036 2042 1902
3 2037 2042 2036
3 2040 2041 2039
3 2039 2038 1904
3 2039 1904 1905
3 2040 2039 1905
3 1904 2038 1903
3 1903 2038 2033
3 2038 2034 2033
3 1903 2033 1899
3 2036 1902 1901
3 1900 2035 1901
3 1901 2035 2036
3 2035 2037 2036
3 1897 2035 1900
3 2024 2021 1889
3 2023 2017 2018
3 2022 1890 1887
3 2022 1887 2017
3 2010 2001 2011
3 2011 2001 2002
3 2001 1884 1879
3 2010 1884 2001
3 1882 2008 1881
3 2000 1877 1881
3 2007 2000 1881
3 2008 2007 1881
3 2009 2007 2008
3 2006 2000 2007
3 2006 1999 2000
3 1998 1999 2004
3 2004 1999 2005
3 1999 2006 2005
3 2003 1997 2004
3 2004 1997 1998
3 2002 1996 2003
3 2003 2013 2012
3 1996 2002 2001
3 2011 2003 2012
3 2013 2003 2004
3 2023 2022 2017
3 2020 1889 2021
3 1888 1889 2020
3 2020 1885 1888
3 2020 2016 1885
3 2019 2011 2012
3 2010 2011 2017
3 2017 2011 2018
3 2011 2019 2018
3 2010 1887 1884
3 2017 1887 2010
3 1882 1885 2016
3 1882 2016 2015
3 2008 1882 2015
3 2015 2009 2008
3 2014 2004 2005
3 2013 2004 2014
3 2002 2003 2011
3 1569 1573 1715
3 1834 1963 1829
3 1963 1958 1957
3 1910 1909 1770
3 1910 1770 1771
3 1909 1908 1769
3 1909 1769 1770
3 1908 1766 1769
3 1908 1905 1766
3 1768 1906 1907
3 1771 1773 1910
3 1768 1767 1906
3 1902 1906 1762
3 1904 1766 1905
3 1764 1766 1904
3 1904 1903 1763
3 1904 1763 1764
3 1903 1759 1763
3 1903 1899 1759
3 1762 1906 1767
3 1910 1773 1911
3 1907 1912 1768
3 1768 1912 1774
3 1921 1917 1780
3 1783 1919 1920
3 1783 1781 1919
3 1918 1919 1781
3 1918 1781 1776
3 1913 1918 1776
3 1914 1918 1913
3 1916 1780 1917
3 1778 1780 1916
3 1916 1915 1777
3 1916 1777 1778
3 1915 1773 1777
3 1915 1911 1773
3 1913 1776 1775
3 1774 1912 1775
3 1775 1912 1913
3 1912 1914 1913
3 1762 1901 1902
3 1762 1761 1901
3 1900 1901 1760
3 1760 1901 1761
3 1887 1749 1886
3 1749 1748 1886
3 1886 1748 1745
3 1888 1747 1889
3 1746 1747 1888
3 1888 1744 1746
3 1888 1885 1744
3 1883 1887 1886
3 1883 1884 1887
3 1883 1745 1743
3 1886 1745 1883
3 1744 1885 1882
3 1744 1882 1742
3 1878 1884 1883
3 1878 1879 1884
3 1878 1743 1740
3 1883 1743 1878
3 1890 1749 1887
3 1921 1780 1784
3 1891 1889 1747
3 1750 1751 1891
3 1757 1900 1760
3 1897 1900 1757
3 1898 1759 1899
3 1758 1759 1898
3 1898 1755 1758
3 1898 1895 1755
3 1757 1896 1897
3 1757 1756 1896
3 1753 1896 1756
3 1893 1896 1753
3 1894 1755 1895
3 1754 1755 1894
3 1894 1751 1754
3 1894 1892 1751
3 1893 1753 1890
3 1890 1753 1749
3 1891 1751 1892
3 1891 1747 1750
3 1963 1957 1829
3 1922 1784 1785
3 1785 1786 1922
3 1819 1822 1952
3 1821 1950 1951
3 1821 1820 1950
3 1816 1950 1820
3 1947 1950 1816
3 1948 1819 1949
3 1817 1819 1948
3 1953 1819 1952
3 1948 1813 1817
3 1816 1946 1947
3 1816 1814 1946
3 1811 1946 1814
3 1944 1946 1811
3 1813 1945 1942
3 1813 1942 1808
3 1811 1943 1944
3 1948 1945 1813
3 1949 1819 1953
3 1824 1952 1822
3 1951 1954 1821
3 1961 1833 1832
3 1831 1960 1832
3 1832 1960 1961
3 1960 1962 1961
3 1959 1960 1830
3 1830 1960 1831
3 1826 1959 1830
3 1955 1959 1826
3 1829 1957 1827
3 1952 1824 1827
3 1956 1952 1827
3 1957 1956 1827
3 1958 1956 1957
3 1956 1953 1952
3 1826 1954 1955
3 1826 1825 1954
3 1821 1954 1825
3 1811 1809 1943
3 1806 1943 1809
3 1941 1943 1806
3 1808 1942 1939
3 1931 1791 1795
3 1931 1928 1791
3 1794 1929 1930
3 1794 1792 1929
3 1789 1929 1792
3 1926 1929 1789
3 1927 1791 1928
3 1790 1791 1927
3 1927 1786 1790
3 1927 1923 1786
3 1789 1925 1926
3 1789 1788 1925
3 1924 1925 1787
3 1787 1925 1788
3 1783 1924 1787
3 1920 1924 1783
3 1922 1786 1923
3 1932 1795 1796
3 1922 1921 1784
3 1932 1931 1795
3 1933 1932 1796
3 1808 1939 1938
3 1807 1808 1938
3 1807 1938 1803
3 1806 1940 1941
3 1806 1804 1940
3 1802 1940 1804
3 1936 1940 1802
3 1938 1939 1937
3 1799 1803 1934
3 1934 1803 1937
3 1803 1938 1937
3 1802 1935 1936
3 1802 1800 1935
3 1794 1935 1800
3 1930 1935 1794
3 1933 1799 1934
3 1797 1799 1933
3 1933 1796 1797
3 1907 1906 2043
3 1722 1573 1721
3 1573 1574 1720
3 1496 1506 1350
3 1504 1505 1503
3 1502 1503 1501
3 1504 1503 1502
3 1500 1501 1499
3 1502 1501 1500
3 1498 1499 1497
3 1350 1506 1354
3 1500 1499 1498
3 1497 1493 1351
3 1353 1497 1351
3 1498 1497 1353
3 1351 1492 1348
3 1350 1495 1496
3 1350 1349 1495
3 1494 1495 1349
3 1493 1492 1351
3 1355 1354 1506
3 1355 1506 1507
3 1356 1498 1353
3 1365 1511 1512
3 1511 1513 1512
3 1355 1511 1364
3 1507 1511 1355
3 1509 1363 1510
3 1361 1363 1509
3 1509 1508 1360
3 1509 1360 1361
3 1360 1508 1359
3 1359 1508 1504
3 1508 1505 1504
3 1502 1359 1504
3 1502 1358 1359
3 1500 1358 1502
3 1500 1357 1358
3 1498 1357 1500
3 1498 1356 1357
3 1494 1349 1345
3 1364 1511 1365
3 1489 1494 1345
3 1492 1493 1491
3 1482 1477 1476
3 1338 1476 1333
3 1480 1337 1335
3 1334 1479 1335
3 1335 1479 1480
3 1479 1481 1480
3 1478 1479 1334
3 1338 1482 1476
3 1478 1334 1331
3 1473 1478 1472
3 1476 1477 1475
3 1475 1474 1332
3 1475 1332 1333
3 1476 1475 1333
3 1474 1328 1332
3 1474 1470 1328
3 1472 1478 1331
3 1339 1482 1338
3 1483 1339 1340
3 1483 1482 1339
3 1486 1485 1346
3 1491 1486 1346
3 1348 1491 1346
3 1492 1491 1348
3 1346 1485 1342
3 1489 1345 1344
3 1343 1488 1344
3 1344 1488 1489
3 1488 1490 1489
3 1487 1488 1343
3 1487 1343 1337
3 1480 1487 1337
3 1481 1487 1480
3 1485 1486 1484
3 1484 1483 1340
3 1484 1340 1342
3 1485 1484 1342
3 1490 1494 1489
3 1512 1366 1365
3 1514 1510 1363
3 1514 1363 1367
3 1390 1393 1543
3 1390 1543 1542
3 1538 1390 1542
3 1542 1539 1538
3 1392 1540 1541
3 1392 1391 1540
3 1388 1540 1391
3 1541 1544 1392
3 1537 1540 1388
3 1535 1386 1539
3 1539 1386 1538
3 1386 1389 1538
3 1388 1536 1537
3 1388 1387 1536
3 1384 1536 1387
3 1532 1536 1384
3 1390 1538 1389
3 1392 1544 1394
3 1394 1545 1395
3 1544 1545 1394
3 1405 1403 1553
3 1400 1553 1403
3 1550 1553 1400
3 1402 1551 1401
3 1548 1398 1552
3 1552 1398 1551
3 1398 1401 1551
3 1400 1549 1550
3 1400 1399 1549
3 1396 1549 1399
3 1546 1549 1396
3 1547 1398 1548
3 1397 1398 1547
3 1547 1393 1397
3 1547 1543 1393
3 1396 1545 1546
3 1396 1395 1545
3 1534 1386 1535
3 1385 1386 1534
3 1534 1533 1385
3 1385 1533 1382
3 1375 1520 1372
3 1522 1374 1373
3 1370 1518 1523
3 1370 1523 1522
3 1373 1370 1522
3 1520 1521 1519
3 1368 1372 1515
3 1515 1372 1519
3 1372 1520 1519
3 1370 1517 1518
3 1370 1369 1517
3 1516 1517 1369
3 1516 1369 1366
3 1512 1516 1366
3 1513 1516 1512
3 1514 1368 1515
3 1367 1368 1514
3 1375 1377 1520
3 1472 1331 1329
3 1377 1521 1520
3 1523 1525 1522
3 1533 1529 1382
3 1533 1530 1529
3 1384 1531 1532
3 1384 1383 1531
3 1378 1531 1383
3 1526 1531 1378
3 1382 1529 1381
3 1528 1380 1381
3 1528 1381 1529
3 1530 1528 1529
3 1528 1527 1379
3 1528 1379 1380
3 1527 1377 1379
3 1527 1524 1377
3 1378 1374 1526
3 1526 1374 1525
3 1374 1522 1525
3 1377 1524 1521
3 1325 1467 1329
3 1467 1471 1329
3 1471 1472 1329
3 1267 1421 1417
3 1267 1417 1263
3 1266 1419 1420
3 1266 1264 1419
3 1418 1419 1264
3 1418 1264 1261
3 1414 1418 1261
3 1420 1422 1266
3 1415 1418 1414
3 1262 1263 1416
3 1416 1258 1262
3 1416 1411 1258
3 1414 1261 1260
3 1259 1413 1260
3 1260 1413 1414
3 1413 1415 1414
3 1416 1263 1417
3 1266 1422 1268
3 1268 1423 1269
3 1422 1423 1268
3 1431 1285 1286
3 1283 1430 1281
3 1280 1430 1429
3 1281 1430 1280
3 1429 1279 1280
3 1426 1274 1428
3 1272 1274 1426
3 1427 1428 1273
3 1273 1428 1274
3 1270 1427 1273
3 1424 1427 1270
3 1421 1271 1425
3 1267 1271 1421
3 1426 1271 1272
3 1426 1425 1271
3 1270 1423 1424
3 1270 1269 1423
3 1412 1413 1259
3 1412 1259 1257
3 1409 1412 1257
3 1410 1412 1409
3 1401 1398 1245
3 1247 1399 1400
3 1247 1246 1399
3 1243 1399 1246
3 1396 1399 1243
3 1397 1245 1398
3 1244 1245 1397
3 1397 1240 1244
3 1397 1393 1240
3 1243 1395 1396
3 1243 1242 1395
3 1394 1395 1241
3 1241 1395 1242
3 1238 1394 1241
3 1392 1394 1238
3 1240 1393 1390
3 1240 1390 1235
3 1401 1245 1248
3 1431 1286 1432
3 1248 1249 1401
3 1400 1403 1247
3 1258 1411 1406
3 1258 1406 1253
3 1409 1257 1255
3 1254 1408 1255
3 1255 1408 1409
3 1408 1410 1409
3 1407 1408 1254
3 1407 1254 1252
3 1404 1407 1252
3 1405 1407 1404
3 1253 1406 1402
3 1253 1402 1249
3 1404 1252 1251
3 1250 1403 1251
3 1251 1403 1404
3 1403 1405 1404
3 1247 1403 1250
3 1401 1249 1402
3 1405 1553 1554
3 1286 1433 1432
3 1287 1279 1429
3 1313 1315 1460
3 1460 1309 1313
3 1460 1457 1309
3 1312 1458 1459
3 1312 1310 1458
3 1308 1458 1310
3 1456 1458 1308
3 1460 1315 1461
3 1309 1457 1454
3 1308 1303 1456
3 1456 1303 1455
3 1303 1452 1455
3 1453 1455 1452
3 1306 1454 1451
3 1306 1451 1450
3 1304 1306 1450
3 1309 1454 1306
3 1459 1462 1312
3 1312 1462 1316
3 1318 1316 1462
3 1471 1473 1472
3 1468 1471 1467
3 1469 1328 1470
3 1326 1328 1469
3 1469 1321 1326
3 1469 1465 1321
3 1467 1325 1323
3 1322 1466 1323
3 1323 1466 1467
3 1466 1468 1467
3 1318 1466 1322
3 1463 1466 1318
3 1464 1321 1465
3 1319 1321 1464
3 1464 1315 1319
3 1464 1461 1315
3 1318 1462 1463
3 1304 1450 1301
3 1452 1303 1302
3 1300 1448 1453
3 1300 1453 1452
3 1441 1289 1292
3 1441 1437 1289
3 1440 1431 1432
3 1431 1440 1285
3 1440 1439 1285
3 1439 1291 1285
3 1439 1438 1291
3 1438 1290 1291
3 1436 1289 1437
3 1288 1289 1436
3 1436 1435 1288
3 1288 1435 1283
3 1435 1430 1283
3 1434 1430 1435
3 1434 1429 1430
3 1433 1287 1434
3 1434 1287 1429
3 1292 1293 1441
3 1286 1287 1433
3 1441 1293 1442
3 1438 1294 1290
3 1302 1300 1452
3 1450 1451 1449
3 1298 1301 1447
3 1447 1301 1449
3 1301 1450 1449
3 1448 1300 1444
3 1444 1300 1443
3 1300 1299 1443
3 1443 1299 1294
3 1446 1298 1447
3 1296 1298 1446
3 1446 1445 1295
3 1446 1295 1296
3 1445 1293 1295
3 1445 1442 1293
3 1438 1444 1443
3 1438 1439 1444
3 1443 1294 1438
3 1555 1552 1551
3 1551 1402 1555
3 1402 1556 1555
3 1524 1669 1668
3 1523 1518 1667
3 1667 1518 1666
3 1518 1662 1666
3 1663 1666 1662
3 1664 1521 1665
3 1519 1521 1664
3 1665 1524 1668
3 1664 1515 1519
3 1662 1518 1517
3 1516 1661 1517
3 1517 1661 1662
3 1661 1663 1662
3 1513 1661 1516
3 1657 1661 1513
3 1659 1515 1660
3 1664 1660 1515
3 1521 1524 1665
3 1669 1670 1668
3 1667 1671 1523
3 1677 1534 1678
3 1679 1677 1678
3 1677 1530 1533
3 1677 1674 1530
3 1532 1675 1676
3 1532 1531 1675
3 1526 1675 1531
3 1672 1675 1526
3 1673 1530 1674
3 1528 1530 1673
3 1528 1673 1527
3 1527 1673 1669
3 1673 1670 1669
3 1527 1669 1524
3 1526 1671 1672
3 1526 1525 1671
3 1523 1671 1525
3 1514 1515 1659
3 1659 1658 1514
3 1514 1658 1510
3 1658 1653 1510
3 1647 1646 1501
3 1647 1501 1503
3 1646 1645 1499
3 1646 1499 1501
3 1499 1645 1497
3 1497 1645 1639
3 1645 1640 1639
3 1497 1639 1493
3 1643 1496 1495
3 1494 1642 1495
3 1495 1642 1643
3 1642 1644 1643
3 1641 1642 1494
3 1641 1494 1490
3 1635 1641 1490
3 1636 1641 1635
3 1639 1640 1638
3 1503 1505 1647
3 1677 1533 1534
3 1647 1505 1648
3 1649 1651 1650
3 1658 1654 1653
3 1513 1656 1657
3 1513 1511 1656
3 1655 1656 1511
3 1655 1511 1507
3 1650 1655 1507
3 1651 1655 1650
3 1510 1653 1509
3 1652 1508 1509
3 1652 1509 1653
3 1654 1652 1653
3 1652 1505 1508
3 1652 1648 1505
3 1650 1507 1506
3 1496 1643 1506
3 1643 1649 1506
3 1649 1650 1506
3 1644 1649 1643
3 1638 1637 1491
3 1535 1678 1534
3 1532 1681 1680
3 1710 1560 1709
3 1560 1564 1709
3 1563 1707 1708
3 1563 1562 1707
3 1706 1707 1561
3 1561 1707 1562
3 1559 1706 1561
3 1705 1560 1710
3 1704 1706 1559
3 1560 1701 1556
3 1559 1703 1704
3 1559 1558 1703
3 1702 1703 1557
3 1557 1703 1558
3 1554 1702 1557
3 1699 1702 1554
3 1560 1705 1701
3 1565 1709 1564
3 1708 1711 1563
3 1563 1711 1566
3 1721 1718 1719
3 1721 1720 1718
3 1717 1719 1571
3 1571 1719 1572
3 1719 1718 1572
3 1716 1717 1570
3 1570 1717 1571
3 1568 1716 1570
3 1713 1716 1568
3 1565 1569 1715
3 1565 1715 1714
3 1709 1565 1714
3 1714 1710 1709
3 1568 1712 1713
3 1568 1567 1712
3 1711 1712 1566
3 1566 1712 1567
3 1700 1556 1701
3 1555 1556 1700
3 1700 1552 1555
3 1700 1697 1552
3 1686 1689 1685
3 1687 1543 1688
3 1542 1543 1687
3 1687 1539 1542
3 1687 1683 1539
3 1685 1541 1540
3 1537 1680 1540
3 1680 1684 1540
3 1684 1685 1540
3 1684 1686 1685
3 1681 1684 1680
3 1535 1539 1683
3 1535 1683 1682
3 1678 1535 1682
3 1682 1679 1678
3 1680 1537 1536
3 1532 1676 1681
3 1685 1689 1541
3 1536 1532 1680
3 1689 1544 1541
3 1544 1691 1545
3 1554 1698 1699
3 1554 1553 1698
3 1550 1698 1553
3 1696 1698 1550
3 1552 1697 1694
3 1552 1694 1548
3 1550 1695 1696
3 1550 1549 1695
3 1546 1695 1549
3 1692 1695 1546
3 1693 1548 1694
3 1547 1548 1693
3 1693 1543 1547
3 1693 1688 1543
3 1546 1691 1692
3 1546 1545 1691
3 1690 1691 1544
3 1689 1690 1544
3 1721 1573 1720
3 1638 1491 1493
3 1637 1486 1491
3 1577 1585 1432
3 1585 1584 1432
3 1584 1440 1432
3 1584 1583 1440
3 1583 1439 1440
3 1437 1581 1436
3 1580 1435 1436
3 1585 1577 1578
3 1580 1436 1581
3 1434 1435 1580
3 1434 1580 1579
3 1578 1434 1579
3 1433 1578 1577
3 1434 1578 1433
3 1577 1432 1433
3 1574 1428 1576
3 1582 1580 1581
3 1585 1578 1586
3 1586 1578 1579
3 1587 1582 1581
3 1595 1448 1590
3 1590 1448 1444
3 1593 1447 1594
3 1446 1447 1593
3 1593 1592 1445
3 1593 1445 1446
3 1592 1442 1445
3 1592 1589 1442
3 1591 1583 1584
3 1590 1444 1439
3 1590 1439 1583
3 1591 1590 1583
3 1588 1442 1589
3 1441 1442 1588
3 1588 1587 1441
3 1441 1587 1437
3 1587 1581 1437
3 1426 1428 1574
3 1575 1576 1427
3 1427 1576 1428
3 1424 1575 1427
3 1564 1411 1416
3 1564 1560 1411
3 1415 1562 1563
3 1415 1413 1562
3 1561 1562 1412
3 1412 1562 1413
3 1410 1561 1412
3 1559 1561 1410
3 1411 1560 1556
3 1411 1556 1406
3 1410 1558 1559
3 1410 1408 1558
3 1557 1558 1407
3 1407 1558 1408
3 1405 1557 1407
3 1554 1557 1405
3 1402 1406 1556
3 1416 1417 1564
3 1596 1594 1447
3 1564 1417 1565
3 1415 1566 1418
3 1572 1575 1424
3 1569 1425 1573
3 1421 1425 1569
3 1574 1425 1426
3 1574 1573 1425
3 1424 1571 1572
3 1424 1423 1571
3 1570 1571 1422
3 1422 1571 1423
3 1420 1570 1422
3 1568 1570 1420
3 1421 1569 1565
3 1421 1565 1417
3 1420 1567 1568
3 1420 1419 1567
3 1566 1567 1418
3 1418 1567 1419
3 1563 1566 1415
3 1639 1638 1493
3 1596 1447 1449
3 1596 1451 1597
3 1473 1626 1478
3 1623 1626 1473
3 1624 1477 1625
3 1475 1477 1624
3 1475 1624 1474
3 1474 1624 1619
3 1624 1620 1619
3 1626 1628 1627
3 1474 1619 1470
3 1473 1471 1622
3 1621 1622 1471
3 1621 1471 1468
3 1616 1621 1468
3 1617 1621 1616
3 1619 1620 1618
3 1615 1614 1469
3 1473 1622 1623
3 1479 1626 1627
3 1478 1626 1479
3 1627 1481 1479
3 1637 1632 1486
3 1635 1490 1488
3 1487 1634 1488
3 1488 1634 1635
3 1634 1636 1635
3 1633 1634 1487
3 1633 1487 1481
3 1627 1633 1481
3 1628 1633 1627
3 1631 1486 1632
3 1484 1486 1631
3 1631 1630 1483
3 1631 1483 1484
3 1630 1629 1482
3 1630 1482 1483
3 1629 1477 1482
3 1629 1625 1477
3 1618 1615 1469
3 1470 1618 1469
3 1619 1618 1470
3 1469 1614 1465
3 1459 1458 1606
3 1456 1606 1458
3 1602 1606 1456
3 1604 1605 1603
3 1454 1457 1601
3 1601 1457 1603
3 1457 1604 1603
3 1602 1456 1600
3 1600 1456 1599
3 1456 1455 1599
3 1599 1455 1453
3 1454 1601 1597
3 1454 1597 1451
3 1600 1599 1598
3 1453 1448 1595
3 1453 1595 1598
3 1599 1453 1598
3 1459 1606 1607
3 1449 1451 1596
3 1460 1604 1457
3 1461 1608 1460
3 1616 1468 1466
3 1463 1612 1617
3 1463 1617 1616
3 1466 1463 1616
3 1614 1615 1613
3 1610 1609 1464
3 1613 1610 1464
3 1465 1613 1464
3 1614 1613 1465
3 1464 1609 1461
3 1463 1611 1612
3 1463 1462 1611
3 1459 1611 1462
3 1607 1611 1459
3 1609 1610 1608
3 1605 1604 1460
3 1608 1605 1460
3 1609 1608 1461
3 1238 1391 1392
3 1907 2043 2044
3 2045 2041 2040
3 2378 2464 2376
3 2375 2464 2463
3 2376 2464 2375
3 2463 2462 2456
3 2463 2456 2370
3 2375 2463 2370
3 2461 2455 2462
3 2457 2380 2373
3 2462 2455 2456
3 2461 2454 2455
3 2459 2453 2460
3 2460 2453 2454
3 2458 2452 2459
3 2459 2452 2453
3 2452 2458 2457
3 2452 2457 2374
3 2460 2454 2461
3 2380 2457 2382
3 2457 2465 2382
3 2457 2458 2465
3 2475 2473 2474
3 2473 2472 2383
3 2383 2472 2378
3 2472 2464 2378
3 2471 2464 2472
3 2471 2463 2464
3 2470 2463 2471
3 2470 2462 2463
3 2469 2462 2470
3 2469 2461 2462
3 2468 2461 2469
3 2468 2460 2461
3 2467 2460 2468
3 2467 2459 2460
3 2458 2459 2465
3 2465 2459 2466
3 2459 2467 2466
3 2363 2452 2374
3 2473 2384 2474
3 2457 2373 2374
3 2367 2456 2455
3 2443 2449 2334
3 2330 2448 2441
3 2336 2448 2330
3 2447 2439 2448
3 2448 2439 2441
3 2447 2444 2439
3 2439 2444 2440
3 2334 2449 2338
3 2444 2445 2440
3 2334 2442 2443
3 2334 2333 2442
3 2442 2333 2332
3 2442 2332 2436
3 2438 2442 2436
3 2436 2332 2328
3 2325 2441 2434
3 2446 2445 2444
3 2338 2450 2339
3 2449 2450 2338
3 2339 2451 2340
3 2368 2456 2367
3 2366 2455 2454
3 2367 2455 2366
3 2365 2454 2453
3 2366 2454 2365
3 2364 2453 2452
3 2365 2453 2364
3 2452 2363 2364
3 2345 2448 2336
3 2345 2447 2448
3 2343 2447 2345
3 2343 2444 2447
3 2341 2444 2343
3 2341 2340 2451
3 2341 2451 2446
3 2444 2341 2446
3 2450 2451 2339
3 2370 2456 2368
3 2473 2383 2384
3 2385 2474 2384
3 2476 2386 2465
3 2500 2499 2504
3 2408 2502 2503
3 2408 2407 2502
3 2502 2407 2406
3 2502 2406 2496
3 2498 2502 2496
3 2496 2406 2402
3 2500 2504 2505
3 2405 2501 2403
3 2501 2493 2400
3 2403 2501 2400
3 2494 2499 2500
3 2494 2493 2499
3 2498 2496 2497
3 2495 2497 2401
3 2401 2497 2402
3 2501 2499 2493
3 2506 2499 2501
3 2504 2499 2506
3 2409 2507 2405
3 2416 2514 2415
3 2514 2513 2507
3 2514 2507 2411
3 2415 2514 2411
3 2512 2506 2513
3 2513 2506 2507
3 2510 2504 2512
3 2512 2504 2506
3 2505 2510 2511
3 2505 2504 2510
3 2414 2508 2509
3 2414 2413 2508
3 2408 2508 2413
3 2503 2508 2408
3 2411 2507 2409
3 2507 2506 2501
3 2507 2501 2405
3 2497 2496 2402
3 2398 2495 2401
3 2491 2495 2398
3 2400 2493 2399
3 2484 2482 2483
3 2476 2477 2391
3 2477 2483 2391
3 2483 2392 2391
3 2483 2482 2392
3 2476 2391 2386
3 2390 2481 2388
3 2387 2481 2479
3 2388 2481 2387
3 2474 2385 2387
3 2478 2474 2387
3 2479 2478 2387
3 2480 2478 2479
3 2478 2475 2474
3 2465 2477 2476
3 2465 2466 2477
3 2465 2386 2382
3 2485 2480 2479
3 2330 2441 2325
3 2485 2479 2481
3 2486 2481 2390
3 2488 2395 2399
3 2492 2488 2399
3 2493 2492 2399
3 2494 2492 2493
3 2492 2489 2488
3 2398 2490 2491
3 2398 2397 2490
3 2490 2397 2396
3 2490 2396 2482
3 2484 2490 2482
3 2482 2396 2392
3 2395 2488 2394
3 2487 2393 2394
3 2487 2394 2488
3 2489 2487 2488
3 2487 2486 2393
3 2393 2486 2390
3 2485 2481 2486
3 2439 2431 2441
3 2441 2431 2434
3 2433 2439 2440
3 2382 2282 2381
3 2282 2281 2381
3 2281 2379 2381
3 2279 2379 2281
3 2379 2279 2275
3 2384 2278 2385
3 2276 2278 2384
3 2386 2282 2382
3 2384 2383 2276
3 2383 2377 2273
3 2383 2378 2377
3 2382 2381 2380
3 2379 2372 2381
3 2381 2372 2380
3 2372 2373 2380
3 2371 2372 2379
3 2276 2383 2273
3 2387 2385 2278
3 2387 2278 2283
3 2388 2283 2284
3 2288 2396 2291
3 2392 2396 2288
3 2394 2290 2395
3 2289 2290 2394
3 2394 2393 2289
3 2289 2393 2286
3 2393 2389 2286
3 2393 2390 2389
3 2288 2391 2392
3 2288 2287 2391
3 2282 2391 2287
3 2386 2391 2282
3 2286 2389 2285
3 2388 2284 2285
3 2388 2285 2389
3 2390 2388 2389
3 2388 2387 2283
3 2371 2379 2275
3 2274 2371 2275
3 2371 2274 2270
3 2273 2377 2272
3 2367 2359 2262
3 2366 2359 2367
3 2366 2358 2359
3 2365 2358 2366
3 2365 2357 2358
3 2364 2357 2365
3 2364 2356 2357
3 2355 2356 2362
3 2362 2356 2363
3 2356 2364 2363
3 2361 2354 2362
3 2362 2354 2355
3 2360 2353 2361
3 2361 2353 2354
3 2353 2265 2259
3 2360 2265 2353
3 2262 2359 2261
3 2266 2367 2262
3 2291 2397 2292
3 2368 2367 2266
3 2368 2267 2369
3 2376 2271 2272
3 2376 2272 2377
3 2378 2376 2377
3 2376 2375 2271
3 2271 2375 2268
3 2375 2369 2268
3 2375 2370 2369
3 2374 2362 2363
3 2361 2362 2372
3 2372 2362 2373
3 2362 2374 2373
3 2371 2360 2372
3 2372 2360 2361
3 2360 2270 2265
3 2371 2270 2360
3 2268 2369 2267
3 2368 2266 2267
3 2370 2368 2369
3 2509 2515 2414
3 2396 2397 2291
3 2293 2397 2398
3 2426 2422 2428
3 2428 2422 2424
3 2423 2426 2427
3 2423 2422 2426
3 2425 2318 2421
3 2421 2318 2420
3 2318 2317 2420
3 2320 2428 2316
3 2420 2317 2315
3 2316 2424 2314
3 2422 2417 2424
3 2424 2417 2418
3 2416 2422 2423
3 2416 2417 2422
3 2421 2420 2419
3 2315 2312 2414
3 2314 2424 2418
3 2316 2428 2424
3 2425 2429 2318
3 2318 2429 2321
3 2433 2431 2439
3 2438 2436 2437
3 2435 2437 2327
3 2327 2437 2328
3 2437 2436 2328
3 2322 2435 2327
3 2430 2435 2322
3 2324 2428 2320
3 2434 2426 2428
3 2434 2428 2324
3 2325 2434 2324
3 2434 2431 2426
3 2426 2431 2427
3 2431 2432 2427
3 2433 2432 2431
3 2322 2429 2430
3 2322 2321 2429
3 2315 2414 2419
3 2420 2315 2419
3 2314 2418 2313
3 2418 2417 2412
3 2303 2407 2305
3 2298 2406 2303
3 2402 2406 2298
3 2302 2404 2300
3 2403 2299 2300
3 2403 2300 2404
3 2405 2403 2404
3 2403 2296 2299
3 2403 2400 2296
3 2298 2401 2402
3 2298 2297 2401
3 2293 2401 2297
3 2398 2401 2293
3 2399 2296 2400
3 2294 2296 2399
3 2399 2290 2294
3 2399 2395 2290
3 2406 2407 2303
3 2293 2292 2397
3 2306 2305 2407
3 2409 2405 2404
3 2418 2412 2309
3 2313 2418 2309
3 2412 2417 2410
3 2410 2417 2415
3 2417 2416 2415
3 2415 2411 2410
3 2312 2413 2414
3 2312 2311 2413
3 2306 2413 2311
3 2408 2413 2306
3 2309 2412 2308
3 2307 2412 2410
3 2308 2412 2307
3 2404 2302 2307
3 2409 2404 2307
3 2410 2409 2307
3 2411 2409 2410
3 2306 2407 2408
3 2414 2515 2419
3 2421 2419 2515
3 2421 2515 2516
3 2619 2612 2620
3 2620 2612 2613
3 2612 2619 2611
3 2611 2619 2617
3 2619 2618 2617
3 2610 2611 2615
3 2615 2611 2616
3 2526 2620 2518
3 2611 2617 2616
3 2615 2609 2610
3 2608 2609 2614
3 2608 2614 2524
3 2522 2608 2524
3 2608 2522 2516
3 2518 2613 2517
3 2613 2612 2607
3 2614 2609 2615
3 2518 2620 2613
3 2614 2530 2524
3 2530 2614 2531
3 2621 2622 2535
3 2622 2628 2535
3 2628 2536 2535
3 2628 2627 2536
3 2621 2535 2531
3 2533 2626 2532
3 2626 2625 2620
3 2626 2620 2526
3 2532 2626 2526
3 2620 2625 2619
3 2619 2625 2623
3 2625 2624 2623
3 2623 2618 2619
3 2615 2622 2621
3 2615 2616 2622
3 2614 2615 2621
3 2614 2621 2531
3 2613 2607 2511
3 2517 2613 2511
3 2611 2606 2612
3 2612 2606 2607
3 2603 2600 2601
3 2603 2602 2600
3 2592 2594 2508
3 2594 2601 2508
3 2601 2509 2508
3 2601 2600 2509
3 2592 2508 2503
3 2500 2599 2591
3 2505 2599 2500
3 2598 2590 2599
3 2599 2590 2591
3 2597 2589 2598
3 2598 2589 2590
3 2595 2587 2597
3 2597 2587 2589
3 2588 2595 2596
3 2588 2587 2595
3 2602 2603 2596
3 2629 2627 2628
3 2595 2602 2596
3 2605 2595 2597
3 2610 2605 2611
3 2611 2605 2606
3 2609 2604 2610
3 2610 2604 2605
3 2608 2602 2609
3 2609 2602 2604
3 2600 2602 2608
3 2600 2608 2516
3 2515 2600 2516
3 2600 2515 2509
3 2505 2607 2599
3 2511 2607 2505
3 2606 2598 2607
3 2607 2598 2599
3 2605 2597 2606
3 2606 2597 2598
3 2604 2595 2605
3 2604 2602 2595
3 2594 2592 2593
3 2624 2625 2630
3 2539 2630 2538
3 2649 2646 2647
3 2645 2646 2648
3 2645 2648 2594
3 2593 2645 2594
3 2645 2593 2586
3 2578 2647 2644
3 2588 2647 2578
3 2648 2646 2649
3 2646 2643 2647
3 2645 2642 2646
3 2646 2642 2643
3 2641 2642 2645
3 2641 2645 2586
3 2585 2641 2586
3 2585 2640 2641
3 2583 2640 2585
3 2647 2643 2644
3 2596 2649 2588
3 2588 2649 2647
3 2648 2601 2594
3 2624 2653 2652
3 2631 2653 2624
3 2651 2652 2653
3 2651 2653 2629
3 2628 2651 2629
3 2651 2628 2622
3 2624 2652 2623
3 2652 2651 2650
3 2652 2650 2618
3 2623 2652 2618
3 2650 2622 2616
3 2651 2622 2650
3 2618 2650 2617
3 2650 2616 2617
3 2603 2649 2596
3 2603 2648 2649
3 2601 2648 2603
3 2640 2583 2576
3 2578 2644 2577
3 2644 2643 2639
3 2644 2639 2569
3 2557 2633 2566
3 2635 2565 2566
3 2560 2634 2559
3 2558 2634 2633
3 2559 2634 2558
3 2633 2557 2558
3 2545 2630 2539
3 2545 2543 2632
3 2545 2632 2631
3 2630 2545 2631
3 2632 2543 2541
3 2632 2541 2627
3 2629 2632 2627
3 2627 2541 2536
3 2538 2626 2533
3 2630 2625 2626
3 2630 2626 2538
3 2633 2635 2566
3 2624 2630 2631
3 2633 2636 2635
3 2636 2633 2637
3 2577 2644 2569
3 2642 2638 2643
3 2643 2638 2639
3 2641 2637 2642
3 2642 2637 2638
3 2640 2636 2641
3 2641 2636 2637
3 2635 2636 2640
3 2635 2640 2576
3 2575 2635 2576
3 2635 2575 2565
3 2569 2639 2568
3 2567 2639 2638
3 2568 2639 2567
3 2638 2637 2634
3 2638 2634 2560
3 2567 2638 2560
3 2637 2633 2634
3 2260 2359 2358
3 2584 2586 2502
3 2593 2503 2502
3 2546 2544 2537
3 2537 2544 2539
3 2544 2545 2539
3 2545 2542 2543
3 2545 2544 2542
3 2541 2543 2442
3 2442 2543 2443
3 2446 2546 2445
3 2543 2542 2443
3 2536 2541 2438
3 2433 2540 2534
3 2440 2540 2433
3 2540 2537 2534
3 2534 2537 2533
3 2537 2538 2533
3 2539 2538 2537
3 2438 2541 2442
3 2546 2540 2445
3 2546 2537 2540
3 2445 2540 2440
3 2471 2552 2551
3 2472 2552 2471
3 2470 2551 2550
3 2471 2551 2470
3 2469 2550 2549
3 2470 2550 2469
3 2468 2549 2548
3 2469 2549 2468
3 2467 2548 2547
3 2468 2548 2467
3 2547 2466 2467
3 2451 2546 2446
3 2451 2544 2546
3 2450 2544 2451
3 2450 2542 2544
3 2449 2542 2450
3 2542 2449 2443
3 2438 2535 2536
3 2438 2437 2535
3 2535 2437 2435
3 2535 2435 2529
3 2527 2519 2520
3 2518 2525 2526
3 2518 2519 2525
3 2524 2523 2522
3 2425 2421 2516
3 2425 2516 2522
3 2523 2425 2522
3 2416 2521 2514
3 2423 2521 2416
3 2520 2513 2521
3 2521 2513 2514
3 2519 2512 2520
3 2520 2512 2513
3 2512 2519 2510
3 2510 2519 2517
3 2519 2518 2517
3 2517 2511 2510
3 2525 2519 2527
3 2473 2553 2472
3 2528 2520 2521
3 2427 2528 2423
3 2531 2535 2529
3 2529 2435 2430
3 2432 2528 2427
3 2534 2527 2528
3 2534 2528 2432
3 2433 2534 2432
3 2527 2534 2525
3 2525 2534 2532
3 2534 2533 2532
3 2532 2526 2525
3 2531 2529 2530
3 2523 2524 2429
3 2524 2530 2429
3 2530 2430 2429
3 2530 2529 2430
3 2523 2429 2425
3 2423 2528 2521
3 2527 2520 2528
3 2586 2593 2502
3 2472 2553 2552
3 2554 2477 2547
3 2582 2581 2573
3 2582 2573 2489
3 2492 2582 2489
3 2580 2572 2581
3 2581 2572 2573
3 2579 2571 2580
3 2580 2571 2572
3 2494 2582 2492
3 2571 2579 2570
3 2579 2578 2577
3 2577 2569 2570
3 2576 2574 2575
3 2564 2565 2490
3 2565 2575 2490
3 2575 2491 2490
3 2575 2574 2491
3 2570 2579 2577
3 2574 2495 2491
3 2576 2583 2574
3 2583 2495 2574
3 2593 2592 2503
3 2584 2502 2498
3 2494 2591 2582
3 2500 2591 2494
3 2590 2581 2591
3 2591 2581 2582
3 2589 2580 2590
3 2590 2580 2581
3 2587 2579 2589
3 2589 2579 2580
3 2578 2587 2588
3 2578 2579 2587
3 2586 2584 2585
3 2583 2585 2497
3 2497 2585 2498
3 2585 2584 2498
3 2583 2497 2495
3 2564 2490 2484
3 2489 2573 2487
3 2486 2573 2572
3 2487 2573 2486
3 2563 2553 2475
3 2478 2563 2475
3 2561 2552 2562
3 2562 2552 2553
3 2552 2561 2551
3 2551 2561 2559
3 2561 2560 2559
3 2558 2551 2559
3 2558 2550 2551
3 2549 2550 2556
3 2556 2550 2557
3 2550 2558 2557
3 2555 2548 2556
3 2556 2548 2549
3 2554 2547 2555
3 2555 2547 2548
3 2547 2477 2466
3 2563 2562 2553
3 2475 2553 2473
3 2480 2563 2478
3 2483 2554 2484
3 2485 2572 2571
3 2486 2572 2485
3 2571 2570 2563
3 2571 2563 2480
3 2485 2571 2480
3 2563 2570 2562
3 2562 2570 2568
3 2570 2569 2568
3 2567 2562 2568
3 2567 2561 2562
3 2567 2560 2561
3 2566 2556 2557
3 2555 2556 2564
3 2564 2556 2565
3 2556 2566 2565
3 2554 2555 2564
3 2554 2564 2484
3 2554 2483 2477
3 1908 2040 1905
3 2261 2359 2260
3 2358 2352 2255
3 2148 2152 2026
3 2150 2028 2151
3 2027 2028 2150
3 2150 2025 2027
3 2150 2147 2025
3 2149 2143 2144
3 2148 2026 2022
3 2026 2152 2029
3 2148 2022 2143
3 2146 2025 2147
3 2024 2025 2146
3 2146 2021 2024
3 2146 2142 2021
3 2145 2137 2138
3 2137 2145 2018
3 2145 2144 2018
3 2149 2148 2143
3 2030 2029 2152
3 2030 2152 2153
3 2154 2151 2028
3 2037 2162 2042
3 2158 2162 2037
3 2160 2041 2161
3 2039 2041 2160
3 2160 2159 2038
3 2160 2038 2039
3 2159 2034 2038
3 2159 2156 2034
3 2037 2157 2158
3 2037 2035 2157
3 2030 2157 2035
3 2153 2157 2030
3 2155 2034 2156
3 2032 2034 2155
3 2155 2154 2031
3 2155 2031 2032
3 2154 2028 2031
3 2144 2023 2018
3 2042 2163 2043
3 2144 2143 2023
3 2141 2021 2142
3 2132 2131 2014
3 2013 2131 2130
3 2014 2131 2013
3 2130 2012 2013
3 2009 2129 2007
3 2006 2129 2128
3 2007 2129 2006
3 2132 2014 2005
3 2128 2005 2006
3 1994 2126 2127
3 1992 2126 1994
3 1992 2125 2126
3 1990 2125 1992
3 2125 1990 1987
3 1983 2127 2124
3 1989 2127 1983
3 1994 2127 1989
3 2133 2132 2005
3 2128 2133 2005
3 2133 2128 2129
3 2020 2021 2141
3 2141 2016 2020
3 2141 2136 2016
3 2140 2131 2132
3 2139 2131 2140
3 2139 2130 2131
3 2130 2139 2012
3 2139 2138 2012
3 2138 2019 2012
3 2138 2137 2019
3 2137 2018 2019
3 2135 2016 2136
3 2015 2016 2135
3 2135 2134 2015
3 2015 2134 2009
3 2134 2129 2009
3 2133 2129 2134
3 2143 2022 2023
3 2162 2163 2042
3 2044 2043 2163
3 2044 2163 2164
3 2192 2188 2073
3 2193 2192 2073
3 2194 2192 2193
3 2192 2189 2188
3 2072 2190 2191
3 2072 2071 2190
3 2066 2190 2071
3 2188 2070 2073
3 2185 2190 2066
3 2187 2068 2069
3 2187 2069 2188
3 2189 2187 2188
3 2187 2186 2067
3 2187 2067 2068
3 2186 2064 2067
3 2186 2183 2064
3 2070 2188 2069
3 2074 2193 2073
3 2191 2195 2072
3 2072 2195 2075
3 2084 2083 2203
3 2079 2203 2083
3 2200 2203 2079
3 2082 2201 2080
3 2198 2077 2202
3 2202 2077 2201
3 2077 2080 2201
3 2079 2199 2200
3 2079 2078 2199
3 2076 2199 2078
3 2196 2199 2076
3 2074 2077 2198
3 2074 2198 2197
3 2193 2074 2197
3 2197 2194 2193
3 2076 2195 2196
3 2076 2075 2195
3 2066 2184 2185
3 2066 2065 2184
3 2061 2184 2065
3 2180 2184 2061
3 2169 2173 2049
3 2171 2052 2172
3 2051 2052 2171
3 2171 2170 2050
3 2171 2050 2051
3 2170 2047 2050
3 2170 2167 2047
3 2049 2168 2169
3 2049 2048 2168
3 2044 2168 2048
3 2164 2168 2044
3 2166 2047 2167
3 2046 2047 2166
3 2166 2165 2045
3 2166 2045 2046
3 2165 2041 2045
3 2165 2161 2041
3 2049 2173 2053
3 2126 2122 2127
3 2053 2174 2054
3 2055 2054 2174
3 2182 2064 2183
3 2063 2064 2182
3 2182 2181 2062
3 2182 2062 2063
3 2181 2058 2062
3 2181 2177 2058
3 2061 2179 2180
3 2061 2060 2179
3 2178 2179 2059
3 2059 2179 2060
3 2055 2178 2059
3 2175 2178 2055
3 2176 2058 2177
3 2056 2058 2176
3 2176 2052 2056
3 2176 2172 2052
3 2055 2174 2175
3 2173 2174 2053
3 2127 2122 2124
3 2125 2120 2126
3 2126 2120 2122
3 2073 1934 1937
3 2073 2070 1934
3 1936 2071 2072
3 1936 1935 2071
3 1930 2071 1935
3 2066 2071 1930
3 2069 1934 2070
3 1937 1939 2073
3 1933 1934 2069
3 2069 1932 1933
3 2068 2067 1931
3 2068 1931 1932
3 2067 1928 1931
3 2067 2064 1928
3 1930 2065 2066
3 1930 1929 2065
3 2069 2068 1932
3 2073 1939 2074
3 2072 2075 1936
3 1936 2075 1940
3 1948 2081 1945
3 1947 2083 2084
3 1947 1946 2083
3 1944 2083 1946
3 2079 2083 1944
3 2081 2082 2080
3 1942 1945 2077
3 2077 1945 2080
3 1945 2081 2080
3 1944 2078 2079
3 1944 1943 2078
3 1941 2078 1943
3 2076 2078 1941
3 1942 2077 2074
3 1942 2074 1939
3 1941 2075 2076
3 1941 1940 2075
3 1926 2065 1929
3 2061 2065 1926
3 2063 1928 2064
3 1927 1928 2063
3 2049 2053 1914
3 2051 1917 2052
3 1916 1917 2051
3 2051 2050 1915
3 2051 1915 1916
3 2050 1911 1915
3 2050 2047 1911
3 1914 2048 2049
3 1914 1912 2048
3 1907 2048 1912
3 2044 2048 1907
3 2046 1911 2047
3 1910 1911 2046
3 2046 2045 1909
3 2046 1909 1910
3 1909 2045 1908
3 1908 2045 2040
3 1914 2053 1918
3 1948 1949 2081
3 1918 2054 1919
3 1920 1919 2054
3 2063 2062 1927
3 1927 2062 1923
3 2062 2057 1923
3 2062 2058 2057
3 1926 2060 2061
3 1926 1925 2060
3 2059 2060 1924
3 1924 2060 1925
3 1920 2059 1924
3 2055 2059 1920
3 1923 2057 1922
3 2056 1921 1922
3 2056 1922 2057
3 2058 2056 2057
3 2056 1917 1921
3 2056 2052 1917
3 1920 2054 2055
3 2053 2054 1918
3 2084 2203 2204
3 1949 2082 2081
3 2084 2086 1947
3 1978 2115 1980
3 1976 2114 1978
3 2110 2114 1976
3 1972 2113 2107
3 1977 2113 1972
3 2107 2113 2106
3 2106 2113 2111
3 2114 2115 1978
3 2113 2112 2111
3 1976 2109 2110
3 1976 1975 2109
3 2108 2109 1973
3 1973 2109 1975
3 1970 2108 1973
3 2103 2108 1970
3 1972 2107 1971
3 2111 2105 2106
3 2117 2116 1981
3 1980 2117 1981
3 2115 2117 1980
3 2118 2120 2125
3 2118 2125 1987
3 1986 2118 1987
3 1986 2116 2118
3 1984 2116 1986
3 2116 1984 1981
3 1977 2124 2113
3 1983 2124 1977
3 2124 2122 2113
3 2113 2122 2112
3 2122 2123 2112
3 2123 2120 2121
3 2123 2122 2120
3 2121 2118 2119
3 2121 2120 2118
3 2119 2116 2117
3 2119 2118 2116
3 2107 2106 2099
3 2107 2099 1965
3 1971 2107 1965
3 2099 2106 2097
3 2093 2094 1959
3 1959 2094 1960
3 1955 2093 1959
3 2090 2093 1955
3 1958 2091 1956
3 2088 1953 2092
3 2092 1953 2091
3 1953 1956 2091
3 1955 2089 2090
3 1955 1954 2089
3 1951 2089 1954
3 2087 2089 1951
3 1953 2088 2085
3 1953 2085 1949
3 1951 2086 2087
3 1951 1950 2086
3 1947 2086 1950
3 1962 1960 2094
3 1949 2085 2082
3 1962 2094 2095
3 2098 2096 2097
3 2097 2106 2104
3 2106 2105 2104
3 2104 2098 2097
3 1970 2102 2103
3 1970 1969 2102
3 2101 2102 1967
3 1967 2102 1969
3 2100 2101 1966
3 1966 2101 1967
3 1962 2100 1966
3 2095 2100 1962
3 1965 2099 1964
3 1963 2099 2097
3 1964 2099 1963
3 2091 1958 1963
3 2096 2091 1963
3 2097 2096 1963
3 2096 2092 2091
3 2205 2202 2201
3 2201 2082 2205
3 2082 2206 2205
3 2304 2195 2191
3 2308 2194 2309
3 2192 2194 2308
3 2308 2307 2192
3 2192 2307 2189
3 2307 2301 2189
3 2307 2302 2301
3 2311 2310 2196
3 2306 2304 2305
3 2190 2305 2191
3 2305 2304 2191
3 2185 2303 2190
3 2298 2303 2185
3 2189 2301 2187
3 2300 2186 2187
3 2300 2187 2301
3 2303 2305 2190
3 2311 2196 2195
3 2306 2311 2195
3 2304 2306 2195
3 2320 2202 2319
3 2202 2205 2319
3 2204 2317 2318
3 2204 2203 2317
3 2200 2317 2203
3 2315 2317 2200
3 2202 2316 2314
3 2202 2314 2198
3 2315 2200 2312
3 2312 2200 2310
3 2200 2199 2310
3 2310 2199 2196
3 2313 2198 2314
3 2197 2198 2313
3 2313 2194 2197
3 2313 2309 2194
3 2312 2310 2311
3 2302 2300 2301
3 2300 2299 2186
3 2186 2299 2183
3 2299 2295 2183
3 2175 2287 2288
3 2175 2174 2287
3 2287 2174 2173
3 2287 2173 2280
3 2282 2287 2280
3 2280 2173 2169
3 2285 2172 2286
3 2171 2172 2285
3 2285 2284 2170
3 2285 2170 2171
3 2284 2283 2170
3 2170 2283 2167
3 2283 2277 2167
3 2283 2278 2277
3 2282 2280 2281
3 2279 2281 2168
3 2168 2281 2169
3 2289 2286 2172
3 2316 2202 2320
3 2289 2172 2176
3 2289 2177 2290
3 2299 2296 2295
3 2185 2297 2298
3 2185 2184 2297
3 2180 2297 2184
3 2293 2297 2180
3 2183 2295 2182
3 2294 2181 2182
3 2294 2182 2295
3 2296 2294 2295
3 2294 2177 2181
3 2294 2290 2177
3 2180 2292 2293
3 2180 2179 2292
3 2291 2292 2178
3 2178 2292 2179
3 2175 2291 2178
3 2288 2291 2175
3 2176 2177 2289
3 2281 2280 2169
3 2206 2319 2205
3 2204 2321 2207
3 2233 2347 2225
3 2233 2346 2347
3 2231 2346 2233
3 2231 2344 2346
3 2229 2344 2231
3 2229 2342 2344
3 2227 2342 2229
3 2348 2248 2249
3 2342 2227 2223
3 2225 2347 2217
3 2346 2335 2347
3 2347 2335 2337
3 2346 2344 2335
3 2335 2344 2336
3 2344 2345 2336
3 2345 2342 2343
3 2217 2347 2337
3 2250 2349 2249
3 2249 2349 2348
3 2251 2350 2250
3 2260 2358 2255
3 2356 2351 2357
3 2357 2351 2352
3 2355 2350 2356
3 2356 2350 2351
3 2354 2349 2355
3 2355 2349 2350
3 2353 2348 2354
3 2354 2348 2349
3 2348 2259 2248
3 2353 2259 2348
3 2255 2352 2253
3 2252 2352 2351
3 2253 2352 2252
3 2251 2351 2350
3 2252 2351 2251
3 2250 2350 2349
3 2345 2344 2342
3 2341 2343 2222
3 2222 2343 2223
3 2343 2342 2223
3 2212 2331 2209
3 2329 2323 2331
3 2331 2323 2326
3 2325 2329 2330
3 2325 2323 2329
3 2211 2327 2328
3 2211 2210 2327
3 2208 2327 2210
3 2322 2327 2208
3 2206 2326 2319
3 2209 2326 2206
3 2326 2323 2319
3 2319 2323 2320
3 2323 2324 2320
3 2325 2324 2323
3 2208 2321 2322
3 2208 2207 2321
3 2209 2331 2326
3 2318 2321 2204
3 2328 2332 2211
3 2213 2333 2214
3 2340 2341 2220
3 2220 2341 2222
3 2339 2340 2219
3 2219 2340 2220
3 2338 2339 2218
3 2218 2339 2219
3 2215 2338 2218
3 2334 2338 2215
3 2212 2337 2331
3 2217 2337 2212
3 2335 2329 2337
3 2337 2329 2331
3 2330 2335 2336
3 2330 2329 2335
3 2215 2333 2334
3 2215 2214 2333
3 2332 2333 2213
3 2211 2332 2213
3 2358 2357 2352
3 2164 2279 2168
3 2167 2277 2166
3 2236 2235 2226
3 2236 2226 2105
3 2111 2236 2105
3 2234 2224 2235
3 2235 2224 2226
3 2234 2232 2224
3 2224 2232 2225
3 2112 2236 2111
3 2232 2233 2225
3 2233 2232 2230
3 2231 2228 2229
3 2231 2230 2228
3 2227 2229 2109
3 2109 2229 2110
3 2229 2228 2110
3 2227 2109 2108
3 2233 2230 2231
3 2228 2114 2110
3 2114 2228 2115
3 2115 2228 2230
3 2140 2241 2139
3 2240 2138 2139
3 2136 2239 2135
3 2134 2239 2238
3 2135 2239 2134
3 2133 2238 2237
3 2134 2238 2133
3 2237 2132 2133
3 2123 2236 2112
3 2123 2235 2236
3 2121 2235 2123
3 2121 2234 2235
3 2119 2234 2121
3 2119 2232 2234
3 2117 2232 2119
3 2117 2230 2232
3 2115 2230 2117
3 2227 2108 2221
3 2223 2227 2221
3 2221 2108 2103
3 2105 2226 2104
3 2213 2214 2093
3 2093 2214 2094
3 2090 2213 2093
3 2211 2213 2090
3 2092 2212 2209
3 2092 2209 2088
3 2090 2210 2211
3 2090 2089 2210
3 2087 2210 2089
3 2208 2210 2087
3 2088 2209 2206
3 2088 2206 2085
3 2087 2207 2208
3 2087 2086 2207
3 2084 2207 2086
3 2204 2207 2084
3 2082 2085 2206
3 2095 2094 2214
3 2139 2241 2240
3 2095 2214 2215
3 2217 2092 2216
3 2226 2224 2216
3 2226 2216 2098
3 2104 2226 2098
3 2217 2224 2225
3 2217 2216 2224
3 2223 2221 2222
3 2220 2222 2102
3 2102 2222 2103
3 2222 2221 2103
3 2219 2220 2101
3 2101 2220 2102
3 2218 2219 2100
3 2100 2219 2101
3 2095 2218 2100
3 2215 2218 2095
3 2098 2216 2096
3 2212 2092 2217
3 2092 2096 2216
3 2275 2279 2164
3 2132 2237 2140
3 2237 2242 2241
3 2157 2263 2158
3 2263 2157 2153
3 2267 2156 2268
3 2155 2156 2267
3 2267 2266 2154
3 2267 2154 2155
3 2266 2151 2154
3 2263 2269 2158
3 2266 2262 2151
3 2258 2259 2265
3 2263 2257 2264
3 2264 2257 2258
3 2256 2257 2263
3 2256 2263 2153
3 2152 2256 2153
3 2256 2152 2148
3 2258 2265 2264
3 2263 2264 2269
3 2264 2265 2270
3 2264 2270 2269
3 2276 2165 2166
3 2276 2166 2277
3 2278 2276 2277
3 2276 2161 2165
3 2276 2273 2161
3 2164 2274 2275
3 2164 2163 2274
3 2274 2163 2162
3 2274 2162 2269
3 2270 2274 2269
3 2269 2162 2158
3 2272 2161 2273
3 2160 2161 2272
3 2272 2271 2159
3 2272 2159 2160
3 2271 2156 2159
3 2271 2268 2156
3 2261 2151 2262
3 2150 2151 2261
3 2261 2260 2150
3 2150 2260 2147
3 2249 2242 2250
3 2249 2241 2242
3 2240 2241 2247
3 2247 2241 2248
3 2241 2249 2248
3 2240 2247 2246
3 2240 2246 2145
3 2138 2240 2145
3 2246 2144 2145
3 2142 2245 2141
3 2245 2244 2239
3 2245 2239 2136
3 2141 2245 2136
3 2243 2238 2244
3 2244 2238 2239
3 2242 2237 2243
3 2243 2237 2238
3 2250 2242 2243
3 2237 2241 2140
3 2250 2243 2251
3 2251 2244 2252
3 2260 2254 2147
3 2260 2255 2254
3 2247 2259 2258
3 2247 2248 2259
3 2257 2246 2258
3 2258 2246 2247
3 2246 2257 2256
3 2246 2256 2149
3 2144 2246 2149
3 2256 2148 2149
3 2147 2254 2146
3 2245 2142 2146
3 2253 2245 2146
3 2254 2253 2146
3 2255 2253 2254
3 2252 2245 2253
3 2252 2244 2245
3 2251 2243 2244
3 1238 1236 1391
3 1233 1391 1236
3 1388 1391 1233
3 490 366 367
3 366 488 365
3 489 488 366
3 482 487 483
3 482 486 487
3 481 486 482
3 481 485 486
3 490 489 366
3 479 485 481
3 474 484 475
3 484 474 360
3 483 484 360
3 364 483 360
3 482 483 364
3 482 363 481
3 482 364 363
3 480 485 479
3 491 367 368
3 491 490 367
3 368 369 491
3 500 379 497
3 497 379 374
3 498 377 499
3 375 377 498
3 498 373 375
3 498 496 373
3 497 374 493
3 493 374 370
3 495 373 496
3 372 373 495
3 495 369 372
3 495 492 369
3 371 488 494
3 371 365 488
3 371 493 370
3 494 493 371
3 491 369 492
3 481 362 479
3 380 499 377
3 481 363 362
3 362 478 479
3 467 351 349
3 345 462 349
3 462 466 349
3 466 467 349
3 466 468 467
3 462 465 466
3 460 465 462
3 353 464 348
3 461 465 460
3 346 348 463
3 463 343 346
3 463 457 343
3 462 345 344
3 460 462 456
3 456 462 342
3 462 344 342
3 463 348 464
3 353 469 464
3 468 470 467
3 470 472 471
3 478 480 479
3 477 478 361
3 477 361 357
3 473 477 357
3 473 476 477
3 471 476 473
3 472 476 471
3 475 469 353
3 475 353 359
3 474 475 359
3 360 474 359
3 473 357 355
3 473 354 471
3 473 355 354
3 351 467 354
3 467 470 354
3 470 471 354
3 361 478 362
3 380 501 499
3 500 502 379
3 379 502 381
3 528 531 412
3 529 531 528
3 414 530 527
3 414 527 409
3 528 412 410
3 406 526 529
3 406 529 528
3 531 415 412
3 410 406 528
3 409 524 523
3 407 409 523
3 407 523 404
3 406 525 526
3 406 405 525
3 402 525 405
3 521 525 402
3 409 527 524
3 531 532 415
3 532 534 533
3 416 532 533
3 546 420 422
3 545 544 419
3 545 419 420
3 419 544 542
3 419 542 543
3 418 419 543
3 541 542 540
3 543 542 541
3 537 540 539
3 541 540 537
3 539 538 537
3 533 536 535
3 534 536 533
3 535 530 414
3 535 414 416
3 533 535 416
3 415 532 416
3 523 524 522
3 400 404 518
3 518 404 522
3 404 523 522
3 390 509 391
3 391 509 510
3 509 511 510
3 388 509 390
3 507 509 388
3 389 508 505
3 389 505 385
3 388 506 507
3 388 386 506
3 383 506 386
3 503 506 383
3 504 385 505
3 384 385 504
3 504 380 384
3 504 501 380
3 383 502 503
3 383 381 502
3 510 392 391
3 460 456 455
3 512 508 389
3 393 395 512
3 402 520 521
3 402 401 520
3 519 520 401
3 519 401 397
3 515 519 397
3 516 519 515
3 517 400 518
3 398 400 517
3 517 395 398
3 517 513 395
3 515 397 396
3 392 510 396
3 510 514 396
3 514 515 396
3 514 516 515
3 511 514 510
3 512 395 513
3 512 389 393
3 460 455 459
3 461 460 459
3 455 458 459
3 303 401 402
3 303 302 401
3 298 401 302
3 397 401 298
3 399 400 398
3 395 394 299
3 398 395 299
3 305 403 399
3 301 398 299
3 299 394 296
3 298 396 397
3 298 297 396
3 295 396 297
3 392 396 295
3 394 395 393
3 293 296 389
3 399 398 301
3 305 399 301
3 400 399 404
3 404 399 403
3 411 408 313
3 408 311 313
3 312 410 313
3 313 410 411
3 410 412 411
3 308 410 312
3 406 410 308
3 408 409 407
3 404 403 309
3 407 404 309
3 311 407 309
3 408 407 311
3 309 403 305
3 308 405 406
3 308 306 405
3 303 405 306
3 402 405 303
3 389 296 393
3 296 394 393
3 295 391 392
3 295 294 391
3 379 381 378
3 285 380 377
3 285 377 376
3 284 285 376
3 284 376 281
3 378 283 282
3 280 374 379
3 280 379 378
3 282 280 378
3 376 377 375
3 278 281 373
3 373 281 375
3 281 376 375
3 374 280 370
3 370 280 275
3 372 278 373
3 277 278 372
3 381 383 382
3 413 408 411
3 381 382 286
3 283 378 286
3 390 391 294
3 390 294 292
3 387 390 292
3 388 390 387
3 293 389 385
3 293 385 290
3 387 292 291
3 287 382 291
3 382 386 291
3 386 387 291
3 386 388 387
3 383 386 382
3 384 290 385
3 288 290 384
3 384 285 288
3 384 380 285
3 382 287 286
3 378 381 286
3 546 545 420
3 409 408 414
3 412 415 411
3 446 440 441
3 448 446 441
3 448 447 446
3 444 336 445
3 335 336 444
3 444 332 335
3 444 439 332
3 446 449 440
3 443 329 437
3 440 443 437
3 440 437 438
3 442 440 438
3 442 441 440
3 332 439 436
3 332 436 327
3 434 330 325
3 443 334 329
3 440 450 443
3 440 449 450
3 450 338 334
3 453 458 455
3 454 458 453
3 343 457 452
3 343 452 340
3 456 338 450
3 456 342 338
3 449 455 456
3 449 456 450
3 446 453 455
3 446 455 449
3 453 447 454
3 446 447 453
3 451 340 452
3 339 340 451
3 451 336 339
3 451 445 336
3 450 334 443
3 431 437 434
3 434 437 330
3 437 329 330
3 437 432 438
3 428 319 417
3 418 428 417
3 427 428 418
3 424 427 426
3 428 427 424
3 426 425 424
3 422 317 423
3 316 317 422
3 316 422 420
3 316 420 421
3 315 316 421
3 417 420 419
3 421 420 417
3 419 418 417
3 413 416 414
3 413 415 416
3 411 415 413
3 319 320 417
3 414 408 413
3 417 320 321
3 421 321 315
3 431 432 437
3 323 327 436
3 323 436 435
3 429 323 435
3 435 430 429
3 428 326 319
3 424 434 428
3 428 434 326
3 434 325 326
3 431 434 424
3 431 424 425
3 433 431 425
3 433 432 431
3 323 429 322
3 423 317 430
3 430 317 429
3 317 322 429
3 417 321 421
3 422 423 546
3 546 423 547
3 550 549 548
3 657 660 656
3 658 524 659
3 522 524 658
3 658 518 522
3 658 654 518
3 656 521 520
3 519 655 520
3 660 662 661
3 520 655 656
3 516 655 519
3 652 655 516
3 653 518 654
3 517 518 653
3 653 513 517
3 653 649 513
3 516 651 652
3 655 657 656
3 660 661 525
3 656 660 525
3 521 656 525
3 670 534 532
3 531 669 532
3 532 669 670
3 669 671 670
3 529 669 531
3 665 669 529
3 667 668 666
3 527 530 663
3 663 530 666
3 530 667 666
3 529 526 665
3 665 526 664
3 526 661 664
3 662 664 661
3 527 663 659
3 527 659 524
3 661 526 525
3 516 514 651
3 650 651 514
3 650 514 511
3 646 650 511
3 639 501 504
3 639 635 501
3 637 503 502
3 500 632 502
3 632 636 502
3 636 637 502
3 636 638 637
3 633 636 632
3 501 635 631
3 501 631 499
3 497 630 500
3 500 630 632
3 630 634 632
3 634 633 632
3 499 631 629
3 499 629 628
3 498 499 628
3 504 505 639
3 535 672 667
3 639 505 640
3 641 643 642
3 647 650 646
3 648 513 649
3 512 513 648
3 648 508 512
3 648 644 508
3 646 511 509
3 507 642 509
3 642 645 509
3 645 646 509
3 645 647 646
3 643 645 642
3 508 644 640
3 508 640 505
3 642 507 506
3 503 637 506
3 637 641 506
3 641 642 506
3 638 641 637
3 498 628 496
3 535 667 530
3 673 667 672
3 707 705 701
3 707 706 705
3 554 703 698
3 559 703 554
3 699 703 704
3 699 698 703
3 702 549 697
3 705 700 701
3 702 556 549
3 693 702 697
3 700 694 701
3 693 694 700
3 547 698 691
3 554 698 547
3 692 698 699
3 692 691 698
3 693 700 702
3 705 708 700
3 708 561 562
3 702 708 562
3 712 713 716
3 714 572 715
3 570 572 714
3 714 566 570
3 714 710 566
3 712 561 708
3 712 568 561
3 712 708 705
3 712 705 711
3 713 712 711
3 706 711 705
3 559 566 710
3 559 710 709
3 703 559 709
3 709 704 703
3 702 562 556
3 700 708 702
3 687 551 538
3 683 551 687
3 683 550 551
3 549 550 683
3 539 686 687
3 538 539 687
3 683 686 685
3 687 686 683
3 685 684 683
3 681 682 680
3 677 680 679
3 681 680 677
3 679 678 677
3 672 676 673
3 536 675 676
3 536 676 672
3 535 536 672
3 674 675 536
3 674 536 534
3 670 674 534
3 671 674 670
3 539 688 686
3 668 667 673
3 689 539 540
3 542 677 678
3 697 549 683
3 684 697 683
3 696 697 684
3 693 696 695
3 697 696 693
3 695 694 693
3 547 691 546
3 690 545 546
3 690 546 691
3 692 690 691
3 545 690 544
3 544 690 681
3 690 682 681
3 677 544 681
3 677 542 544
3 540 542 689
3 689 542 678
3 689 688 539
3 372 274 277
3 630 497 625
3 628 629 627
3 575 572 571
3 569 448 441
3 567 573 569
3 569 573 448
3 573 447 448
3 573 568 574
3 567 568 573
3 577 575 576
3 445 571 444
3 570 565 444
3 571 570 444
3 572 570 571
3 570 566 565
3 564 442 438
3 563 569 564
3 564 569 442
3 565 439 444
3 576 575 451
3 575 571 451
3 571 445 451
3 585 461 459
3 585 458 583
3 585 459 458
3 454 578 458
3 578 582 458
3 582 583 458
3 582 584 583
3 579 582 578
3 452 457 581
3 452 581 580
3 576 452 580
3 580 577 576
3 578 447 573
3 578 454 447
3 578 574 579
3 573 574 578
3 452 576 451
3 569 441 442
3 560 567 569
3 560 569 563
3 567 561 568
3 548 555 557
3 548 557 552
3 555 549 556
3 548 549 555
3 430 554 547
3 430 547 423
3 543 427 418
3 541 427 543
3 541 426 427
3 537 553 541
3 541 553 426
3 553 425 426
3 552 553 537
3 552 537 538
3 551 552 538
3 548 551 550
3 552 551 548
3 557 432 433
3 457 463 586
3 553 557 433
3 553 433 425
3 560 561 567
3 436 565 558
3 439 565 436
3 559 565 566
3 559 558 565
3 564 432 557
3 564 438 432
3 555 563 564
3 555 564 557
3 560 563 555
3 560 555 556
3 562 560 556
3 562 561 560
3 436 558 435
3 554 430 559
3 559 430 558
3 430 435 558
3 552 557 553
3 625 497 493
3 587 457 586
3 464 586 463
3 611 616 613
3 612 616 611
3 606 615 607
3 615 606 483
3 614 615 483
3 487 614 483
3 613 614 487
3 613 616 617
3 613 486 611
3 485 610 486
3 486 610 611
3 610 612 611
3 609 610 485
3 609 485 480
3 605 609 480
3 605 608 609
3 613 487 486
3 613 617 614
3 619 618 489
3 489 618 488
3 624 623 495
3 627 624 495
3 496 627 495
3 628 627 496
3 495 623 492
3 494 618 626
3 494 488 618
3 494 625 493
3 626 625 494
3 623 624 622
3 622 621 491
3 622 491 492
3 623 622 492
3 621 620 490
3 621 490 491
3 620 619 489
3 620 489 490
3 603 608 605
3 604 608 603
3 607 600 475
3 607 475 484
3 591 595 596
3 589 595 591
3 590 595 589
3 464 469 594
3 464 594 593
3 586 464 593
3 593 587 586
3 592 468 466
3 592 465 591
3 592 466 465
3 589 591 585
3 585 591 461
3 591 465 461
3 589 585 583
3 589 583 588
3 590 589 588
3 584 588 583
3 591 596 592
3 581 457 587
3 592 596 597
3 597 598 470
3 606 607 484
3 483 606 484
3 605 480 478
3 605 477 603
3 605 478 477
3 476 602 477
3 477 602 603
3 602 604 603
3 601 602 476
3 601 476 472
3 598 601 472
3 599 601 598
3 475 600 594
3 475 594 469
3 598 472 470
3 468 592 470
3 592 597 470
3 597 599 598
3 716 713 717
3 372 369 274
3 276 270 365
3 129 76 78
3 134 77 132
3 134 78 77
3 74 126 77
3 126 131 77
3 131 132 77
3 131 133 132
3 134 129 78
3 127 131 126
3 71 76 125
3 125 76 128
3 76 129 128
3 126 74 72
3 69 124 127
3 69 127 126
3 72 69 126
3 129 130 128
3 135 129 134
3 130 129 136
3 136 129 135
3 149 152 151
3 153 152 149
3 151 150 149
3 147 148 146
3 143 146 145
3 147 146 143
3 145 144 143
3 139 142 141
3 140 142 139
3 141 135 139
3 136 135 141
3 139 135 134
3 139 134 138
3 140 139 138
3 134 137 138
3 132 137 134
3 133 137 132
3 71 125 122
3 152 153 144
3 71 122 67
3 69 68 123
3 112 58 55
3 112 55 111
3 113 112 111
3 57 111 56
3 111 55 56
3 105 110 106
3 105 109 110
3 113 111 57
3 104 109 105
3 102 108 104
3 103 108 102
3 99 107 100
3 107 99 50
3 106 107 50
3 53 106 50
3 105 106 53
3 104 108 109
3 59 113 57
3 114 113 59
3 115 59 60
3 64 123 68
3 121 123 64
3 67 122 120
3 67 120 119
3 65 67 119
3 65 119 63
3 121 64 117
3 117 64 62
3 119 120 118
3 61 63 116
3 116 63 118
3 63 119 118
3 117 62 112
3 112 62 58
3 115 61 116
3 60 61 115
3 115 114 59
3 69 123 124
3 144 153 143
3 153 80 143
3 80 81 143
3 176 180 175
3 170 179 171
3 179 170 106
3 178 179 106
3 110 178 106
3 177 178 110
3 177 109 175
3 175 180 177
3 177 110 109
3 109 174 175
3 174 176 175
3 173 174 108
3 173 108 103
3 169 173 103
3 169 172 173
3 167 172 169
3 108 174 109
3 177 180 181
3 177 181 178
3 183 182 113
3 117 187 192
3 188 192 187
3 190 120 191
3 118 120 190
3 190 116 118
3 190 186 116
3 112 182 117
3 117 182 187
3 182 189 187
3 189 188 187
3 185 116 186
3 115 116 185
3 185 184 114
3 185 114 115
3 184 183 113
3 184 113 114
3 113 182 112
3 168 172 167
3 171 166 100
3 171 100 107
3 170 171 107
3 91 159 156
3 91 156 155
3 89 91 155
3 89 155 84
3 153 87 80
3 149 157 153
3 153 157 87
3 157 86 87
3 157 150 158
3 149 150 157
3 155 156 154
3 148 147 82
3 154 148 82
3 84 154 82
3 155 154 84
3 143 82 147
3 143 81 82
3 157 158 160
3 105 52 104
3 160 158 161
3 160 86 157
3 106 170 107
3 169 103 101
3 167 169 164
3 164 169 98
3 169 101 98
3 167 165 168
3 164 165 167
3 100 166 163
3 100 163 96
3 164 93 160
3 164 98 93
3 164 161 165
3 160 161 164
3 162 96 163
3 94 96 162
3 162 91 94
3 162 159 91
3 160 93 86
3 105 53 52
3 104 51 102
3 104 52 51
3 39 35 36
3 41 39 36
3 41 40 39
3 35 38 37
3 37 36 35
3 31 34 32
3 31 33 34
3 39 42 35
3 29 33 31
3 32 26 31
3 27 26 32
3 31 26 29
3 29 26 13
3 26 12 13
3 11 24 13
3 24 28 13
3 30 33 29
3 38 35 43
3 35 44 43
3 35 42 44
3 54 57 56
3 56 55 54
3 49 53 50
3 49 52 53
3 48 52 49
3 48 51 52
3 46 51 48
3 47 51 46
3 50 44 49
3 45 44 50
3 42 48 49
3 42 49 44
3 39 46 48
3 39 48 42
3 46 40 47
3 39 40 46
3 44 45 43
3 28 29 13
3 28 30 29
3 25 28 24
3 27 22 26
3 1 2 14
3 16 15 14
3 10 13 12
3 11 13 10
3 12 7 10
3 8 7 12
3 10 7 4
3 10 4 9
3 11 10 9
3 5 9 4
3 8 0 7
3 3 0 8
3 4 7 0
3 4 0 1
3 6 4 1
3 6 5 4
3 0 3 2
3 2 16 14
3 54 55 16
3 2 17 16
3 18 2 3
3 23 22 27
3 12 22 8
3 12 26 22
3 24 11 9
3 5 21 25
3 5 25 24
3 9 5 24
3 23 19 22
3 20 19 23
3 8 19 3
3 8 22 19
3 14 6 1
3 15 21 5
3 15 5 6
3 14 15 6
3 19 20 18
3 18 17 2
3 19 18 3
3 193 117 192
3 55 15 16
3 59 57 54
3 88 92 41
3 92 40 41
3 92 86 93
3 85 86 92
3 90 91 89
3 84 83 37
3 89 84 37
3 85 92 88
3 38 89 37
3 79 88 83
3 83 88 37
3 88 36 37
3 85 88 79
3 85 79 80
3 87 85 80
3 87 86 85
3 90 89 38
3 88 41 36
3 43 90 38
3 95 94 45
3 47 97 51
3 97 101 51
3 101 102 51
3 101 103 102
3 98 101 97
3 100 95 99
3 96 95 100
3 50 95 45
3 50 99 95
3 97 40 92
3 97 47 40
3 97 93 98
3 92 93 97
3 95 96 94
3 91 90 43
3 94 91 43
3 45 94 43
3 83 84 82
3 79 82 81
3 83 82 79
3 81 80 79
3 64 68 25
3 66 67 65
3 23 27 63
3 63 27 65
3 27 66 65
3 64 25 62
3 62 25 21
3 23 63 61
3 23 61 20
3 62 21 58
3 58 21 15
3 60 20 61
3 18 20 60
3 60 59 17
3 60 17 18
3 17 59 16
3 16 59 54
3 25 68 28
3 55 58 15
3 30 28 68
3 32 70 66
3 75 78 76
3 75 77 78
3 73 77 75
3 74 77 73
3 76 70 75
3 71 70 76
3 75 70 73
3 73 70 34
3 70 32 34
3 33 72 34
3 34 72 73
3 72 74 73
3 30 72 33
3 69 72 30
3 71 66 70
3 67 66 71
3 32 66 27
3 30 68 69
3 121 117 193
3 122 191 120
3 122 194 191
3 314 317 316
3 316 315 314
3 310 313 311
3 310 312 313
3 307 312 310
3 308 312 307
3 310 311 309
3 320 319 318
3 304 307 310
3 305 304 309
3 307 306 308
3 307 304 221
3 306 307 221
3 222 306 221
3 220 306 222
3 303 306 220
3 304 310 309
3 224 225 318
3 225 320 318
3 225 321 320
3 330 329 328
3 235 327 323
3 235 323 230
3 318 233 224
3 232 233 318
3 324 232 318
3 319 324 318
3 326 324 319
3 326 325 324
3 322 230 323
3 228 230 322
3 228 322 226
3 226 322 314
3 322 317 314
3 225 226 321
3 321 226 315
3 226 314 315
3 305 300 304
3 301 300 305
3 221 300 217
3 221 304 300
3 205 289 202
3 204 291 292
3 204 203 291
3 201 291 203
3 287 291 201
3 289 290 288
3 199 202 285
3 285 202 288
3 202 289 288
3 201 286 287
3 201 200 286
3 196 286 200
3 283 286 196
3 284 199 285
3 197 199 284
3 284 194 197
3 284 281 194
3 205 207 289
3 330 328 325
3 207 290 289
3 292 294 204
3 220 302 303
3 220 218 302
3 215 302 218
3 298 302 215
3 300 301 299
3 212 217 296
3 296 217 299
3 217 300 299
3 215 297 298
3 215 213 297
3 210 297 213
3 295 297 210
3 212 296 293
3 212 293 207
3 210 294 295
3 210 208 294
3 204 294 208
3 207 293 290
3 196 193 283
3 325 328 324
3 237 238 324
3 267 360 260
3 260 360 352
3 360 359 352
3 358 265 263
3 358 262 356
3 358 263 262
3 261 355 262
3 352 359 353
3 262 355 356
3 354 355 261
3 354 261 257
3 350 354 257
3 351 354 350
3 353 347 352
3 348 347 353
3 260 347 253
3 355 357 356
3 357 361 356
3 356 361 358
3 358 361 362
3 276 370 275
3 371 370 276
3 368 274 369
3 273 274 368
3 368 367 272
3 368 272 273
3 367 366 271
3 367 271 272
3 271 365 270
3 366 365 271
3 360 269 364
3 267 269 360
3 363 364 268
3 268 364 269
3 362 363 268
3 362 268 265
3 358 362 265
3 260 352 347
3 350 257 255
3 254 349 255
3 255 349 350
3 337 242 333
3 337 245 242
3 337 334 338
3 333 334 337
3 240 243 336
3 240 336 335
3 331 240 335
3 335 332 331
3 333 237 328
3 333 242 237
3 333 329 334
3 328 329 333
3 240 331 239
3 327 235 332
3 332 235 331
3 235 239 331
3 324 238 232
3 339 336 243
3 328 237 324
3 339 243 246
3 339 247 340
3 349 351 350
3 252 349 254
3 345 349 252
3 347 348 346
3 250 253 343
3 343 253 346
3 253 347 346
3 252 249 345
3 345 249 344
3 249 341 344
3 342 344 341
3 250 343 340
3 250 340 247
3 341 245 337
3 341 249 245
3 341 338 342
3 337 338 341
3 246 247 339
3 276 365 371
3 283 193 282
3 280 282 279
3 229 230 228
3 227 228 226
3 229 228 227
3 223 226 225
3 227 226 223
3 225 224 223
3 219 222 221
3 233 232 231
3 220 222 219
3 217 216 221
3 219 216 214
3 219 214 218
3 220 219 218
3 215 218 214
3 217 211 216
3 212 211 217
3 221 216 219
3 233 231 224
3 231 223 224
3 231 234 223
3 239 235 148
3 234 152 144
3 231 152 234
3 231 151 152
3 150 151 231
3 236 150 231
3 232 236 231
3 238 236 232
3 238 237 236
3 148 235 230
3 148 230 229
3 146 148 229
3 227 146 229
3 227 145 146
3 223 234 227
3 227 234 145
3 234 144 145
3 216 211 214
3 214 211 142
3 211 141 142
3 140 209 142
3 201 203 127
3 130 202 199
3 130 199 198
3 128 130 198
3 128 198 125
3 127 124 201
3 201 124 200
3 124 195 200
3 196 200 195
3 198 199 197
3 122 125 194
3 194 125 197
3 125 198 197
3 195 124 123
3 121 193 196
3 121 196 195
3 123 121 195
3 127 203 131
3 239 148 154
3 133 131 203
3 136 206 205
3 209 213 142
3 213 214 142
3 213 215 214
3 210 213 209
3 212 206 211
3 207 206 212
3 141 206 136
3 141 211 206
3 209 140 138
3 137 208 138
3 138 208 209
3 208 210 209
3 133 208 137
3 204 208 133
3 206 207 205
3 130 136 202
3 202 136 205
3 133 203 204
3 193 279 282
3 154 156 239
3 236 237 241
3 271 270 183
3 266 269 267
3 266 268 269
3 264 268 266
3 265 268 264
3 267 259 266
3 260 259 267
3 183 270 182
3 266 259 264
3 259 178 181
3 180 263 181
3 181 263 264
3 263 265 264
3 262 263 180
3 262 180 176
3 258 262 176
3 264 259 181
3 272 183 184
3 272 271 183
3 273 184 185
3 194 281 278
3 194 278 191
3 279 193 192
3 188 275 280
3 188 280 279
3 192 188 279
3 277 191 278
3 190 191 277
3 277 186 190
3 277 274 186
3 189 270 276
3 189 182 270
3 189 275 188
3 276 275 189
3 273 186 274
3 185 186 273
3 273 272 184
3 258 261 262
3 256 261 258
3 257 261 256
3 260 253 171
3 248 161 244
3 248 165 161
3 248 245 249
3 244 245 248
3 246 163 247
3 162 163 246
3 246 159 162
3 246 243 159
3 244 158 241
3 244 161 158
3 244 242 245
3 241 242 244
3 159 243 240
3 159 240 156
3 241 150 236
3 241 158 150
3 241 237 242
3 166 247 163
3 239 156 240
3 166 250 247
3 251 249 252
3 260 171 179
3 259 260 179
3 178 259 179
3 258 176 174
3 258 173 256
3 258 174 173
3 172 255 173
3 173 255 256
3 255 257 256
3 254 255 172
3 254 172 168
3 251 254 168
3 252 254 251
3 171 253 250
3 171 250 166
3 251 165 248
3 251 168 165
3 248 249 251
3 716 574 568
3 716 568 712
3 718 715 572
3 1175 1171 1170
3 997 1170 994
3 996 1173 1174
3 996 995 1173
3 1172 1173 995
3 1172 995 991
3 1166 1172 991
3 997 1175 1170
3 1167 1172 1166
3 1169 1168 992
3 1169 992 994
3 1170 1169 994
3 1168 989 992
3 1168 1164 989
3 1166 991 990
3 986 1161 990
3 1170 1171 1169
3 999 1175 997
3 1177 1176 1001
3 1176 999 1001
3 1013 1186 1182
3 1011 1184 1185
3 1011 1009 1184
3 1004 1184 1009
3 1180 1184 1004
3 1182 1183 1181
3 1178 1177 1006
3 1181 1178 1006
3 1008 1181 1006
3 1182 1181 1008
3 1006 1177 1001
3 1004 1179 1180
3 1004 1002 1179
3 996 1179 1002
3 1174 1179 996
3 1177 1178 1176
3 1176 1175 999
3 1161 1165 990
3 1013 1182 1008
3 1165 1166 990
3 1162 1165 1161
3 1152 1154 1151
3 978 1153 1149
3 978 1149 1148
3 977 978 1148
3 977 1148 973
3 1151 976 974
3 972 1145 974
3 1154 1156 1155
3 1145 1150 974
3 1150 1152 1151
3 1146 1150 1145
3 1148 1149 1147
3 969 973 1143
3 1143 973 1147
3 973 1148 1147
3 1145 972 970
3 1150 1151 974
3 1154 1155 979
3 1151 1154 979
3 976 1151 979
3 1163 989 1164
3 987 989 1163
3 1163 983 987
3 1163 1158 983
3 1161 986 985
3 984 1160 985
3 985 1160 1161
3 1160 1162 1161
3 1159 1160 984
3 1159 984 981
3 1155 1159 981
3 1156 1159 1155
3 1157 983 1158
3 982 983 1157
3 1157 978 982
3 1157 1153 978
3 1155 981 979
3 1165 1167 1166
3 1183 1182 1187
3 1182 1188 1187
3 1182 1186 1188
3 1048 1215 1043
3 1210 1215 1208
3 1208 1215 1213
3 1215 1214 1213
3 1213 1209 1208
3 1046 1211 1212
3 1046 1044 1211
3 1043 1215 1210
3 1039 1211 1044
3 1036 1210 1204
3 1043 1210 1036
3 1208 1202 1210
3 1210 1202 1204
3 1203 1208 1209
3 1203 1202 1208
3 1195 1041 1026
3 1207 1211 1039
3 1212 1216 1046
3 1046 1216 1049
3 1051 1049 1216
3 1224 1058 1225
3 1057 1058 1224
3 1224 1223 1057
3 1057 1223 1053
3 1223 1219 1053
3 1223 1220 1219
3 1221 1056 1054
3 1051 1217 1222
3 1051 1222 1221
3 1054 1051 1221
3 1053 1219 1052
3 1215 1048 1052
3 1218 1215 1052
3 1219 1218 1052
3 1220 1218 1219
3 1218 1214 1215
3 1051 1216 1217
3 1193 1041 1195
3 1193 1040 1041
3 1040 1193 1024
3 1039 1206 1207
3 1027 1196 1194
3 1027 1194 1195
3 1026 1027 1195
3 1193 1194 1192
3 1195 1194 1193
3 1189 1188 1022
3 1192 1189 1022
3 1024 1192 1022
3 1193 1192 1024
3 1186 1022 1188
3 1186 1020 1022
3 1020 1186 1013
3 1019 1190 1191
3 1019 1017 1190
3 1011 1190 1017
3 1185 1190 1011
3 1188 1189 1187
3 1197 1027 1028
3 966 1141 970
3 1197 1196 1027
3 1198 1197 1028
3 1039 1038 1206
3 1205 1206 1037
3 1037 1206 1038
3 1019 1205 1037
3 1191 1205 1019
3 1036 1204 1034
3 1033 1204 1202
3 1034 1204 1033
3 1201 1032 1033
3 1201 1033 1202
3 1203 1201 1202
3 1201 1200 1031
3 1201 1031 1032
3 1200 1199 1030
3 1200 1030 1031
3 1199 1198 1029
3 1199 1029 1030
3 1198 1028 1029
3 1141 1144 970
3 1144 1145 970
3 1144 1146 1145
3 1089 1091 920
3 921 1090 1085
3 921 1085 916
3 920 1088 1089
3 920 918 1088
3 1087 1088 917
3 917 1088 918
3 920 1091 922
3 1086 1087 917
3 1083 1086 915
3 1084 1086 1083
3 916 1085 1080
3 916 1080 911
3 1083 915 913
3 912 1082 913
3 913 1082 1083
3 1086 917 915
3 1091 1093 1092
3 923 1091 1092
3 922 1091 923
3 1102 1095 1101
3 1096 1095 1102
3 933 1095 927
3 933 1101 1095
3 1099 931 929
3 928 1098 929
3 929 1098 1099
3 1098 1100 1099
3 1097 1098 928
3 1097 928 925
3 1092 1097 925
3 1093 1097 1092
3 1095 1096 1094
3 921 927 1090
3 1090 927 1094
3 927 1095 1094
3 1092 925 923
3 1082 1084 1083
3 1081 1082 912
3 1081 912 910
3 1077 1081 910
3 1070 898 901
3 1070 1067 898
3 900 1068 1069
3 900 899 1068
3 896 1068 899
3 1065 1068 896
3 1066 898 1067
3 897 898 1066
3 1066 895 897
3 1066 1063 895
3 896 892 1065
3 1065 892 1064
3 892 1060 1064
3 1061 1064 1060
3 1062 895 1063
3 893 895 1062
3 1062 890 893
3 901 902 1070
3 1100 1103 1099
3 1070 902 1071
3 900 1072 903
3 1078 1081 1077
3 906 911 1080
3 906 1080 1079
3 1074 906 1079
3 1079 1075 1074
3 1077 910 908
3 907 1076 908
3 908 1076 1077
3 1076 1078 1077
3 904 1076 907
3 1073 1076 904
3 906 1074 905
3 1071 902 1075
3 1075 902 1074
3 902 905 1074
3 904 1072 1073
3 904 903 1072
3 1069 1072 900
3 1222 1226 1221
3 1103 1105 1104
3 1099 1103 934
3 1133 1134 1132
3 955 958 1130
3 1130 958 1132
3 958 1133 1132
3 1131 957 1128
3 1128 957 1127
3 957 956 1127
3 1131 1135 957
3 1127 956 953
3 954 955 1129
3 1129 952 954
3 1129 1126 952
3 1123 1128 1127
3 1123 1124 1128
3 1123 953 950
3 1127 953 1123
3 1129 955 1130
3 957 1135 959
3 961 959 1135
3 961 1135 1136
3 1142 1144 1141
3 969 1143 1139
3 969 1139 1138
3 967 969 1138
3 967 1138 963
3 1141 966 965
3 964 1140 965
3 965 1140 1141
3 1140 1142 1141
3 961 1140 964
3 1136 1140 961
3 1138 1139 1137
3 1134 1133 962
3 1137 1134 962
3 963 1137 962
3 1138 1137 963
3 962 1133 958
3 952 1126 1122
3 952 1122 949
3 1125 1117 1118
3 1117 1125 946
3 941 1114 1113
3 1112 941 1113
3 940 1112 1111
3 941 1112 940
3 1111 939 940
3 1106 1110 1107
3 1106 1109 1110
3 1104 1109 1106
3 1105 1109 1104
3 1101 1108 1102
3 1108 1101 933
3 1107 1108 933
3 935 1107 933
3 1106 1107 935
3 1106 934 1104
3 1106 935 934
3 931 1099 934
3 941 942 1114
3 1103 1104 934
3 1115 942 943
3 943 945 1115
3 1125 1124 946
3 1124 951 946
3 1124 1123 951
3 1123 950 951
3 1121 949 1122
3 948 949 1121
3 1121 945 948
3 1121 1116 945
3 1120 1112 1113
3 1119 1112 1120
3 1119 1111 1112
3 1111 1119 939
3 1119 1118 939
3 1118 947 939
3 1118 1117 947
3 1117 946 947
3 1115 945 1116
3 1115 1114 942
3 1226 1228 1227
3 1226 1227 1059
3 1221 1226 1059
3 1338 1171 1175
3 1338 1333 1171
3 1336 1174 1173
3 1172 1335 1173
3 1173 1335 1336
3 1335 1337 1336
3 1334 1335 1172
3 1339 1175 1176
3 1334 1172 1167
3 1331 1334 1330
3 1332 1171 1333
3 1169 1171 1332
3 1169 1332 1168
3 1168 1332 1327
3 1332 1328 1327
3 1168 1327 1164
3 1330 1334 1167
3 1339 1338 1175
3 1341 1340 1178
3 1340 1176 1178
3 1185 1184 1349
3 1180 1349 1184
3 1345 1349 1180
3 1347 1348 1346
3 1342 1341 1181
3 1346 1342 1181
3 1183 1346 1181
3 1347 1346 1183
3 1181 1341 1178
3 1180 1344 1345
3 1180 1179 1344
3 1343 1344 1179
3 1343 1179 1174
3 1336 1343 1174
3 1337 1343 1336
3 1341 1342 1340
3 1340 1339 1176
3 1330 1167 1165
3 1162 1324 1165
3 1324 1329 1165
3 1329 1330 1165
3 1157 1314 1153
3 1317 1156 1154
3 1152 1311 1154
3 1311 1316 1154
3 1316 1317 1154
3 1316 1318 1317
3 1312 1316 1311
3 1314 1315 1313
3 1149 1153 1309
3 1309 1153 1313
3 1153 1314 1313
3 1311 1152 1150
3 1146 1307 1150
3 1307 1310 1150
3 1310 1311 1150
3 1310 1312 1311
3 1308 1310 1307
3 1320 1319 1158
3 1185 1349 1350
3 1158 1319 1157
3 1315 1314 1157
3 1329 1331 1330
3 1325 1329 1324
3 1327 1328 1326
3 1321 1320 1163
3 1326 1321 1163
3 1164 1326 1163
3 1327 1326 1164
3 1163 1320 1158
3 1324 1162 1160
3 1159 1323 1160
3 1160 1323 1324
3 1323 1325 1324
3 1322 1323 1159
3 1322 1159 1156
3 1317 1322 1156
3 1318 1322 1317
3 1320 1321 1319
3 1319 1315 1157
3 1149 1309 1306
3 1187 1347 1183
3 1189 1351 1187
3 1223 1379 1220
3 1379 1376 1220
3 1379 1377 1376
3 1378 1222 1374
3 1374 1222 1217
3 1220 1376 1218
3 1371 1214 1218
3 1380 1379 1223
3 1375 1371 1218
3 1377 1375 1376
3 1375 1372 1371
3 1217 1373 1374
3 1217 1216 1373
3 1212 1373 1216
3 1370 1373 1212
3 1214 1371 1213
3 1376 1375 1218
3 1381 1223 1224
3 1381 1380 1223
3 1224 1225 1381
3 1389 1235 1390
3 1234 1235 1389
3 1389 1230 1234
3 1389 1386 1230
3 1233 1387 1388
3 1233 1231 1387
3 1228 1387 1231
3 1384 1387 1228
3 1385 1230 1386
3 1229 1230 1385
3 1385 1225 1229
3 1385 1382 1225
3 1228 1383 1384
3 1228 1226 1383
3 1222 1383 1226
3 1378 1383 1222
3 1381 1225 1382
3 1368 1209 1372
3 1372 1209 1371
3 1209 1213 1371
3 1212 1369 1370
3 1359 1358 1197
3 1359 1197 1198
3 1358 1357 1196
3 1358 1196 1197
3 1357 1356 1194
3 1357 1194 1196
3 1194 1356 1192
3 1192 1356 1352
3 1356 1353 1352
3 1192 1352 1189
3 1191 1354 1355
3 1191 1190 1354
3 1185 1354 1190
3 1350 1354 1185
3 1352 1353 1351
3 1348 1347 1187
3 1351 1348 1187
3 1360 1198 1199
3 1352 1351 1189
3 1360 1359 1198
3 1361 1360 1199
3 1212 1211 1369
3 1207 1369 1211
3 1366 1369 1207
3 1203 1209 1368
3 1203 1368 1367
3 1362 1203 1367
3 1367 1363 1362
3 1207 1365 1366
3 1207 1206 1365
3 1364 1365 1205
3 1205 1365 1206
3 1191 1364 1205
3 1355 1364 1191
3 1203 1362 1201
3 1361 1200 1201
3 1361 1201 1362
3 1363 1361 1362
3 1361 1199 1200
3 1062 1058 890
3 1149 1306 1305
3 1147 1305 1143
3 1088 1255 1256
3 1255 1257 1256
3 1254 1255 1086
3 1086 1255 1087
3 1084 1254 1086
3 1252 1254 1084
3 1085 1253 1249
3 1087 1255 1088
3 1085 1249 1080
3 1084 1082 1251
3 1250 1251 1081
3 1081 1251 1082
3 1078 1250 1081
3 1247 1250 1078
3 1248 1080 1249
3 1079 1080 1248
3 1084 1251 1252
3 1256 1089 1088
3 1090 1253 1085
3 1090 1258 1253
3 1102 1263 1096
3 1265 1100 1098
3 1097 1264 1098
3 1098 1264 1265
3 1264 1266 1265
3 1093 1264 1097
3 1261 1264 1093
3 1262 1096 1263
3 1094 1096 1262
3 1262 1090 1094
3 1262 1258 1090
3 1093 1260 1261
3 1093 1091 1260
3 1259 1260 1091
3 1259 1091 1089
3 1256 1259 1089
3 1257 1259 1256
3 1248 1075 1079
3 1248 1245 1075
3 1078 1246 1247
3 1078 1076 1246
3 1233 1236 1232
3 1234 1067 1235
3 1066 1067 1234
3 1234 1063 1066
3 1234 1230 1063
3 1232 1065 1064
3 1061 1227 1064
3 1227 1231 1064
3 1231 1232 1064
3 1231 1233 1232
3 1228 1231 1227
3 1229 1063 1230
3 1062 1063 1229
3 1229 1058 1062
3 1229 1225 1058
3 1227 1061 1059
3 1056 1221 1059
3 1236 1238 1237
3 1102 1267 1263
3 1236 1237 1068
3 1065 1232 1068
3 1073 1246 1076
3 1243 1246 1073
3 1071 1075 1245
3 1071 1245 1244
3 1239 1071 1244
3 1244 1240 1239
3 1073 1242 1243
3 1073 1072 1242
3 1241 1242 1072
3 1241 1072 1069
3 1237 1241 1069
3 1238 1241 1237
3 1071 1239 1070
3 1235 1067 1240
3 1240 1067 1239
3 1067 1070 1239
3 1237 1069 1068
3 1232 1236 1068
3 1147 1149 1305
3 1266 1268 1265
3 1268 1103 1100
3 1296 1295 1132
3 1296 1132 1134
3 1297 1296 1134
3 1295 1130 1132
3 1295 1293 1130
3 1294 1131 1290
3 1290 1131 1128
3 1297 1298 1296
3 1292 1130 1293
3 1292 1126 1129
3 1292 1289 1126
3 1291 1284 1285
3 1290 1128 1124
3 1290 1124 1284
3 1291 1290 1284
3 1122 1126 1289
3 1129 1130 1292
3 1294 1299 1131
3 1131 1299 1135
3 1136 1135 1299
3 1307 1146 1144
3 1142 1303 1308
3 1142 1308 1307
3 1144 1142 1307
3 1305 1306 1304
3 1139 1143 1301
3 1301 1143 1304
3 1143 1305 1304
3 1142 1302 1303
3 1142 1140 1302
3 1136 1302 1140
3 1300 1302 1136
3 1139 1301 1298
3 1139 1298 1297
3 1137 1139 1297
3 1137 1297 1134
3 1136 1299 1300
3 1122 1289 1288
3 1282 1122 1288
3 1288 1283 1282
3 1287 1278 1279
3 1116 1276 1115
3 1114 1276 1275
3 1115 1276 1114
3 1275 1113 1114
3 1272 1110 1274
3 1107 1110 1272
3 1273 1274 1109
3 1109 1274 1110
3 1105 1273 1109
3 1270 1273 1105
3 1267 1108 1271
3 1102 1108 1267
3 1272 1108 1107
3 1272 1271 1108
3 1105 1269 1270
3 1105 1103 1269
3 1268 1269 1103
3 1277 1118 1119
3 1265 1268 1100
3 1120 1278 1119
3 1279 1278 1120
3 1286 1278 1287
3 1286 1277 1278
3 1277 1286 1118
3 1286 1285 1118
3 1285 1125 1118
3 1285 1284 1125
3 1284 1124 1125
3 1122 1282 1121
3 1276 1116 1121
3 1281 1276 1121
3 1282 1281 1121
3 1283 1281 1282
3 1280 1276 1281
3 1280 1275 1276
3 1275 1280 1113
3 1280 1279 1113
3 1279 1120 1113
3 1119 1278 1277
3 1060 892 891
3 887 1055 891
3 1055 1059 891
3 833 832 837
3 835 832 829
3 835 829 834
3 836 835 834
3 830 834 829
3 832 833 831
3 825 829 832
3 832 838 837
3 825 832 831
3 829 825 823
3 829 823 828
3 830 829 828
3 823 827 828
3 821 827 823
3 822 827 821
3 825 826 824
3 826 825 831
3 832 835 838
3 838 839 837
3 842 841 840
3 684 685 852
3 854 853 852
3 850 851 849
3 838 847 850
3 838 850 849
3 839 838 849
3 847 838 835
3 847 835 846
3 848 847 846
3 836 846 835
3 844 682 845
3 680 682 844
3 844 843 679
3 844 679 680
3 679 843 842
3 679 842 840
3 678 679 840
3 818 823 825
3 818 825 824
3 819 818 824
3 816 821 823
3 665 810 669
3 807 810 665
3 808 668 809
3 666 668 808
3 808 663 666
3 808 805 663
3 665 806 807
3 665 664 806
3 662 806 664
3 803 806 662
3 659 663 805
3 659 805 804
3 800 659 804
3 804 801 800
3 662 802 803
3 662 660 802
3 657 802 660
3 671 669 810
3 685 854 852
3 671 810 811
3 673 812 809
3 816 823 818
3 821 816 814
3 821 814 820
3 822 821 820
3 815 820 814
3 818 819 817
3 673 676 816
3 816 818 817
3 673 816 817
3 812 673 817
3 816 675 814
3 816 676 675
3 674 813 675
3 675 813 814
3 813 815 814
3 671 813 674
3 811 813 671
3 673 809 668
3 798 802 657
3 685 855 854
3 856 855 685
3 710 883 709
3 879 704 884
3 884 704 883
3 704 709 883
3 878 707 701
3 877 881 878
3 878 881 707
3 882 885 881
3 881 706 707
3 881 875 880
3 882 881 880
3 876 880 875
3 704 879 872
3 704 872 699
3 878 694 870
3 878 701 694
3 881 877 875
3 885 887 886
3 885 886 711
3 881 885 711
3 889 715 718
3 893 889 718
3 894 893 718
3 895 893 894
3 893 890 889
3 717 713 892
3 892 713 891
3 713 886 891
3 887 891 886
3 715 889 714
3 883 710 714
3 888 883 714
3 889 888 714
3 890 888 889
3 888 884 883
3 886 713 711
3 706 881 711
3 868 877 878
3 868 878 870
3 866 875 877
3 866 877 868
3 850 861 864
3 850 864 863
3 851 850 863
3 861 850 847
3 861 847 860
3 862 861 860
3 848 860 847
3 858 692 859
3 690 692 858
3 858 682 690
3 858 845 682
3 840 689 678
3 688 689 857
3 857 689 841
3 689 840 841
3 857 856 686
3 857 686 688
3 866 865 864
3 856 685 686
3 864 865 863
3 866 867 865
3 875 866 864
3 875 864 874
3 876 875 874
3 864 873 874
3 861 873 864
3 862 873 861
3 699 872 859
3 699 859 692
3 852 696 684
3 695 696 871
3 871 696 853
3 696 852 853
3 695 871 869
3 695 869 870
3 694 695 870
3 868 869 867
3 870 869 868
3 868 867 866
3 719 894 718
3 659 800 658
3 799 794 658
3 746 748 747
3 745 746 608
3 745 608 604
3 742 745 604
3 743 745 742
3 607 744 739
3 607 739 600
3 609 746 747
3 742 604 602
3 602 741 742
3 741 743 742
3 740 741 601
3 740 601 599
3 737 740 599
3 738 740 737
3 600 739 733
3 601 741 602
3 608 746 609
3 749 610 609
3 749 609 747
3 757 758 614
3 617 757 614
3 756 757 617
3 756 616 754
3 756 617 616
3 612 749 616
3 749 753 616
3 753 754 616
3 753 755 754
3 749 752 753
3 747 752 749
3 748 752 747
3 751 744 607
3 751 607 615
3 750 751 615
3 614 750 615
3 749 612 610
3 600 733 594
3 737 599 597
3 596 736 597
3 597 736 737
3 725 584 582
3 579 720 582
3 720 724 582
3 724 725 582
3 724 726 725
3 721 724 720
3 581 722 580
3 719 577 723
3 723 577 722
3 577 580 722
3 720 574 716
3 720 579 574
3 720 717 721
3 716 717 720
3 718 577 719
3 575 577 718
3 718 572 575
3 727 723 722
3 758 750 614
3 722 581 727
3 581 587 728
3 736 738 737
3 735 736 595
3 595 736 596
3 734 735 595
3 734 595 590
3 730 734 590
3 731 734 730
3 732 594 733
3 593 594 732
3 732 587 593
3 732 728 587
3 730 590 588
3 584 725 588
3 725 729 588
3 729 730 588
3 729 731 730
3 726 729 725
3 581 728 727
3 794 654 658
3 750 758 751
3 754 759 756
3 789 644 648
3 789 785 644
3 647 787 788
3 647 645 787
3 786 787 645
3 786 645 643
3 783 786 643
3 648 649 789
3 784 786 783
3 644 781 640
3 783 643 641
3 638 778 641
3 778 782 641
3 782 783 641
3 782 784 783
3 779 782 778
3 644 785 781
3 789 649 790
3 788 791 647
3 647 791 650
3 800 799 658
3 801 799 800
3 799 795 794
3 657 797 798
3 657 655 797
3 796 797 655
3 796 655 652
3 792 796 652
3 793 796 792
3 654 794 653
3 790 649 795
3 795 649 794
3 649 653 794
3 792 652 651
3 650 791 651
3 651 791 792
3 791 793 792
3 780 640 781
3 639 640 780
3 780 635 639
3 780 777 635
3 768 626 769
3 769 626 761
3 626 618 761
3 626 767 625
3 768 767 626
3 624 765 622
3 764 621 622
3 764 622 765
3 766 764 765
3 764 763 620
3 764 620 621
3 619 620 763
3 619 763 762
3 761 619 762
3 761 618 619
3 756 760 757
3 756 759 760
3 769 761 762
3 755 759 754
3 770 766 765
3 627 770 624
3 778 638 636
3 633 775 779
3 633 779 778
3 636 633 778
3 635 777 774
3 635 774 631
3 634 773 776
3 634 630 773
3 634 775 633
3 776 775 634
3 631 774 772
3 631 772 629
3 773 630 767
3 767 630 625
3 771 629 772
3 627 629 771
3 771 770 627
3 770 765 624
3 2653 2632 2629
3 892 721 717
3 897 895 894
3 830 1003 834
3 1003 1009 834
3 1009 1010 834
3 1009 1011 1010
3 1004 1009 1003
3 1007 1008 1006
3 1000 1005 1007
3 1010 836 834
3 1000 1007 1006
3 1000 998 1005
3 1005 998 833
3 998 831 833
3 831 998 826
3 1003 830 828
3 827 1002 828
3 828 1002 1003
3 1001 1000 1006
3 837 1005 833
3 1005 837 839
3 1012 1005 839
3 1021 1020 851
3 849 1012 839
3 1018 848 846
3 836 1010 846
3 1010 1017 846
3 1017 1018 846
3 1017 1019 1018
3 1011 1017 1010
3 845 1016 844
3 843 1016 1015
3 844 1016 843
3 842 1015 1014
3 843 1015 842
3 1014 841 842
3 1013 1007 1012
3 1008 1007 1013
3 1007 1005 1012
3 1002 1004 1003
3 822 1002 827
3 996 1002 822
3 1000 1001 999
3 988 989 987
3 809 812 983
3 983 812 987
3 812 988 987
3 811 985 986
3 811 810 985
3 984 985 810
3 984 810 807
3 980 984 807
3 981 984 980
3 982 809 983
3 808 809 982
3 982 805 808
3 982 978 805
3 980 807 806
3 803 975 806
3 975 979 806
3 986 990 811
3 851 1020 849
3 811 990 813
3 815 990 991
3 998 999 997
3 1000 999 998
3 994 993 824
3 997 994 824
3 826 997 824
3 998 997 826
3 824 993 819
3 822 995 996
3 822 820 995
3 815 995 820
3 991 995 815
3 993 994 992
3 989 988 817
3 992 989 817
3 819 992 817
3 993 992 819
3 817 988 812
3 815 813 990
3 979 980 806
3 1020 1013 849
3 1023 1022 1021
3 1049 1051 1050
3 1046 1049 1045
3 872 1047 1042
3 879 1047 872
3 1043 1047 1048
3 1043 1042 1047
3 1045 876 874
3 1049 1050 880
3 873 1044 874
3 1044 1046 1045
3 862 1044 873
3 1039 1044 862
3 859 1042 1035
3 872 1042 859
3 1036 1042 1043
3 1036 1035 1042
3 874 1044 1045
3 1045 1049 880
3 876 1045 880
3 1050 882 880
3 1059 1060 891
3 1059 1061 1060
3 1056 1059 1055
3 1057 890 1058
3 888 890 1057
3 1057 884 888
3 1057 1053 884
3 1055 887 885
3 882 1050 885
3 1050 1054 885
3 1054 1055 885
3 1054 1056 1055
3 1051 1054 1050
3 879 884 1053
3 879 1053 1052
3 1047 879 1052
3 1052 1048 1047
3 1025 871 853
3 869 871 1041
3 1041 871 1026
3 871 1025 1026
3 1032 1015 1033
3 1032 1014 1015
3 1031 857 1032
3 1032 857 1014
3 857 841 1014
3 1031 1030 856
3 1031 856 857
3 1030 1029 855
3 1030 855 856
3 1029 1028 854
3 1029 854 855
3 854 1028 1027
3 854 1027 1025
3 853 854 1025
3 1027 1026 1025
3 1023 1024 1022
3 1021 1022 1020
3 1033 1015 1016
3 1013 1012 849
3 1033 1016 1034
3 1035 1034 858
3 1041 1040 867
3 1041 867 869
3 867 1040 865
3 865 1040 1023
3 1040 1024 1023
3 1021 865 1023
3 1021 863 865
3 863 1021 851
3 862 1038 1039
3 862 860 1038
3 1037 1038 860
3 1037 860 848
3 1018 1037 848
3 1019 1037 1018
3 859 1035 858
3 1016 845 858
3 1034 1016 858
3 1036 1034 1035
3 896 721 892
3 979 981 980
3 977 805 978
3 757 926 758
3 924 755 753
3 752 923 753
3 753 923 924
3 923 925 924
3 922 923 752
3 922 752 748
3 926 927 758
3 919 922 748
3 751 921 916
3 751 916 744
3 919 748 746
3 745 918 746
3 746 918 919
3 918 920 919
3 917 918 745
3 920 922 919
3 927 751 758
3 927 921 751
3 925 928 924
3 764 937 763
3 936 762 763
3 932 935 933
3 932 934 935
3 930 934 932
3 931 934 930
3 933 926 932
3 927 926 933
3 932 926 930
3 930 926 760
3 926 757 760
3 759 929 760
3 760 929 930
3 929 931 930
3 928 929 759
3 928 759 755
3 924 928 755
3 917 745 743
3 914 917 743
3 915 917 914
3 744 916 911
3 905 728 732
3 905 902 728
3 731 903 904
3 731 729 903
3 726 903 729
3 900 903 726
3 901 728 902
3 727 728 901
3 901 723 727
3 901 898 723
3 726 899 900
3 726 724 899
3 721 899 724
3 896 899 721
3 719 723 898
3 719 898 897
3 894 719 897
3 732 733 905
3 763 937 936
3 905 733 906
3 731 907 734
3 744 911 739
3 914 743 741
3 740 913 741
3 741 913 914
3 913 915 914
3 912 913 740
3 912 740 738
3 909 912 738
3 910 912 909
3 739 911 906
3 739 906 733
3 909 738 736
3 735 908 736
3 736 908 909
3 908 910 909
3 907 908 734
3 734 908 735
3 904 907 731
3 976 979 975
3 766 937 764
3 938 768 939
3 963 795 967
3 795 968 967
3 793 965 966
3 793 791 965
3 964 965 791
3 964 791 788
3 960 964 788
3 790 795 963
3 961 964 960
3 789 790 962
3 962 785 789
3 962 958 785
3 960 788 787
3 786 959 787
3 787 959 960
3 959 961 960
3 962 790 963
3 968 969 967
3 966 970 793
3 793 970 796
3 804 805 977
3 977 801 804
3 977 973 801
3 975 803 802
3 798 971 802
3 971 974 802
3 974 975 802
3 974 976 975
3 972 974 971
3 801 973 969
3 801 969 968
3 799 801 968
3 799 968 795
3 971 798 797
3 796 970 797
3 797 970 971
3 970 972 971
3 784 959 786
3 957 959 784
3 785 958 955
3 785 955 781
3 946 773 767
3 946 767 938
3 947 946 938
3 772 944 771
3 943 770 771
3 943 771 944
3 945 943 944
3 943 942 770
3 770 942 766
3 942 937 766
3 941 937 942
3 941 936 937
3 940 769 941
3 941 769 936
3 769 762 936
3 768 769 940
3 768 940 939
3 947 938 939
3 938 767 768
3 948 945 944
3 772 949 948
3 784 956 957
3 784 782 956
3 779 956 782
3 953 956 779
3 954 781 955
3 780 781 954
3 954 777 780
3 954 952 777
3 953 779 950
3 950 779 775
3 777 952 949
3 777 949 774
3 776 946 951
3 776 773 946
3 776 950 775
3 951 950 776
3 772 774 949
3 944 772 948
3 2632 2653 2631
