10 1080 3

0.0006707231659675017 0.00025060524785658345 -0.0008682534389663488 
0.0019294586672913283 0.0008746427774894983 -0.0017756448360159993 
0.0008155545583576895 0.0003922144060197752 -0.000805642906925641 
7.74219079175964e-05 3.795502652792493e-05 -9.883430357149336e-05 
2.8916699363890075e-06 1.3845282751390187e-06 -4.397132414624139e-06 
5.597985874850053e-08 2.1528275453985835e-08 -8.364927239767894e-08 
-9.120812070016748e-11 3.1515375855870054e-10 -2.490691342407758e-10 
-1.1616800880617784e-09 -1.5021057011080363e-09 -1.0529199450260568e-09 
-1.309681496586279e-08 -1.3585354841083586e-08 -2.661764586520121e-09 
1.572258678805838e-07 3.08880863997274e-07 3.4232970591574485e-07 
3.7793858496115718e-06 6.291115028034255e-06 4.126820726924052e-06 
1.6819725942696095e-05 2.7495108042785432e-05 1.2429899697963265e-05 
2.2535364905706956e-05 3.583080524549587e-05 8.68427702016561e-06 
7.555246213541977e-06 1.172510644664726e-05 9.244092495919176e-07 
5.131250446765989e-07 9.043183317736236e-07 -2.551888869106733e-07 
0.0005993897430016659 -0.0005037870578235015 -0.0037549601984210312 
0.003571546752937138 0.0021208096513873897 -0.0073954901890829206 
0.001763181819114834 0.0015430685016326606 -0.0035226047912146896 
0.00017203191964654252 0.00016631636844977038 -0.00041714580947882496 
7.64397572083908e-06 6.297790861253816e-06 -1.8011832025877084e-05 
2.8260303164273637e-07 1.6347512236947193e-07 -4.422440191831356e-07 
-3.0615220497631768e-09 -2.4290008060479096e-09 -8.572916577586492e-09 
-1.75229738844096e-08 -3.152608891651698e-08 -2.354487574351971e-08 
1.117146375406719e-08 -3.663302194922835e-08 -7.44605683777877e-08 
8.333310006491956e-07 2.050835206546253e-06 1.0209180913989258e-06 
8.342114028891956e-06 2.0002662949991645e-05 1.0245523299090564e-05 
2.7854027848661644e-05 5.446121303975815e-05 2.8061508146492997e-05 
2.8899738481413806e-05 4.593261041918595e-05 1.7856065824162215e-05 
6.812266434508274e-06 1.0537452709513673e-05 1.2844062098338327e-06 
-4.4217369321586375e-08 6.8732435742902e-07 -7.221620421660191e-07 
-0.0007736863699392416 -0.004339345789048821 -0.004789306229213253 
0.000339517297106795 -0.0013465091469697654 -0.010309542529284954 
0.00045962754484207835 0.0018190585542470217 -0.005722597532439977 
7.851137979741907e-05 0.0003349450089444872 -0.0007688477994634013 
1.1177742749168829e-05 2.0704870621557347e-05 -3.924566249224881e-05 
5.718722917436025e-07 8.69764043898158e-07 -1.4977117643866222e-06 
-1.9594902256336866e-07 -2.590727214979438e-07 -8.897672737484541e-08 
-3.3935170229426603e-07 -5.924400818813069e-07 -2.330717246978864e-07 
-1.598910941424947e-07 -7.386342488757691e-07 -7.680779887664357e-07 
1.8984521865661463e-06 7.786927938013832e-06 1.039248061829312e-06 
7.85909855949285e-06 4.079776317666983e-05 9.185451858684246e-06 
1.5941251490403374e-05 3.356702450219018e-05 1.8805637409968767e-05 
1.1827125746322054e-05 -5.294843504088931e-06 1.1899457263098157e-05 
4.1813075313257286e-07 -3.7212480492598843e-06 -2.4078421745343803e-07 
-6.35218796674053e-07 7.247420086287093e-08 -9.393579460947876e-07 
0.0002894519275287166 -0.0068098827032372355 -0.003876403527101502 
0.00012179874465800822 -0.005252928531263024 -0.007127601566025987 
-6.658425991190597e-05 0.0009449461940675974 -0.004632796029909514 
6.930299423402175e-05 0.0005231199793342967 -0.0008218531320380862 
1.4838931747362949e-05 5.922197760810377e-05 -6.26937062406796e-05 
-4.537776590041176e-06 -1.7516797115035843e-06 -2.2006515791872516e-06 
-2.2587042067812035e-06 -3.574286736807153e-06 -4.1647274606759765e-07 
-2.333038158663925e-06 -4.532260845735436e-06 -1.0060165926972786e-06 
-1.8520497704344052e-06 -5.231742903788472e-06 -1.9437370326613745e-06 
6.110994377195311e-07 3.8635378132312326e-06 -4.0880152596400876e-07 
-4.365105894521548e-07 3.2969898711598944e-05 3.184459842486831e-06 
-2.130937247102338e-06 1.8041630937659647e-05 3.282721140251965e-06 
-5.416111719114269e-07 -1.072595205187099e-05 3.1664444435364203e-06 
-1.1659336962566158e-06 -3.8384685581149824e-06 9.707004178238776e-08 
-3.219322657344037e-07 -1.2686440120646125e-07 -2.467477870915502e-07 
0.002514949577744119 -0.006776045192964375 -0.003476284444332123 
0.0022819486912339926 -0.008646265137940645 -0.000732636428438127 
0.00040329701732844114 -0.0027384352579247206 0.0001375741558149457 
0.00020738912280648947 0.00032348559761885554 -0.00032721232855692506 
3.0401701224036515e-05 0.00013170346937840804 -8.602837260696106e-05 
-2.6822356858247076e-05 -2.1633263713738415e-05 2.3921543288452085e-06 
-1.4162727552502474e-05 -1.8377308606432052e-05 -1.1856909480911781e-06 
-8.35859066228295e-06 -1.4048213870410109e-05 -3.5259225654726833e-06 
-4.279042798316368e-06 -1.1997354704362806e-05 -1.8255182290261018e-06 
1.0362361990701174e-07 -6.984419741229431e-06 -3.1660897548135836e-07 
1.6014324728530482e-06 3.9596916394657455e-06 2.7077323920821073e-06 
-1.5621030797774438e-06 -4.640971383196302e-06 3.5964678772870684e-06 
-1.9919279452551564e-06 -1.2815602531190962e-05 4.08472487833933e-06 
-8.512754687828306e-07 -4.702150967261787e-06 1.7201735289518183e-06 
-1.1462101734416308e-07 -4.6631178118872185e-07 2.0578574000396088e-07 
0.001291864609811455 -0.0031433742260560393 -0.0009942618198692799 
0.0015118943993002176 -0.0068168024299666286 0.0013364573824219406 
0.00021835131337866187 -0.0049841357104014605 0.0016576145280851051 
3.5551609471440315e-05 -0.0005640339277306339 0.0001302440359722823 
-2.0713210687972605e-05 0.00014368857955560088 -6.646141991950572e-05 
-5.7793754422164056e-05 -2.7038866392103955e-05 1.2683394743362442e-06 
-3.7780834190925816e-05 -3.2279209335683845e-05 -5.180592097531189e-06 
-1.8759614931695978e-05 -1.8036689652944915e-05 -8.248014140121995e-06 
-5.6450253396178596e-06 -1.0915843404291081e-05 -2.1480866223555495e-06 
-6.249933903745841e-08 -7.997945999704825e-06 3.689856669097935e-07 
2.863463350877282e-06 1.8512673705117777e-07 3.817783493786919e-06 
-9.558561941958033e-08 -1.0628075870044995e-05 4.809588460830128e-06 
-1.9719342390089878e-06 -1.3038188228620129e-05 3.838681863044258e-06 
-8.351057942945772e-07 -4.438694929831399e-06 1.6306840393554012e-06 
-9.121494670694119e-08 -4.720422914772371e-07 2.218973937928581e-07 
-0.00014511728659272194 -0.00030596007127314806 0.00014394399477168918 
-4.007760435342789e-05 -0.001637644410948269 0.0004503647214733064 
-6.035645492374897e-05 -0.002137888368451968 0.0004363010884844698 
1.5146913938224316e-05 -0.0006572174170287326 0.00010719669808167964 
-1.8994847778230906e-05 -6.706429121550173e-05 2.4143104383256286e-05 
-3.7456655263667926e-05 -5.158936255611479e-05 9.42617111832078e-06 
-3.281536862687062e-05 -1.8558328520157374e-05 -5.463455011067708e-06 
-1.7533689288029564e-05 3.134337021037936e-06 -9.271770181840111e-06 
-5.48326693206036e-06 6.118757141848619e-06 -5.2559306027433195e-06 
2.4348122096284897e-07 -5.203721002544626e-06 -6.617206764758521e-07 
2.4152924424925004e-06 -9.428822636436962e-06 2.268149160045141e-06 
7.360844165305025e-07 -1.3499969099939335e-05 3.0180946453128854e-06 
-6.262934562073497e-07 -8.062137510478351e-06 1.8417805165427126e-06 
-2.8325604972678775e-07 -2.140255180194117e-06 6.911570480383489e-07 
-2.1207829936642497e-08 -2.3098127377441102e-07 1.1306980030045821e-07 
-2.1723406462115236e-05 -2.0320690964581445e-05 2.0926854631397873e-06 
-0.00012430097194737755 -7.210476906038821e-05 4.589045965985861e-05 
-0.00012085958587704226 -0.0001683664886513725 4.1985865209426265e-05 
2.8344140446279198e-05 -0.00015642122161807492 2.4274321390294062e-05 
2.8908809326821938e-05 -9.810549772737431e-05 3.0142846298986115e-05 
7.664531949558295e-06 -5.876478644495364e-05 1.3885405905966763e-05 
-5.298139058140805e-06 -1.0434612704557367e-05 3.4407082694087876e-07 
-4.5390697209768405e-06 9.247010893886909e-06 -5.849609237884579e-06 
-4.310561394049728e-06 1.391981777487672e-05 -6.171500672280672e-06 
-8.728348355191429e-07 2.9064098043818376e-06 -1.6017937127799087e-06 
9.50894246898315e-07 -2.599440335870895e-06 2.2298264923392708e-07 
5.728825414053063e-07 -3.961549573716638e-06 6.478487621919271e-07 
-5.54001644559321e-08 -1.885654327793418e-06 3.740231520055204e-07 
-4.0510045096198155e-08 -4.584583699340783e-07 1.4445716356448202e-07 
2.8699238541207706e-09 -5.4146965022816573e-08 3.166110856128723e-08 
1.0875644719021693e-05 -7.717138458929185e-06 -7.544083089783271e-06 
1.2786021727606567e-05 -1.4691687511003693e-05 -8.468501619063318e-06 
1.0465459112651843e-05 -1.8075957996188663e-05 -4.301533522266254e-06 
1.914558242788189e-05 -2.1083836145407986e-05 -1.2882076134701492e-06 
1.4972539247537497e-05 -2.053277330560377e-05 2.355159267608542e-06 
9.83138897936442e-06 -2.0268944354029372e-05 2.365040018048603e-06 
4.228511102155608e-06 -1.2402453194226837e-05 8.163674181105307e-07 
2.317512553418055e-06 -5.227832843957003e-06 -9.485023610977805e-07 
-9.82022129392135e-07 1.9420751868892694e-06 -1.4401440466826898e-06 
-6.594308672447369e-07 1.5511932360823266e-06 -2.843689230758173e-07 
-2.0914047382802892e-07 9.345673532834553e-07 -7.825300230024368e-08 
-1.0313074483292439e-07 1.7866958046397485e-07 -4.601731440345702e-08 
-6.890591119912415e-08 -2.8399700369163838e-08 -1.0131264716051191e-09 
-1.4596600331207021e-08 -2.098917051274185e-08 9.922710486609532e-09 
6.016411483594775e-10 -4.072286580864004e-09 3.6562437140397197e-09 
0.0006376903620548546 0.00022956213399538683 -0.0011960330739384517 
0.0028421000752132386 0.0005154689824848901 -0.0025929230032488704 
0.0016736215038690716 0.0001337524836344528 -0.0014239575248211622 
0.0002217857963842107 -1.2120980272811721e-06 -0.00021939001089776866 
1.2099947866772709e-05 -1.779200644591583e-07 -1.256651569292444e-05 
5.679980112915928e-07 3.3332607785041546e-09 -4.33625938711657e-07 
1.3797962550299303e-08 4.323713109766203e-09 -1.1418301332222214e-08 
-3.546608823290498e-08 -2.8475943908423673e-08 -3.0402505239029987e-08 
-4.47686687721216e-07 -3.0102144421562116e-07 -1.6951998205172458e-07 
2.5248125439247815e-06 4.1520875129208434e-06 5.89142371154594e-06 
8.657333728478989e-05 0.00011513304070831509 8.903881462174468e-05 
0.00046055497296038084 0.0006292843936535064 0.00032482009919476695 
0.0006743469093635213 0.0009154055842373054 0.00027453496295493096 
0.00024895716978790006 0.0002977344893224654 7.156507808758761e-05 
2.015108384512132e-05 1.4537385141011328e-05 1.0218710542631015e-05 
0.00016040676560891143 0.00033345182600896806 -0.003977310778282117 
0.005130875390022993 0.0015068581269588321 -0.008516373403836042 
0.004148124280618504 0.0005184030305827036 -0.005485564790433273 
0.0007350834675889928 -7.901831850176677e-06 -0.000987734860245837 
7.246369114000117e-05 1.6299388789775549e-06 -6.595820286747767e-05 
6.297495360740868e-06 2.5250113822039566e-07 -3.539563351750985e-06 
4.5085338573613853e-08 -1.2792117942694858e-07 -2.1368914571162634e-07 
-4.96637614144646e-07 -5.528908726404325e-07 -5.173815651460245e-07 
-4.7304956751759164e-07 1.577282944253966e-07 -1.337592792083342e-06 
2.024062837335805e-05 4.636901655885595e-05 2.3077101104718167e-05 
0.00023957166285981657 0.00045025756844552234 0.0002605023018986685 
0.0009293978218920529 0.0013145109769538976 0.0008379740902455524 
0.001071600301656872 0.0010583951843727846 0.0006866813419037499 
0.0003170736690663034 0.0001492925439379178 0.000201440141609055 
1.8078923858411144e-05 -1.6383633862915303e-05 2.818651603320177e-05 
-0.0012388398317852989 -7.047475082799792e-05 -0.003913183347322047 
0.0007725652540102601 0.001947508892044425 -0.008977683610282838 
0.0023025181581033394 0.0021326326532289386 -0.00785940358764492 
0.0011506489827297628 0.0004902566724922508 -0.0020201006118441 
0.0002596569811430527 6.84193910274189e-05 -0.00019673616770887747 
2.8382767595758196e-05 2.9114614790159976e-06 -1.5474204474230646e-05 
-3.5233177868576604e-06 -5.1390489943514694e-06 -1.510215668076853e-06 
-7.205837277979299e-06 -8.490687946505204e-06 -4.070080187545955e-06 
-1.254595872524078e-06 3.5616806144389557e-06 -4.517060688158381e-06 
4.85275322716916e-05 0.00020416511370058288 4.0190103050008474e-05 
0.000222398459300166 0.0009396564128110185 0.0002411214190942701 
0.0006619510568270925 0.0007235999146359973 0.0006437627343984786 
0.0006969435380597133 -0.00040562522372056264 0.0006152242967800703 
0.00017378995016770205 -0.0002712082350626588 0.00017784976444090717 
4.939474109733055e-06 -3.222907798772212e-05 1.5484169068713527e-05 
-0.00036937728873454034 -0.000997967210423667 -0.005070071783848107 
9.478701394982636e-05 0.0011807772098109126 -0.00759153428953141 
0.0014898129156790674 0.005239785183221102 -0.008399586600717157 
0.001605739955266472 0.0028242417029105127 -0.003147538547636941 
0.0004970255395164713 0.0005940775663475506 -0.0004965110420016572 
6.648330600000918e-05 8.854788029566407e-05 -5.28704429143545e-05 
-2.4246435714303516e-05 -4.614485806087032e-05 -1.0349614058213774e-05 
-3.7905352769485035e-05 -5.971141581539996e-05 -1.7066220607375726e-05 
-2.2598385726269044e-05 -3.4713348213699646e-05 1.5639411685697269e-06 
5.152347421244485e-05 0.00015245992562995525 4.349799928604625e-05 
2.514505331419059e-05 0.000827886597107863 4.270161662134342e-05 
-9.976454748539254e-06 0.0006968487577978522 8.775459718890488e-06 
8.654934390506241e-05 -0.0001547525025671348 8.534569650464618e-05 
1.0929858405006598e-05 -9.487100714977714e-05 2.904688449234527e-05 
-3.660285756268422e-06 -6.341516552765825e-06 1.3508116438742945e-06 
0.003094387997407466 -0.0041247293702326715 -0.00817834073677659 
0.0026264485204592347 -0.005801059887744486 -0.0030994281405583024 
0.0024390817852690816 0.0007665229131816886 -0.0031124676461331546 
0.002861114568077028 0.004420794342877343 -0.003251517831813544 
0.0010878025786951184 0.0017542669083923101 -0.001036120782373473 
0.00016670668264850974 0.0002957968972623348 -0.00017690857202978805 
-0.0001887322559923632 -0.00034113683523173677 -4.759437251777854e-05 
-0.00014847305283183232 -0.00024261991575258435 -6.959446909604594e-05 
-9.371089254273102e-05 -0.000188100225841481 -2.2577191884920467e-05 
-5.835788215335924e-06 -0.00011401555093470961 -6.051584932720289e-06 
0.0001272086719836807 0.0004980659286957234 -9.789222531253472e-06 
7.816905781510286e-05 0.0006681524973828346 -0.00011047266889363527 
1.4251505490392447e-05 8.59457504702732e-05 -4.609937604982406e-05 
-9.961968800098475e-06 -4.480397274164716e-05 1.1759807421185542e-05 
-2.56886495009212e-06 -7.205304996205086e-06 3.689812160700967e-06 
0.002153010806068778 -0.0032565243309363723 -0.003873654408380389 
0.002612420590594411 -0.009210239048115909 -1.2899981811642647e-06 
0.0010971107985824347 -0.007878358665038832 0.0016525288810953498 
0.0009386998135596514 -0.00019347481429576874 -0.00037865934427827597 
6.309256423264742e-05 0.0006029418436810374 -0.00039942219154909253 
-0.00030691371648572385 -0.00029923296824563295 -0.00012136549776187167 
-0.0005860217970621306 -0.0008223737095249817 -8.91800536919618e-05 
-0.0003161033328069607 -0.00034968282852787524 -0.00016834537473187083 
-0.00013076879577056388 -0.00023608189167134697 -5.954413882136578e-05 
-4.666558686494682e-05 -0.000186157863936387 -6.933003533049487e-06 
0.0001552084468130488 0.000508860481204465 6.0536175340075715e-05 
0.00015776838699821383 0.0004509249411057681 -1.1961219570366666e-05 
3.37915844283998e-05 6.461403972934932e-05 -4.3501073378138244e-05 
-6.116746135376161e-06 -3.0694511224282905e-05 2.5681711122160777e-06 
-1.4616203145578766e-06 -7.396301896278601e-06 3.5153939847987203e-06 
-0.0005302291829138994 -0.00033581117168068886 0.00017338863108307123 
-0.0004349255468696356 -0.002933416864834726 0.0005148841300979257 
-0.0007160718087106943 -0.004439635609742254 0.00101151128183119 
-0.0003155107842758298 -0.002148549392586574 0.0007018762989901006 
-0.0004507480771280825 -0.0011911731999134645 0.0004782729665748775 
-0.00034388687345199287 -0.0008112959330901504 0.00016610612510703504 
-0.00038771289109718055 -0.00011939054820686579 -7.387420919258147e-05 
-0.00018592230480862781 0.00038076537020970136 -0.0002132877070835093 
-8.349619020009413e-05 0.00027456962652649963 -0.00014499322719530028 
-2.4848302246027743e-05 -0.0001276642142329365 -1.484604416646107e-05 
7.735207111636555e-05 -0.00011846320558106527 6.740117862591433e-05 
8.51932454679627e-05 -0.00022434215861721896 7.079857641656417e-05 
1.1167699994985014e-05 -9.779430592971039e-05 1.0680366585802403e-05 
-3.1985557598090963e-06 -1.9716236039357682e-05 2.984873958666867e-06 
1.814797201404872e-07 -3.7991237604728667e-06 2.450142531529309e-06 
-0.00026343380159232765 5.77792598051019e-05 0.00011428318248363212 
-0.0011830595030914992 0.00023296309518627822 0.0004944892789353617 
-0.001540125271276338 0.000140032556373626 0.0006047398055670783 
-0.0006032279052305967 -0.00022892473498359323 0.00035956906503997743 
-0.00018278037896379828 -0.0005116868996992707 0.0003054917324334383 
-4.844623617827892e-07 -0.0003518445882946253 0.0001703464295133017 
-5.1489048928488046e-05 0.00038147607119753957 -3.6980913137085736e-05 
1.0296425898559391e-05 0.000601680891122669 -0.00020121052511967719 
-9.929438238032162e-05 0.0006131708942120895 -0.0002079262849292718 
-8.398671957365877e-05 0.0002619075148686534 -5.9118150602444075e-05 
-3.706338884512661e-05 8.883294503903016e-05 -1.842628716985928e-05 
-4.668205519919866e-06 -4.607583105098456e-05 9.02904730537557e-07 
-9.610370852897177e-06 -1.8726047301242943e-05 8.560363085052813e-07 
-2.4288535200867045e-06 -2.9062571229587775e-06 1.5831258224352496e-06 
3.247676829687407e-07 -9.388132689025497e-07 1.03093647041419e-06 
1.514453759909884e-05 -5.820322741101336e-06 -1.7046811876753054e-05 
-9.916600356518757e-05 4.036600921608624e-05 2.8545909117383417e-05 
-0.0002812891252688132 0.0001418060427340606 8.441501995548606e-05 
-0.00031406273410539143 0.0002078665238514077 5.867711843166035e-05 
-0.00023554078507004306 0.00014173710951581597 3.06564452330349e-05 
-0.00012378550673020072 6.703444523736835e-05 1.8835790797311347e-05 
-1.4789049600949511e-05 6.10217175562866e-05 -1.7721848053042777e-05 
0.0001026959544105921 2.4872409994713962e-05 -7.177715906436788e-05 
-2.2706859454046935e-05 0.00017975152877625078 -6.844977542641573e-05 
-6.832291364844423e-05 0.00017002777713059913 -2.0275731003494002e-05 
-6.052723574612173e-05 0.0001284981751723535 -2.368975424360542e-05 
-2.4929734536272008e-05 4.194496159470873e-05 -1.5699037717809006e-05 
-6.864585429866565e-06 7.5009767215306056e-06 -3.426055656063909e-06 
-9.18362587754018e-07 6.521898257005887e-07 -4.148834165107473e-09 
4.3183398634738523e-08 -4.674264353354829e-08 1.3373743001920957e-07 
0.00023224169490276836 7.678546171518974e-05 -0.00048056795640150085 
0.0017885856796056032 -0.00016350963414879516 -0.0014491123874904588 
0.0016412590048275888 -0.0003960192043450661 -0.0012487467902246863 
0.00033310689468635246 -0.0001003735496851732 -0.00028199276493978687 
3.23548019878217e-05 -5.974686651200045e-06 -2.254627247566532e-05 
3.1274496876676494e-06 -3.4823568029196394e-07 -1.4446425637970606e-06 
1.5127344443754964e-07 -8.791081640424636e-09 -9.063348760385281e-08 
-4.0858989258651945e-07 -1.5636391126339078e-07 -3.0508271464668724e-07 
-5.087220358745981e-06 -1.6768104842412868e-06 -2.765946042870837e-06 
1.8470092982170172e-05 2.077001590805594e-05 3.1250099709723145e-05 
0.000560894799491507 0.0005492728378158063 0.0005363134769140743 
0.003000866519869305 0.003179669176461175 0.0021148077175894286 
0.004748589912196621 0.0047148435696726665 0.002097934251651168 
0.0021781452751383767 0.0012804365433112253 0.0008503319550072774 
0.00027211678025196306 -7.41595226827485e-05 0.0001922284354805015 
7.352033571805805e-05 0.0004893453005934134 -0.0015426887839566916 
0.004269765748176724 -0.00025698234094306827 -0.004902211236185394 
0.005934183718636632 -0.001837832372984849 -0.005812514689750969 
0.0020639984868466854 -0.0005224204196565552 -0.0017627048946451396 
0.0004579461920002359 -3.843630474875681e-05 -0.0001960352024070744 
6.678503177681705e-05 -1.3897265091600275e-05 -2.2129560250050417e-05 
5.649044254596447e-07 -4.257386535755359e-06 -1.3572243560133757e-06 
-4.998734482342115e-06 -2.4545580288304336e-06 -3.635168553728363e-06 
-1.7707076949591283e-05 2.4662517716933507e-06 -2.418348958599381e-05 
0.00012486460036598146 0.00023300117209146265 8.675154458614998e-05 
0.001486697408836335 0.0020882851185888285 0.0014739157486474141 
0.00536940575693734 0.005918546696193516 0.004702503225416876 
0.006112516042776406 0.004188379069091752 0.004226815915899351 
0.002079432675600401 -0.0003375386950210668 0.002189168269978836 
0.00020698445223388262 -0.0004426132290973328 0.0005799001883133315 
-0.0009886172192636877 0.0016957976040430367 -0.002178100519813597 
0.001365404445095919 0.002157286595320329 -0.0050168747548013926 
0.006501046591438353 -5.770404823124409e-05 -0.008181063923984766 
0.005895593902096152 -1.0444200597703457e-06 -0.004001893306849524 
0.002455951620504493 -8.614844409748912e-05 -0.000819599095848389 
0.00040772401371214073 -0.0001807903427106794 -0.0001179359169327654 
-6.605534372283728e-05 -9.926772145263385e-05 6.418252780804323e-06 
-6.900612879690016e-05 -2.9445793813920318e-05 -8.983119869299117e-06 
-4.094122459719074e-05 6.394510637619533e-05 -5.040021278546192e-05 
7.204704161267728e-05 0.0007130661178962328 -0.00017983964062295854 
0.0009398753463756293 0.0032717626017984003 0.000815866922494024 
0.003346971978317015 0.002553784113842994 0.0030334029434015974 
0.003593742658267729 -0.0021210605118540116 0.003249288158258423 
0.00099263979063835 -0.0017394330147908477 0.0015875946719461353 
5.728010455641197e-05 -0.0003210591469269275 0.0003744919213204412 
-0.0012247518170624971 0.0021212142892181873 -0.0039679682813584805 
-0.0005767809052485973 0.003604358877055347 -0.003976766485720873 
0.0029552518390119076 0.006025147624313831 -0.006985065876506269 
0.004656294244341552 0.0044844618532806635 -0.0050311480881646276 
0.0031302110000979155 0.0015664806705899537 -0.0015736095374450088 
0.0006614603407797404 0.00026170061573793646 -0.00025514399021631107 
-0.00042615869460860267 -0.0005447062458188157 5.9309095377102494e-05 
-0.0003535881405696273 -0.00024932096857810393 8.631588571006432e-06 
-0.00015623721265001222 1.1636111594270915e-05 0.00017837485938798636 
0.0002440210519125685 0.00016353721730411053 -0.00011473678750917315 
0.0002974967828777153 0.0025352578231832013 -0.00029462925158441067 
-7.455033482983708e-06 0.0037993660662323236 -0.0006044566980563104 
0.00015104072008398362 0.0006756281363777816 -0.0003192234435118735 
-0.00017025850002028164 0.00018959373119287193 -9.105056233238429e-05 
-6.717943415424088e-05 0.00010277945239067776 6.763073542970233e-06 
0.0010510888532735407 0.0014343572547659278 -0.007248519264976494 
0.000560457119718194 0.001233423565281555 -0.0034297750098630786 
0.002108862856402993 0.005156963947229087 -0.004391065478557721 
0.003712153760716319 0.006548149103764445 -0.004715695547929499 
0.0032135164365172386 0.004450499080121517 -0.002217429573647678 
0.0010466789244674146 0.0012124880449846387 -0.0006580311346624512 
-0.0016176819626707584 -0.003070459351874888 1.932389204739593e-05 
-0.001269541069632396 -0.0016882455529412255 -0.000171426945598796 
-0.001113359561713878 -0.0013351811139727943 -5.1963666919618845e-05 
-0.0005599454452749342 -0.0016954693564912304 -0.0004160375683568418 
0.0008173111273208633 0.0022090133279561996 -0.0003735771751962602 
0.0006933906406629831 0.005084684584289789 -0.001161478168796748 
0.00011186348274350166 0.0018455209210515022 -0.0010244390578009188 
-0.0001013207606774813 0.00016875428264029324 -0.0002044920256594196 
-3.254220334980573e-05 4.114125476917252e-05 -8.983644420368364e-06 
0.0018446252215653658 0.0009392729843966663 -0.005876781768165529 
0.0017937002703547478 -0.0007542501698480919 -0.0033206655643880367 
0.0008338604820892215 -0.0006171839522721712 -0.0008483149576932192 
0.0005103612784296274 0.0003657358465716243 -0.0005218974547460675 
-0.00047607882879674435 -0.0007873706053942442 -3.9040111005306244e-05 
-0.0016485628875670955 -0.003550672554410994 -1.1571948562050238e-05 
-0.0036154139670543373 -0.006833050516434014 -0.0001356412103632465 
-0.0020376612519612536 -0.0029931943317933474 -0.0006618263287236914 
-0.0013469383266055956 -0.0022335959311021725 -0.00033477994838904124 
-0.0008901789677508987 -0.002309500938281417 -0.00028800187283195555 
0.0008101861603790894 0.002041984349489212 0.000300090410746634 
0.0010075046448037028 0.0022114289458841085 -6.128702079877257e-05 
0.00025142254889942706 0.0007442949572578073 -0.000594191369600594 
-1.3856497389497235e-05 6.105602369643748e-05 -0.00017674913397058845 
-8.187538469428546e-06 -1.439223069610307e-05 6.109979949542321e-06 
0.0002750956919044256 0.0003604478552006185 -0.0011770776472985744 
0.00010092183947563171 0.00017215620027855039 -0.0013808647636324167 
-0.0011237115249969065 -0.00042106477485504 0.00018527661450207233 
-0.0009632819565013051 -0.001547296589706093 0.0009121516195591539 
-0.001515881041996181 -0.003288035513833165 0.0011819287174148485 
-0.0016277322138193995 -0.0038189347833395004 0.000695897382684052 
-0.0017932691262103617 -0.0022734630620107055 -0.00018064974574372172 
-0.0007564529369119555 0.0006042718014214188 -0.0008349124473170377 
-0.0004835898944293149 0.0005936217785347253 -0.0006041687283868669 
-0.00032933450802374864 -0.0012492866953834891 -7.074495624692645e-05 
0.0004140445053053554 -0.0013725829194299877 0.0004545157280517742 
0.0005836037817061879 -0.0022843111073598266 0.0006174505106173456 
4.8856330977287143e-05 -0.0007049150881357491 8.526573947165161e-05 
5.196879101276863e-06 -3.199533966835588e-05 1.4258002352107724e-05 
1.5708554201410152e-05 -1.4682211713079596e-05 2.5418076575078885e-05 
-0.00022067052486818284 0.00015130779502214864 5.763722583651543e-07 
-0.0015840720734559 0.0008166885818354785 0.000489141617435962 
-0.0024025344755500555 0.0013199536479078233 0.0008052968478295952 
-0.001324757351540029 0.0007969822472659871 0.00044063839595764875 
-0.0006818566471338272 -0.0004305222537368536 0.0003810095804510638 
-0.0005305240047164261 -0.0006129741668701172 0.0003973041866629501 
-0.00010407214722363278 0.0007719588465988636 -0.00020644377218559384 
0.0005878860541344011 0.0016083276132121682 -0.0008988359732029494 
-0.00036357712815515697 0.0029556318186223507 -0.0009386551973875612 
-0.0009232434858859051 0.0023169562884959305 -0.0003558932803571224 
-0.0009655390385887586 0.0016275736270472407 -0.00044961443563806824 
-0.0005827576824231073 0.00036907047615386546 -0.0003189044291502796 
-0.0003298584597359877 0.0002640691018314101 -0.0001122231078625191 
-3.3527801861055195e-05 5.6746699556242675e-05 3.027356433449313e-05 
1.0604816395698435e-05 -3.528537490637973e-06 1.7115050468419213e-05 
1.2201307981740683e-05 1.5918208191578742e-05 -2.4373842279601377e-05 
-0.0002444254414513125 0.0001578273186169099 8.084691398835275e-05 
-0.0007242810388561338 0.00048073955258587375 0.00021958549768896773 
-0.001071559905540198 0.0008891484051503085 0.0001287716586375609 
-0.001259168318938464 0.0010060588829219341 -5.132188380230218e-05 
-0.001608296122867614 0.0010723799587140093 4.344524859334342e-05 
-0.0005290831322781742 0.00027063577726949006 -9.6680894785095e-05 
0.001190681655316439 -0.0004832297854591161 -0.0003730729549715761 
0.0002507018289179541 0.0010724246967583895 -0.0002828721044352278 
-0.0010099205101141706 0.00189049489563331 -0.00014351306890603155 
-0.001316434376349207 0.001871004661097686 -0.0004911536743748002 
-0.0006628104929404799 0.0008537483045074623 -0.0004003313424618682 
-0.00018810976689564995 0.00023384115047520027 -0.00010870859387068776 
-2.0099966604902875e-05 2.9240639378258493e-05 -4.5013838416707586e-06 
7.435148461354402e-07 1.035628258705401e-06 1.3515312105027988e-06 
5.014725866203662e-05 -7.679722784814658e-06 -5.4133138291945215e-05 
0.00040811466169543564 -0.00014909076344338246 -0.0002903342974605039 
0.0004975474075763486 -0.00022648891899734735 -0.00038306659553200006 
0.00016153405886143446 -6.274129464145517e-05 -0.00011872315008076839 
3.675674361147685e-05 -6.5870764132114346e-06 -1.6078575299616205e-05 
6.523436354655132e-06 -1.2139497200802651e-06 -2.22257435211759e-06 
4.936877147088126e-07 -2.093526791924205e-07 -1.9951557606034953e-07 
-1.4303660051950828e-06 -2.2145124134453908e-07 -1.0704064408173508e-06 
-1.7573593140696175e-05 -1.9412849496802664e-06 -1.1793081711175546e-05 
6.319190288195387e-05 2.9957058359286748e-05 6.033508907421492e-05 
0.0009058775613084435 0.000544317219464574 0.0007665153971174732 
0.00404020247515291 0.0025615870690671727 0.002858935513359029 
0.00872065427392954 0.0023371394054265693 0.0033142330939881504 
0.006480874137196224 -0.0014816652401350439 0.0006918277649674565 
0.0014542503267875873 -0.0009370646148454398 -0.0001493937597842887 
8.667720067023765e-05 4.8987539230438415e-05 -0.0002048679925792385 
0.0013594931224361062 -0.0005118055269122124 -0.001304369157878682 
0.002595879079308361 -0.001170302064565476 -0.0022980975918471813 
0.0017765399534255266 -0.00036334913602331653 -0.0009303167753387243 
0.0008497517992509529 -0.00010321365698473528 -0.00024130760721163824 
0.000185006612809957 -7.057847869873513e-05 -4.992363255951204e-05 
9.232736601916258e-07 -2.494326326996088e-05 -1.7460845924688329e-07 
-1.5996776625115672e-05 -3.6796132292238326e-06 -5.110439701638825e-06 
-9.971686085918918e-05 1.7792058315535542e-06 -0.0001314091941821971 
0.00016023439820855856 0.00027361223692423664 -7.800772436894476e-05 
0.002252381877042353 0.002026862814091146 0.0017324823420494795 
0.0051629868685267866 0.0043329885811544955 0.004530109072220512 
0.006245213298825547 0.0015398906543850899 0.00457178118176671 
0.003452271979767829 -0.0031457863078685477 0.003618909860961139 
0.0009735263593029231 -0.001438242572476156 0.0011292576673440635 
-0.00014982915308792144 0.000339584395987913 -0.00029940226522739977 
0.0010130551236215979 3.331282641738653e-06 -0.001334483444225043 
0.0049108294770121574 -0.0010115106124430895 -0.0034057428420055658 
0.007246238528750837 -0.0003862119629047811 -0.002519850677344948 
0.005344947101548314 -0.0008742659701965749 -0.0013602164981421083 
0.0011546472996997181 -0.0009287598841183353 -0.00030276984034571797 
-0.00040947563684312627 -0.00042873702477663755 9.997155211749487e-05 
-0.00038524437695741653 -5.291802699503023e-05 0.00012534443521872163 
-0.0002965817493532086 6.905530608491972e-05 -0.0003564148355508223 
-0.0011744005023501813 7.093315070960671e-05 -0.002200490635004826 
8.84499168023467e-05 0.0018465667963027954 -0.0005076157685834914 
0.002112498099450022 0.0017074051429517567 0.0018501566228223965 
0.001454652170650661 -0.00040135366725735366 0.0017786291427910328 
-0.00013834079436492175 -0.0007989240548340604 0.0023859863431425765 
-3.3807755244197324e-06 -0.00034257128936587833 0.001458443992305547 
-0.0002683535130927339 0.00018624920630827546 -0.00034547492396086454 
5.78942708671093e-05 -0.00011819321662187576 -4.3348987674107775e-05 
0.002266802708618343 0.0005109480116516352 -0.001670383928285446 
0.004654201507207745 0.0016811798850540072 -0.002724111545830965 
0.005224690306931734 0.0005213696276769042 -0.002048216701950878 
0.00021881716384086758 -0.0007076172769302502 -0.00047752172395121306 
-0.002802891322062351 -0.001363620707707014 0.0005508786161954049 
-0.002454689077922012 -0.0006336402730084956 0.0007656481393496506 
-0.0010447131062392145 -0.0003079744928982109 0.0006584669754374772 
-0.0005950503837084398 -0.0014125763555057347 -0.0018148132367059588 
-0.000205657648621127 0.00014901810209266841 -0.0015467380289919674 
-0.00034450009115971625 0.003089679405093193 -0.0012389901094138622 
-0.001405266288202256 0.003384035313501954 -0.0023284561466425657 
-0.0015629736590199172 0.0035146597074344754 -0.0013762255584879313 
-0.00039368225043290295 0.001227873857715167 0.0002151366707039415 
0.0001076405169442296 0.0003857865813188255 -0.0014235664275474846 
-0.00019777368288487196 -0.0006772832712158561 -3.025223850272596e-05 
0.00019651791080832481 -0.0010692230425775051 -0.00010588421719148755 
0.00066131551284343 0.001107304124161601 -0.0013124044053256512 
0.0016911834245547652 0.0037994381855241954 -0.0016026016674004495 
-0.0007591726607643068 0.001824425911763683 -0.0006139339238870889 
-0.004309194511733949 -0.0036020244588144124 0.00036962838930776343 
-0.004224432341288775 -0.002693414979148656 0.0005315101589076221 
-0.003914245840860531 -0.0032112740373122506 0.00038982543628662825 
-0.002045890607405454 -0.004377275094157085 -0.0012927557691000402 
0.0004139475672673143 -0.00018110789824277163 -0.0007317177369259298 
0.00019127587438561022 0.003229035995900631 -0.000989054562523961 
-0.0007116233464330435 0.00042182463221251965 -0.0014941173139959574 
-0.0005489232753461692 0.000623606494627893 -0.0007619957614224404 
-0.00011719296162482351 0.0006707430657115765 7.21304677426815e-05 
0.0006823479197919369 0.000895058736205101 -0.002357345714699477 
0.0006328815361484885 0.0006809156620875001 -0.001870908890850842 
0.00018500146688893437 -0.0010855807777261361 -0.0001327195204794407 
-8.555140811949968e-05 -0.0016462435887660831 0.0004388169036246836 
-0.00026695034466683865 0.00012114259880036116 -2.2745021851733327e-05 
-0.0018362439004704356 -0.00243010075064376 -1.220905278387363e-05 
-0.004407099215313792 -0.007385929464362562 -0.0002740874988376163 
-0.0030520115105900913 -0.003755511133931577 -0.0005847584106959403 
-0.0029452647249854635 -0.0037340932758525014 -0.00040896073915064335 
-0.001965024319360964 -0.004185108526144177 -0.0007142415270209312 
0.0003828217159025371 -2.344668610021472e-05 0.0003340615367051214 
0.00023922708351165056 -0.0006014097016304731 0.000575496640522033 
-0.000480491085909307 -0.0016354143153876066 -2.6421446818858385e-05 
-8.316755702253431e-05 -0.0003767402668017894 -7.343478500843048e-07 
-1.927954963321099e-05 0.0001790769092622213 6.939409649930894e-05 
0.0005617027636617422 0.00042337192280683666 -0.001093895232770592 
0.0013325103791430593 0.0015881257422734052 -0.0024131975369527936 
0.0014160382561385632 0.0009955952409654856 -0.0016446741647087038 
0.0012755664065480232 -0.0008817687630653381 -0.00011114399239886552 
0.00021364190615713596 -0.0012301668539294042 0.00022444251226261258 
-0.0012518806179286912 -0.0024648126563988626 0.0003240249789087102 
-0.0018075535190291703 -0.0028666456055361778 -0.00014958036990719847 
-0.0007698680274188519 -0.0004398617602419108 -0.0005426188199635362 
-0.0005699069297406822 -0.0003297329167253338 -0.00035376265259401407 
-0.0004045120213049813 -0.0015329510788433254 -5.6166241847677156e-05 
0.0002620802870296757 -0.0017725782818160951 0.0003729191666934639 
6.45455475023482e-06 -0.003304396872408688 0.000765466334996745 
-0.00012903114838991314 -0.0013938561314716935 0.0008805578108876944 
0.0006640344909101259 -0.0004156517970841378 0.0010971648734994233 
0.0002036683654296212 4.8081885324791074e-05 0.00019766979676205665 
6.724490958731622e-05 0.00013634514471050352 -0.00017226488853339106 
0.00032350909896194935 0.0009327514289907413 -0.0007454692968167365 
0.0017772673163563013 0.0016293390654027462 -0.0014091101475059986 
0.003974979743361473 0.0015178961912170053 -0.0017216004780493677 
0.00328715518116951 0.0011063065321650356 -0.0017434971814509481 
-0.0007084787503117695 0.000405587546993047 -0.00016953327940427698 
-0.0011061419500038028 8.185161277651787e-05 -7.316179107874632e-06 
0.0005955551241640933 0.0002876303333323449 -0.00045200214663054794 
-0.00027565460550249554 0.0020453123725019395 -0.0003555260773282498 
-0.002291890443302691 0.0031908000473777065 -0.00028875479256385006 
-0.0036299093553679995 0.004039615552756004 -0.0015885692191659473 
-0.0030301189981400967 0.002986945110023953 -0.0017936004005605355 
-0.0011246408394072205 0.0016839729360071942 -0.00018605252262204885 
0.000513297004999913 3.1465402571484447e-05 0.0009088917831832077 
0.00018515099145588465 -1.1776188330259174e-05 0.0001995609036384849 
2.418935764580965e-05 2.3909491574158892e-05 -2.8945107260369696e-05 
4.0933009586296976e-05 0.00016614118067082018 -7.986422860994935e-05 
0.0003594149020500481 0.0005084502190584317 -0.0002435029309708625 
0.0016505802050232887 0.0012508012587204576 -0.0009719588269945234 
0.0017409177962690592 0.0019868817762471735 -0.001717453335004393 
-0.002862988505512476 0.002154683170374483 -0.0002556340587034356 
-0.003410397213883698 0.0003373611543793231 0.00033741454581104335 
0.001363065151963383 -0.0013637433003168553 0.00013022494749748148 
0.0005961736314930022 0.0005426004208857194 0.0004380950776976533 
-0.004599335661623627 0.002910264127422124 -1.3233813660917804e-05 
-0.006711681708111428 0.004498828544456046 -0.0019456271402304992 
-0.0038520582966157235 0.0030989129554654937 -0.0020262021098460536 
-0.0009929274583555525 0.0011031912290491164 -0.000580288571654819 
8.799444685791968e-06 0.00012852727741119452 7.169522655203764e-05 
1.9782191429840168e-05 9.271946964872768e-06 1.4369921018442255e-05 
2.74718479786884e-06 -1.1685074099432313e-06 -1.7932682681021106e-06 
2.428529614917352e-05 -1.3787470152237802e-05 -1.6713150330360804e-05 
4.1978596527769696e-05 -2.3770789994159713e-05 -3.1289333492168225e-05 
2.722041608649306e-05 -9.206466756950249e-06 -1.4973819588703918e-05 
1.2879665973741794e-05 -2.204796246019214e-06 -4.4406885990611045e-06 
3.2354831205338996e-06 -7.932038386115892e-07 -9.905313476110678e-07 
4.6845003609519154e-07 -2.488298669334199e-07 -8.659898673157862e-08 
-1.754704790357664e-06 9.091995778476303e-08 -1.4402080701358955e-06 
-2.628162133078149e-05 1.4207958329848225e-06 -1.793649823866872e-05 
3.613151784520596e-05 -2.121583520420245e-06 3.383156581548974e-05 
0.00031363434391096234 9.375604895467404e-05 0.00020623288583010435 
0.0008159977223840542 1.197581150336191e-05 0.00048731188962847227 
0.0061819430702598765 -0.0035476039920467883 0.0006649126298725605 
0.008402563515119255 -0.005691430298611522 -0.0023297464358620346 
0.002780751252430491 -0.0017498203524155542 -0.0016012424312066287 
2.453479510222678e-06 7.021638339210767e-06 -1.13196661004622e-05 
9.074937224795576e-05 -3.7471510950126685e-05 -9.426813721802318e-05 
0.0002746100417425623 -9.639845939091174e-05 -0.00019646421424113214 
0.0003960325921070762 -4.594930169332656e-05 -0.00013410835163085721 
0.0003235922922613099 -5.17456466582189e-05 -8.519879338564351e-05 
9.806147136259824e-05 -4.5348792809818406e-05 -2.2581074460958916e-05 
3.844367029159912e-06 -1.7761058870746638e-05 4.288345110126102e-06 
-5.870285804121522e-06 9.873776889435248e-07 6.628371693295776e-06 
-7.91228303569369e-05 1.1771232493629213e-05 -0.00010577638840914005 
4.8557063564658165e-05 -1.4104822184890509e-05 -4.942482337355614e-05 
0.0011174485553056002 0.0003694808983709663 0.0005515336524695158 
4.1774590499699116e-05 0.0007729048058990884 9.856210090219975e-05 
0.0029585053853224963 -0.002114304923452437 0.0005272654634609353 
0.005889814463444054 -0.004679338744608685 -0.0004897090839222074 
0.003061250492464751 -0.001851289562182501 -0.0005614567780867219 
-1.4604400917050953e-05 2.840309434759547e-05 -1.2795900147466455e-05 
0.00011977964459219947 -4.2870582547038794e-05 -9.011062229546951e-05 
0.0007702656876062974 -0.0001455211895518005 -0.0002972310030600056 
0.001888770842924714 -0.0001189509202959016 -0.0004884318923359388 
0.0021015222591813654 -0.00044362562766764313 -0.0005355831235647202 
0.0005341187497833744 -0.00032331170950783417 -0.00017821838991949335 
-0.0005002174621040467 1.169455936178565e-05 0.00011628458287304966 
-0.000617623907601228 0.00014485821884591132 0.000289678017679762 
8.288954268209636e-05 0.00030346000130521134 -1.557421637699008e-05 
-0.0019064337539020926 0.00017533890786580741 -0.002275556413223967 
-0.0013231404591351748 0.0005447878247650806 -0.0012510844971984625 
-0.0005346313118934631 0.0006757136143278331 -0.00038311630487442017 
-0.00033796465140767395 0.000568764196941629 -4.975662159267813e-05 
3.339198883622885e-05 -1.4318327885121107e-05 0.002525562245864421 
0.0003356558008817956 -0.0008952394127845764 0.004186161328107119 
-1.4868910511722788e-05 -8.046107541304082e-05 5.335162450137432e-05 
9.691930608823895e-05 -0.0005116509855724871 0.00023236060224007815 
0.0004868800169788301 -0.00081366125959903 0.00011253607226535678 
0.0012446530745364726 -6.557258893735707e-05 -0.0005335623427527025 
0.0016554185676795896 0.00041244085878133774 -0.0009000017307698727 
-0.0013457655441015959 0.0021844884613528848 -0.0006643416418228298 
-0.004162646902841516 0.0023600374115630984 0.0002748920378508046 
-0.005103330186102539 0.0011750452686101198 0.0010615139700007603 
-0.0015450645878445357 0.0009132972118095495 0.0009042220190167427 
-0.0010641867247613845 0.0003446215996518731 -0.001847000326961279 
-0.0011117202739114873 0.00027098209830000997 -0.0013667250277649146 
-0.0004109691690246109 0.0003487769281491637 -0.00040198545320890844 
-0.0010268057376379147 0.0011762079084292054 -0.0010182267287746072 
-0.0011613915557973087 0.002719064665143378 0.0009845388703979552 
-0.00022873422130942345 0.0004509009886533022 0.004582993977237493 
-1.3982877135276794e-05 -0.00015648434236936737 1.5735429769847542e-05 
1.2498931027948856e-05 -0.0010931483702734113 0.00044860159687232226 
0.00020618809503503144 -0.002666192827746272 0.0008743745274841785 
-6.974073767196387e-05 -0.0011004929519913276 0.00015260916552506387 
-0.0005782236694358289 0.002357441233471036 -0.0006406192551366985 
-0.003204210428521037 0.006169701926410198 -0.0008750588167458773 
-0.005726165642613523 0.004867399315116927 -0.0001974305196199566 
-0.007176587940193713 0.0018525682389736176 0.0005239863239694387 
-0.0048793647438287735 0.00022719032131135464 -0.00014271278632804751 
-0.0014695003919769078 -0.0005483959976118058 -0.0011591381626203656 
-0.00019553518541215453 -0.00015720835654065013 -0.0004405069339554757 
-0.0003272181493230164 -0.0007245324086397886 9.50623070821166e-05 
-0.0007634978246642277 -0.0023887770948931575 0.00012132065603509545 
-0.00020305580392232514 -0.0001535303599666804 0.0015681058284826577 
0.0005988374759908766 9.08688671188429e-05 0.0039751435979269445 
3.9672304410487413e-05 6.024036338203587e-06 -0.0001865922131401021 
6.373146607074887e-05 -0.0004127324209548533 -7.407550219795667e-05 
0.00024642213247716427 -0.002709165812120773 0.000850722439281526 
9.718981164041907e-05 -0.00250832745587104 0.0009022567355714273 
-0.00027390562172513455 0.0017658573342487216 -3.814075898844749e-05 
-0.001022416319756303 0.004474427201785147 -0.00029736029682680964 
-0.0018063906245515682 0.0022627050057053566 -0.00023574790975544602 
-0.002110724815793219 0.001013276447338285 -0.000328261055983603 
-0.0019832855905406177 0.00014698287122882903 -0.000606136309215799 
-0.0008270819380413741 -0.0006002576847095042 -0.00045684989891014993 
-1.9092814909527078e-05 -0.00016506569227203727 -1.5588084352202713e-05 
-0.00032698476570658386 -0.0011095244262833148 0.0003766874870052561 
-0.0003739456878975034 -0.0022707128373440355 0.0010799288866110146 
0.0005595036782324314 -0.00035557959927245975 0.001981456356588751 
0.00024407189516750805 0.0005398981738835573 0.0015541539469268173 
0.0001005400627036579 9.177092215395533e-05 -0.00019026154404855333 
0.00044904803507961333 0.00047054306196514517 -0.0007045368838589638 
0.0009982315532397479 -0.0006150430999696255 -0.0004538952312032052 
0.0012846017489209771 -0.0023671556846238673 0.0006313973572105169 
0.0008916890947148204 -0.0005374929751269519 0.0006157972584333038 
0.00020784624939551577 0.0016510345158167183 0.00045492505887523293 
4.355423880042508e-05 0.00034753012005239725 0.0003370843187440187 
0.00021425676095532253 0.00034580985084176064 -3.521862527122721e-05 
0.00011744761650334112 0.00022262646234594285 -7.693280349485576e-05 
1.7454774933867157e-05 -0.0004884537629550323 0.0001665127613250661 
-1.6868638340383768e-05 -0.0004906010581180453 -4.8881134716793895e-05 
-0.0002760550269158557 -0.0007677787216380239 3.677501808851957e-05 
0.0016491991409566253 -0.0006670963484793901 0.0027150208479724824 
0.003852154390187934 -7.613823981955647e-05 0.004705586681666318 
0.0009323350386694074 0.0007209762407001108 0.0007102885720087215 
4.6780445700278506e-05 5.313801193551626e-05 -6.798813228670042e-05 
0.00038769212551414967 0.00035655936335388105 -0.00042578861757647246 
0.0017233354737982154 0.0005520641279872507 -0.000934496260015294 
0.00445606600260362 0.0004649111506296322 -0.001508156186901033 
0.004770502506289631 4.693896335083991e-05 -0.001686753093963489 
-0.00022335879475576803 -0.0015207533724606037 0.00048334390157833695 
-0.0025305236922577024 -0.002351837931200862 0.0009785451111383736 
-0.0018156356527470052 -0.0017925291322171688 0.0005616261769318953 
-0.0023363711225101724 -0.0018177935635321774 0.0006939090744708665 
-0.004313234974688385 -0.0017761513881850988 0.0005956422246526927 
-0.005468692979775369 -0.00022501464991364628 -0.0012356384104350582 
-0.004087100591277704 0.0008523430587956682 -0.0021092508104629815 
0.0011118199327029288 0.0005235928256297484 0.0020437965722521767 
0.004082870262209326 -0.0002325760870007798 0.004755983303766698 
0.0010787154751596972 0.0001217042445205152 0.001004908113827696 
1.2972410559086711e-05 1.0302784176019486e-05 -1.2907328937217244e-05 
8.719990000827238e-05 6.424706043617334e-05 -6.84661772538675e-05 
0.0005551463837036863 0.0002364092542848084 -0.0002503662835806608 
0.0025973906958824955 0.0009521226456854492 -0.0012244902327438467 
0.004072894691489637 0.0012769612367264926 -0.002299315674463287 
-0.0014485034043900669 -0.0007429028628394008 -0.00020982492787879892 
-0.005465030859340914 -0.002411123481579125 0.0008522530588379595 
-0.0029094086203258485 -0.002778222900815308 0.0008537441390217282 
-0.004139504279009998 -0.0033300216891802847 0.001318882335908711 
-0.010082652157507255 -0.003018010553205386 0.0008235331042669713 
-0.01220518653281033 -0.0006174737645778805 -0.00185564742423594 
-0.00741195216687629 0.0005738665277021937 -0.0029886112024541944 
-0.0012948752846568823 0.00028828796348534524 -0.0005060478652012534 
0.0007004692561167758 1.9574043108150363e-05 0.0007623065976076759 
0.00016311607805619133 1.740593052090844e-05 0.00012710601640719688 
3.59458987020389e-08 2.019551059717628e-08 -4.125261909848632e-08 
5.014062480768189e-07 -2.3031681450902397e-07 -3.8082326270227895e-07 
1.3853397717866756e-06 -6.465294717372672e-07 -9.355124639398582e-07 
1.6973946941334361e-06 -4.2588326465420323e-07 -7.311286154276786e-07 
1.3142640113983362e-06 -2.472453175528244e-07 -4.337866563730586e-07 
4.5469593246139084e-07 -1.1540465205683859e-07 -1.3934710718643828e-07 
1.2036664986947443e-07 -4.1529088612435316e-08 -4.416556520503434e-08 
-8.163368718783204e-07 3.168724997948402e-07 -7.55018856324341e-07 
-1.3199589432133507e-05 2.036225680512871e-06 -8.629311139429774e-06 
-2.4049877538345754e-06 -1.8122736946679652e-05 8.777904440648854e-06 
6.048224167898297e-05 -6.720073724864051e-05 3.661222581285983e-05 
-5.1348324632272124e-05 -0.00017490146274212748 -0.00010813303379109129 
0.002307841492438456 -0.001975279505131766 -0.00010089659735967871 
0.004296635601349408 -0.003050948122108821 -0.001294189762120368 
0.0017766129549272591 -0.0010114685901498888 -0.0008644775043649133 
-4.879902277821202e-07 1.3305919566164448e-06 -5.965772409410874e-07 
6.095374942560738e-07 2.656530853073491e-06 -2.7976162186860165e-06 
8.001941296242876e-06 2.1210361182966153e-06 -6.27873458824979e-06 
2.2454097461377387e-05 -2.997535375470761e-08 -7.943060666093515e-06 
2.630468179631862e-05 -3.969816233961865e-06 -7.958726769174973e-06 
1.1525256013555918e-05 -3.312614396122626e-06 -2.4248816998806433e-06 
1.4595033803743718e-06 -9.114009458244254e-07 2.7219776654874295e-07 
8.76839453667344e-06 9.547784429742023e-07 5.667052150215568e-06 
5.0941580411745235e-05 -5.308513436830253e-06 2.018193185904238e-05 
0.0002878319355659187 -0.00021900833235122263 0.000262515211943537 
0.0007899232441559434 -0.000423970865085721 0.0004954582545906305 
-0.0001384359784424305 0.00011337408795952797 -0.0004477965412661433 
0.0029357161256484687 -0.002085221523884684 -0.0001862740609794855 
0.006390746968463645 -0.003929535436327569 -0.0010129378642886877 
0.0031814814828976523 -0.0018259062890138011 0.0002919869148172438 
-2.9906622529551896e-06 7.347816847413924e-06 -2.7612581661173863e-06 
-3.5472342005959945e-06 1.824037008191226e-05 -8.276784356553435e-06 
1.8529412045609206e-05 2.5530706352583366e-05 -1.8488086141132953e-05 
9.470276381762233e-05 1.6371041965612676e-05 -3.7562169609373086e-05 
0.00014348254808282945 -8.60406544234138e-07 -4.966197639078018e-05 
2.0817707991227508e-05 8.697035809746012e-05 -2.9057209758320823e-05 
-0.0001544331680634059 0.00013665402548213024 6.355649247780093e-06 
-0.00011289769554423401 6.463726458605379e-05 0.0001412514793628361 
0.0007428532799167442 0.00020389986457303166 0.0003504282794892788 
0.0001006319944281131 0.0009639173513278365 -0.00039852287977737433 
-0.0001273489324375987 0.0014598543166357558 -0.00037199773942120373 
-0.00084501868695952 0.0024492009906680323 -0.0009389814804308116 
0.00035431765718385577 0.0009656894108047709 -0.00023472390421375167 
0.0010711886861827224 -0.0006384911539498717 0.0026834617092390545 
-0.0006525427670567296 -0.0010990555165335536 0.008291832520626485 
-5.533968533200095e-06 1.0548981663305312e-05 -3.63037250394882e-06 
-6.155502887850162e-06 2.4340733943972737e-06 -1.1249574072280666e-07 
1.1350370186846703e-05 -3.0376191716641188e-05 -9.0874664238072e-07 
5.5457099733757786e-05 1.3575594493886456e-05 -4.4738801079802215e-05 
4.186887963442132e-06 0.0002841542664100416 -0.0001121259992942214 
-0.0006194149864313658 0.0013399904855759814 -0.00022414715203922242 
-0.001382336275128182 0.0015597866295138374 -9.965716526494361e-05 
-0.0016903925188671565 0.000914631993509829 0.00035984891292173415 
0.00048348167911171913 0.0015988117083907127 0.0005428986623883247 
0.0001785241038305685 0.004409512970596552 -0.0015251358272507787 
-0.0006087279252824374 0.0044699967838823795 -0.0018174801371060312 
-0.0009083024779101834 0.00358721986413002 -0.0011857306817546487 
-0.0007508007583965082 0.0021245324751362205 -0.0003944768977817148 
-0.0005284932267386466 0.0007329807558562607 0.0038324061897583306 
-0.000500612091855146 -0.0007368705701082945 0.011661616852506995 
-5.515684080137362e-06 3.0609094210376497e-06 -2.6906898664691425e-06 
-1.990286364161875e-06 -8.505814184900373e-05 3.2804875445435755e-05 
3.577752795536071e-05 -0.0003599750343710184 0.0001223643630510196 
-1.8285587430000305e-05 -0.000193743864656426 5.7889985328074545e-05 
-0.00031977320759324357 0.0008416808123001829 -0.00010787518112920225 
-0.0012893222883576527 0.0030006179149495438 -0.00036165720666758716 
-0.0020149724805378355 0.0027969494403805584 -0.0002637543511809781 
-0.002692331443540752 0.002062446204945445 6.163478246890008e-05 
-0.0019354838877916336 0.0035634003579616547 -0.0004029561532661319 
-0.0010631054756231606 0.005466040689498186 -0.001557582407258451 
-0.0005824183026561514 0.004155888222157955 -0.0015842432621866465 
-0.0003828903627436375 0.002132331719622016 -0.0008426604908891022 
-0.00012200267883599736 0.0007838766905479133 0.0001772493269527331 
0.001048297737725079 9.083471377380192e-05 0.0048324307426810265 
0.00252318280399777 -0.0009564693609718233 0.011277104960754514 
-1.620559487491846e-06 3.555235025487491e-06 -7.68998916100827e-06 
4.379659003461711e-06 -8.464235042993096e-05 2.0845058315899223e-05 
4.8960786443785764e-05 -0.0005665497556037735 0.00020311503067205194 
7.242970241350122e-06 -0.0005629989359476895 0.0002588996558188228 
-0.000166317870025523 0.000992533634416759 4.0473678382113576e-05 
-0.0004173422057647258 0.002704893355257809 -0.00010293908417224884 
-0.00017726808437146246 0.0011294583091512322 0.00011585987886064686 
-0.0002519688569009304 0.000872829037689371 -2.041694096988067e-05 
-0.0007531649898737669 0.0017800814239308238 -0.0003278058720752597 
-0.0009544171934976475 0.0018459593411535025 -0.0002556517720222473 
-0.0006520017923321575 0.0015588246751576662 -0.0005427926662378013 
-0.00016574120445511653 0.0009242248488590121 -0.00033487618202343583 
0.0011106578749604523 0.0012116440339013934 0.001149463772890158 
0.0031274821958504617 0.0024079951108433306 0.005026978993555531 
0.00200528308050707 0.0014066662697587162 0.005596315342700109 
5.360206159821246e-06 1.0861761609248788e-05 -1.2377999098589498e-05 
3.58759662049124e-05 1.2509370208135806e-05 -4.1687740576890064e-05 
0.00012159296966274269 -0.00032634998933644965 6.797672540415078e-05 
0.00016511180911038537 -0.0010740579018602148 0.00046465024206554517 
5.186154885450378e-05 -0.0007587147410959005 0.0006748328451067209 
0.00011956683010794222 -0.00028919626493006945 0.0009210015996359289 
0.0007640757685294375 -0.002613559365272522 0.0013827104703523219 
0.001189370101201348 -0.0028749797493219376 0.0009108682279475033 
0.0006039933796273544 -0.0027965984772890806 0.0007646157901035622 
-0.0006722098914906383 -0.004298590298276395 0.0013808695948682725 
-0.0014458168298006058 -0.003821499878540635 0.00023352151038125157 
-0.0011815251782536507 -0.0019973701564595103 -0.0004007529350928962 
0.002796366927213967 0.0010936231119558215 0.003151109762256965 
0.007475973223336041 0.003482528787571937 0.0073930040234699845 
0.002440804848447442 0.002046522800810635 0.0021145467180758715 
4.791543688043021e-06 6.530904101964552e-06 -6.593558111944731e-06 
4.127789998165099e-05 2.8658269911829848e-05 -3.683004570120829e-05 
0.00022420776258513797 -2.9869581339880824e-05 -5.969779113002005e-05 
0.000704612597473897 -0.00039334163011517376 -2.2733729565516114e-05 
0.0006400987331289798 -0.0014253311092033982 0.0003063381664105691 
-0.0010073413723148406 -0.003868854371830821 0.0015096920542418957 
-0.00248980347532779 -0.0061952173709869385 0.0020690361270681024 
-0.0033296651672571898 -0.006598751526325941 0.0017300586041528732 
-0.0047442841459997 -0.007528783404268324 0.0017156443791463971 
-0.006818391149863601 -0.009492416051216424 0.0020278818847145885 
-0.007579815515782684 -0.008920058933654218 -0.000387480016797781 
-0.005405015777796507 -0.005654042004607618 -0.0021050474606454372 
0.0014301352784968913 -0.0012528379447758198 0.0026752316916827112 
0.005992707563564181 0.0010768415813799948 0.006233133899513632 
0.0018893068190664053 0.0006086239009164274 0.001597490299900528 
1.4354249273651476e-06 1.3236266056537715e-06 -1.3926512139050828e-06 
1.1512308105920965e-05 7.585288585687522e-06 -7.582818966511695e-06 
8.200409411074361e-05 2.4260373720608186e-05 -2.601437063276535e-05 
0.0004696606265497394 0.00011258079030085355 -0.0001909684260681388 
0.0007301522018678952 -0.00025392280076630414 -0.0003067917132284492 
-0.0011248086811974645 -0.0021872185170650482 0.00048714326112531126 
-0.0033919060952030122 -0.003718749852851033 0.0009106908401008695 
-0.004374956712126732 -0.004376630822662264 0.0010284214549756143 
-0.006567070726305246 -0.0060251649701967835 0.0013262082102301065 
-0.00974554888671264 -0.0074628020520322025 0.0013297019240781083 
-0.010484680067747831 -0.0067075854749418795 -0.0006974126881686971 
-0.006517342524603009 -0.004072564770467579 -0.002243221562821418 
-0.001066692522726953 -0.0012632152938749641 -0.0001316906709689647 
0.0009575974545441568 -3.494755219435319e-05 0.0010001644550357014 
0.00024048884415606153 2.953871080535464e-05 0.0001809191526263021 
-4.0445286963314286e-10 1.2411178421795066e-09 -3.418726352358292e-10 
2.1631405833222317e-09 1.39506058788319e-09 -3.1003371397941848e-09 
1.6536527369659382e-08 -3.1465530875296466e-09 -1.0265136088372095e-08 
3.97183289591041e-08 -5.966804106360968e-09 -1.4678208704044238e-08 
4.440767464863882e-08 -7.2656005795090906e-09 -1.5548047682667487e-08 
1.9827320840715146e-08 -5.618190994025052e-09 -5.945578931965123e-09 
-3.753710453580084e-09 1.2939653432075815e-08 -2.2114688968954965e-08 
-2.7218380882487736e-07 2.6511671213924615e-07 -2.663876581543434e-07 
-3.3659383973372314e-06 1.6455298421647058e-06 -2.3810947880065214e-06 
-1.21482216854929e-05 2.593676526885247e-06 -5.54265852770186e-06 
-1.0923336958512664e-05 -4.287920091883279e-06 -2.5335430109407753e-06 
4.190406616544351e-05 -5.54094513063319e-05 -1.3045537343714386e-06 
0.0005620190422632731 -0.0004318904029787518 3.2194725463341456e-05 
0.0009716272870718967 -0.000651059173833346 -0.0001516624561190838 
0.00043153902879566886 -0.00025548297162458766 -0.000105735885881586 
-1.6510867839603094e-08 3.689803058926078e-08 -1.0756596016681108e-08 
-4.3758106915703365e-08 1.2810796401474533e-07 -4.582497041549782e-08 
4.207384485255261e-08 2.0918359444621615e-07 -1.2146845973504128e-07 
4.0543783441648884e-07 1.7329074131211541e-07 -2.3598010212566578e-07 
6.368806353407308e-07 5.2013737761313905e-08 -2.7981158012835294e-07 
3.7580111822421713e-07 -6.161633336887462e-08 -9.787212107426058e-08 
-3.8810162550362293e-07 5.508412108667926e-07 -7.978038092382178e-07 
-4.1259755789724295e-07 4.443193347469787e-06 -2.5638984055831315e-06 
9.479347777840985e-06 1.22413293865975e-05 -8.307566758958274e-07 
7.546483539044857e-05 -6.4537316575297154e-06 5.340018105925992e-05 
0.00015468409401364625 9.657730697654188e-05 8.817929483484477e-05 
0.00017594208475202322 0.00032479999936185777 -0.00013338714779820293 
0.0015471589867956936 -0.0007801182800903916 2.3797784706403036e-05 
0.0023167055915109813 -0.001270502049010247 -3.895210102200508e-05 
0.0008484939753543586 -0.0004474945890251547 0.000906300192582421 
-1.1688591450287333e-07 2.8266020679623693e-07 -8.511303839497941e-08 
-4.3486490675093137e-07 1.1172596963149317e-06 -3.3192813919669106e-07 
-6.655407531752644e-07 2.400011538838953e-06 -8.614412152496698e-07 
1.3648215713146783e-07 3.381461183948886e-06 -1.6779410714207188e-06 
7.591752542168706e-07 4.174112859800516e-06 -1.7580076985268533e-06 
-3.00406770037398e-06 8.134216614053003e-06 -1.7366771203342068e-06 
-1.7991879076362238e-05 1.612493974789686e-05 -9.959797068859189e-06 
6.00440580456052e-06 1.2825719750253484e-05 7.084143362590112e-06 
0.00019982836602139287 7.165437273215503e-05 6.130000110715628e-05 
0.00023816335306037217 0.0006860641005914658 -0.00015357074153143913 
1.469779817853123e-05 0.002012031036429107 -0.0004370881797512993 
-0.0008254768035840243 0.004085265914909542 -0.0012008866760879755 
-0.00043242152605671436 0.0032957887233351357 -0.0009648703271523118 
-0.0010483216028660536 0.002765848534181714 0.0012188243126729503 
-0.0026448078569956124 0.0026257348363287747 0.0069335943553596735 
-3.0473683754195235e-07 8.078397524258207e-07 -2.587010374810461e-07 
-1.1234021073391887e-06 2.784036894354358e-06 -8.181826487430044e-07 
-2.4950451802396856e-06 6.038075639480667e-06 -2.092869593184332e-06 
-4.721645268546126e-06 1.3432040077532292e-05 -4.650804157790844e-06 
-1.5825874186248257e-05 3.523896430124296e-05 -6.49980026423691e-06 
-6.143649443401955e-05 0.000103468677480123 -1.9415148926782422e-05 
-0.00013452118218992837 0.0001228136934514623 -3.94481203329633e-05 
-7.298633136088029e-05 -4.7803245251998305e-05 0.00012446168693713844 
0.00038107705768197775 1.1557771358639002e-05 0.0003725893038790673 
0.000301826890790835 0.001962788635864854 -0.0005639522569254041 
-1.7462443793192506e-05 0.003964253235608339 -0.0013633350608870387 
-0.0013975354086142033 0.006995597388595343 -0.0024708842393010855 
-0.002154356916435063 0.006378209684044123 -0.002205807948485017 
-0.002475936256814748 0.0042028421885333955 0.002414892107481137 
-0.0027880944398930296 0.004623981338227168 0.012438151054084301 
-3.3623106521218915e-07 9.961239335609662e-07 -3.8272073243916793e-07 
-9.910499016996255e-07 1.4052887991056195e-06 -3.666313688199807e-07 
-2.188086995147387e-06 -6.887607923999894e-07 4.5564974016087945e-07 
-9.016172384690435e-06 2.00093345483765e-05 -3.5154462807440723e-06 
-3.6889667171635665e-05 0.00010127164750883821 -1.007646301331988e-05 
-0.0001244643290192471 0.0002570364285929827 -3.694700535561424e-05 
-0.00020413973925315076 0.0001596751581018907 -3.7622545278281905e-05 
-0.0002764352611848153 -7.26426369510591e-05 0.00020559145195875317 
-0.00033629543031565845 0.00011393905151635408 0.0005829469300806522 
-0.000590638504945673 0.0018745490815490484 -0.00013353140093386173 
-0.000572347717024968 0.0032255486585199833 -0.0012509785592556 
-0.0006737739167874679 0.00553190428763628 -0.0026186482282355428 
-0.00010664761066436768 0.004671392729505897 -0.0016480879858136177 
0.0013615298084914684 0.0018609199032653123 0.004357618687208742 
0.002957183198304847 0.0020418788626557216 0.012878000037744641 
-1.0147984230712837e-07 6.95523860727576e-07 -4.14999901110491e-07 
6.84547174500949e-09 -1.1686366860885755e-06 1.209740680963023e-07 
5.017962507736229e-07 -1.3605591675514006e-05 5.479042101796949e-06 
-3.756510295715998e-06 3.963367362302961e-06 1.032673799272743e-05 
-1.176537261926569e-05 0.00014003344949742313 4.712725456101907e-06 
-1.9640992832137272e-08 0.00022720388369634748 9.506744390819222e-06 
0.00013321551159606315 -0.0003170205236529 0.00013225061411503702 
0.00020379887018862064 -0.0008433968105237 0.00036987893690820783 
-0.00026974435422744136 -0.001472348696552217 0.0009513208606222179 
-0.0011981779534835368 -0.0011184938484802842 0.0009707505232654512 
-0.0015834806254133582 0.00017191888764500618 -0.0001934889005497098 
-0.000571363401832059 0.002647687215358019 -0.0012620665365830064 
0.0021620948100462556 0.004511455772444606 6.943137850612402e-05 
0.0052984869325882755 0.005729938440708793 0.005340898045687936 
0.004052219170262106 0.0034332984359934926 0.007416945823933929 
1.7234785154585097e-07 5.952330397462902e-07 -4.6410449172640256e-07 
1.293595261131486e-06 4.681666041506105e-07 -1.1886347124345775e-06 
5.310530127644597e-06 -1.395489954347795e-05 4.7528226332360646e-06 
7.210942527535735e-06 -6.037294576799468e-05 3.623445314815399e-05 
2.391163434367627e-06 -6.93965348546044e-05 8.016643732844386e-05 
5.7946224842453375e-05 -0.0003782650746870786 0.00022223417181521654 
0.0002896942023653537 -0.001736013568006456 0.000588764960411936 
0.0005601640514214523 -0.003124943468719721 0.0008950081464718096 
0.00022545861429534853 -0.004875560087384656 0.001461136998841539 
-0.0012423409789334983 -0.007268994697369635 0.0022118694032542408 
-0.0028041600016877055 -0.007430037017911673 0.0008709855901543051 
-0.0027582962065935135 -0.00411675579380244 -0.00028167787240818143 
0.00022959476336836815 0.00038003292866051197 0.0012212714063934982 
0.004350401635747403 0.0036103250458836555 0.004157556933932938 
0.0023211168590933084 0.00225122511619702 0.002365484891925007 
1.7228737725361043e-07 2.90930639579301e-07 -2.4093740691455423e-07 
1.5372589530215919e-06 1.1285989103271277e-06 -1.150328508003895e-06 
8.831042464407801e-06 -3.1759906846673402e-06 -2.1798004468109866e-07 
2.5935173198377015e-05 -3.941083014069591e-05 1.3786469025944825e-05 
-4.991125024389476e-07 -0.0001936632179422304 7.880674820626155e-05 
-0.00017324701184406877 -0.0008599727298133075 0.00032609683694317937 
-0.0004879913467448205 -0.0022679633693769574 0.0006987119268160313 
-0.0009975940338335931 -0.0038020829670131207 0.0010017457680078223 
-0.0019663069979287684 -0.005651380721246824 0.0013153718173271045 
-0.003792485505982768 -0.008464142360026017 0.0017547388561069965 
-0.005223899788688868 -0.00940004549920559 0.00016337804845534265 
-0.004337535705417395 -0.0060506463050842285 -0.0010888863471336663 
-0.0012709860693576047 -0.001818956297938712 0.0006119692006905098 
0.001581257296493277 0.00042715034214779735 0.0020072589250048622 
0.0008226861682487652 0.00041157123996526934 0.0006938673814147478 
4.993127578067913e-08 5.5991921321663085e-08 -4.9016940062429626e-08 
4.784181824035727e-07 3.789179530144793e-07 -2.8731364665190995e-07 
3.010086231824971e-06 8.195034411073721e-07 -4.952813696945668e-07 
1.6397465060435934e-05 1.94344136161817e-06 -4.2133475517402985e-06 
1.1456308129709214e-05 -4.74804182886146e-05 7.396152795990929e-06 
-0.00016293981752824038 -0.0003320722607895732 0.00010669547191355377 
-0.0005225817731115967 -0.000831631215987727 0.00023877683997852728 
-0.001064524971297942 -0.0014851930900476873 0.00039462861968786456 
-0.0019188644364476204 -0.0024322394747287035 0.0005322987453837413 
-0.0029833974258508533 -0.00355265403049998 0.0005700597394024953 
-0.0034326171833072294 -0.003869787273288239 -0.00020577693067025393 
-0.00224411697126925 -0.00238202276523225 -0.0007583261030958965 
-0.0005885153368581086 -0.000679084740113467 -9.816275905905059e-05 
0.00016369509467040189 -4.60941118944902e-05 0.0002450867250445299 
6.398374716809485e-05 7.4853933256235905e-06 4.5680624680244364e-05 
2.263379796077348e-12 5.294635746229986e-12 -4.463673991517668e-12 
-5.172439523405421e-12 3.2436545687771065e-11 -1.2278485050733526e-11 
1.0109320688509935e-11 5.610806208479393e-11 -4.0203338420407957e-11 
1.1562399627150499e-10 4.343028633122317e-11 -8.501925636487766e-11 
2.1080663820463585e-10 -1.396719477136368e-11 -9.397797882775005e-11 
2.725097842694313e-10 -2.3054493709061263e-10 2.4527658224783588e-11 
-2.234957166818291e-09 3.908071644076472e-09 -3.17339379231861e-09 
-4.8980819400412656e-08 7.06318903365144e-08 -4.6672974492179e-08 
-4.4904037288517884e-07 4.7443589618056947e-07 -3.3794925169416956e-07 
-2.436881057832352e-06 2.0205591795274813e-06 -1.3657553203927364e-06 
-6.1324228681769455e-06 5.413221526140433e-06 -2.7253992698206275e-06 
1.806674845283851e-07 2.0421505269041518e-06 -1.3817534210147642e-06 
4.199504655844066e-05 -3.064243537664879e-05 4.885601128989947e-06 
6.783838762203231e-05 -4.801425438927254e-05 -2.2677320430375403e-06 
3.2290603485307656e-05 -1.9804254861810477e-05 1.3752569429925643e-06 
-9.749900515307157e-11 2.434944687489094e-10 -7.815787745802283e-11 
-5.625494947257212e-10 1.287809982459566e-09 -3.518984450758206e-10 
-8.792202582305619e-10 2.9892600963976612e-09 -1.0616984137548982e-09 
5.593111356005931e-10 4.528531875880315e-09 -2.591082275821277e-09 
2.768115667890411e-09 2.875485169417935e-09 -2.3049020227150496e-09 
3.0254947991359415e-09 -3.148835692190488e-09 -3.608192952753164e-09 
-1.068645516522082e-07 2.0166252845399413e-07 -1.5526485191985628e-07 
-1.0973461748164937e-06 2.2452231966951786e-06 -1.3264883040875475e-06 
-4.909657853602312e-06 1.0261161946800712e-05 -5.1151202455912426e-06 
-1.0971803249049117e-05 2.6753330985229695e-05 -8.452733084141073e-06 
-2.654590116435429e-05 7.517122458011727e-05 -1.7122581084549893e-05 
-8.294673534692265e-06 0.00012896806902062963 -4.115343244848191e-05 
0.0001364855925203301 2.8959902920178138e-05 -1.3756811540588387e-05 
0.00014492456102743745 4.148712832829915e-05 4.97311120852828e-05 
2.543445589253679e-05 9.51801412156783e-05 0.0002583042369224131 
-1.0790750957709316e-09 2.65112246543818e-09 -7.408127766827047e-10 
-5.822651640355336e-09 1.3693507775608404e-08 -3.6192154403633103e-09 
-1.660550130733185e-08 4.014577946465092e-08 -1.2497418072632271e-08 
-3.9152741486414566e-08 1.0287021956489895e-07 -3.335659684577941e-08 
-7.699080728507113e-08 1.630675923181002e-07 -2.934387266506633e-08 
-2.020641840516646e-07 2.6951392939622565e-07 -1.2937274096458395e-07 
-1.7390923297000427e-06 3.266448395322641e-06 -2.256775401221489e-06 
-8.455416150354722e-06 2.257109213132935e-05 -1.2471139939407294e-05 
-2.091451096930541e-05 7.825223838153761e-05 -3.553311944415327e-05 
-1.389029512210982e-05 0.00015479922149097547 -5.2802046411670744e-05 
-2.0151010176050477e-05 0.0003557877062121406 -8.423865801887587e-05 
-0.00021654171723639593 0.0010378726001363248 -0.0003285912243882194 
-0.00045374031469691545 0.0014293732147052651 -0.0004227712342981249 
-0.0010067093535326421 0.0017960723489522934 0.0003338112437631935 
-0.0013527257251553237 0.002007910836255178 0.0022502622450701892 
-3.461454563952193e-09 9.45673147081938e-09 -2.716725781837237e-09 
-1.780663751171918e-08 4.405114700789525e-08 -1.1925409326707381e-08 
-7.195888765409997e-08 1.708147585599562e-07 -5.429615122787279e-08 
-3.073843877210436e-07 7.56188864414753e-07 -2.0732322436600725e-07 
-1.0243443924196072e-06 2.0512387663984555e-06 -3.7315907519541724e-07 
-2.894175139545041e-06 4.712041430821046e-06 -1.4088424435954039e-06 
-8.876303411398112e-06 1.7628116324885923e-05 -9.842918728963923e-06 
-1.9555003063942422e-05 6.116400891187368e-05 -2.8347637908154866e-05 
-1.803215309337247e-05 0.00010702247527660802 -2.8275597287574783e-05 
4.654483564081602e-05 -1.0142684914171696e-06 3.0687806429341435e-05 
0.00013639342796523124 -7.874390576034784e-06 9.577866876497865e-06 
-0.00042041022243211046 0.001813816255889833 -0.0008512113126926124 
-0.0011707518278853968 0.0023948512389324605 -0.0011198006104677916 
-0.0017097369709517807 0.0007554576732218266 0.0014362669317051768 
-0.0021501396477106027 0.002897164438763866 0.006407000357285142 
-4.1682215561056335e-09 1.2988172586048119e-08 -4.245650697329295e-09 
-1.9176114002261713e-08 3.9816451580243495e-08 -1.065771304542551e-08 
-1.1751626272094029e-07 2.9087262687355064e-07 -8.727744364722678e-08 
-6.73456430178021e-07 2.347074797626192e-06 -5.544445471628023e-07 
-2.406190617421089e-06 7.950879194140725e-06 -1.360897002200545e-06 
-6.346392524392286e-06 1.5955897595176793e-05 -3.499719582578109e-06 
-1.3963929632154759e-05 2.9463010378094623e-05 -1.3887050613448082e-05 
-3.0027840352886415e-05 6.32449155091308e-05 -2.4977209250209853e-05 
-6.204367537065991e-05 1.2992677511647344e-06 4.876511957263574e-05 
-8.771011334829382e-05 -0.00044078746577724814 0.00026623636949807405 
-8.238630107371137e-05 -0.0008423912804573774 0.00022985500982031226 
-0.0002027701775659807 0.001229132292792201 -0.0010814284905791283 
-5.3737832786282524e-05 0.0011576537508517504 -0.0010000435286201537 
0.00012928799191058715 -0.0031250881584128365 0.002860361011698842 
0.0006955579592613503 -0.0010011379781644791 0.00736409320961684 
-1.236299644255534e-09 7.503923645652e-09 -3.886283135579038e-09 
-2.1342205780428003e-11 -8.818578423053225e-09 1.6753612386288808e-10 
-3.7825427900983755e-08 2.060549380011878e-07 -3.5167107004241416e-08 
-3.25685491020522e-07 3.469426900437611e-06 -5.867147621074764e-07 
-7.278200087057485e-07 1.4462478475252283e-05 -2.020631001187212e-06 
4.296110773793771e-07 2.409148464721511e-05 -2.5472521656411118e-06 
6.842560026143474e-06 8.67139533511363e-07 3.353179636178538e-06 
1.0533934982959181e-05 -7.536904104199493e-05 3.1420740924659185e-05 
-6.21276212768862e-05 -0.0003629434504546225 0.0001783899133442901 
-0.0003275587296229787 -0.0009679141367087141 0.0004412601192598231 
-0.0007016451854724437 -0.0014979526167735457 0.00043592072324827313 
-0.00044877303298562765 -2.873898483812809e-05 -0.00041417108150199056 
0.0008248079102486372 0.001363740535452962 -0.00033949664793908596 
0.002062722822302021 0.0013688713079318404 0.002225675623776624 
0.0016980105137918144 0.0008506658705300651 0.003471959411399439 
1.8332033096396527e-09 5.423814918026348e-09 -4.178962911827178e-09 
2.5056978159021526e-08 5.299945649017701e-09 -1.363648177710175e-08 
1.504090390014312e-07 6.15654403013366e-08 1.0044637843709125e-08 
5.178583712961426e-07 2.3822977723853e-06 -1.3003775833908549e-07 
1.8538898700626305e-06 1.3671684087057656e-05 -1.168155790765013e-06 
7.1871650995092295e-06 1.7899812519317493e-05 2.4402024791925214e-06 
2.1641380044457037e-05 -5.778781633125618e-05 2.8956552341696806e-05 
4.4531307736406234e-05 -0.00029136185185052454 0.00010506855483072286 
1.054573294823058e-05 -0.0008686933742865222 0.0002859117230400443 
-0.0003052725405723322 -0.0018724565161392093 0.0005154504324309528 
-0.0009962932963389903 -0.0026888317661359906 0.0004226740056765266 
-0.001325950175669277 -0.002131213608663529 0.00013909692643210292 
-0.000640429207123816 -0.0008564544841647148 0.00010530116560403258 
0.0006546697695739567 0.0006347952876240015 0.0007928297636681236 
0.0006027507624821737 0.000737870461307466 0.0007320775839616545 
1.5384341873342366e-09 2.4112505846163312e-09 -1.889204397087507e-09 
2.8766549919900797e-08 1.9245105065124335e-08 -1.5975971878745554e-08 
2.3865201370654177e-07 1.0434580377527425e-07 -4.9417927527883876e-08 
1.0632979674518594e-06 1.5474124097636377e-06 -3.218570867602466e-07 
2.830496185879383e-06 7.947510084704845e-06 -6.857735570520163e-07 
3.6021851883560885e-06 2.6371108106104657e-06 6.0443517213570885e-06 
-5.733600119128823e-06 -7.978727080626413e-05 3.53258346876828e-05 
-4.541915768641047e-05 -0.00031510103144682944 0.00010557284076639917 
-0.00016067498472693842 -0.000803779017587658 0.00021694323368137702 
-0.00045556235272670165 -0.001579099116497673 0.00028870081587228924 
-0.000852151308208704 -0.00205135450232774 3.4432567190378904e-05 
-0.0009328885353170335 -0.0014691275428049266 -0.00010081850632559508 
-0.000611986281001009 -0.0007031412860669661 3.554218892531935e-05 
-7.932337757665664e-05 -0.00015793084457982332 0.00016686991875758395 
6.324312334982096e-05 4.794657706952421e-05 7.821861618140247e-05 
1.856491076319966e-10 2.1274357492676033e-10 -1.6210991099843697e-10 
7.515825198312065e-09 5.901316268985823e-09 -3.630351574912538e-09 
7.57194973388664e-08 5.247730816559937e-08 -1.8698357306945468e-08 
5.156192273148008e-07 7.486564967962295e-07 -2.3034138640909418e-07 
1.6059254885902874e-06 3.574008360374137e-06 -6.01887222728692e-07 
6.339651008602232e-07 3.4262566259712912e-06 1.5802409052412258e-06 
-1.137254002969712e-05 -2.1467640181072056e-05 1.1650473425106611e-05 
-5.270539622870274e-05 -0.00010559060319792479 3.658557488961378e-05 
-0.0001399708489771001 -0.00027419798425398767 6.747028203335503e-05 
-0.00026658460274120444 -0.0004962914790667128 6.641002073592972e-05 
-0.0003348551908857189 -0.0005750258133048192 -4.1799901737249456e-05 
-0.00022117048501968384 -0.00032258022110909224 -8.776501090324018e-05 
-7.299705430341419e-05 -8.028780212043785e-05 -1.536452737127547e-05 
-6.69469045533333e-06 -1.485454276917153e-05 1.3855702945875237e-05 
1.953971491275297e-07 -2.750067324086558e-06 4.816300815946306e-07 

-0.00108278842526488 3.721916800714098e-05 -0.0014622599410358816 
-0.0006223958043847233 0.000570254309423035 -0.002060634986264631 
0.00015150889430515235 0.0003055629968002904 -0.000732286978745833 
1.7429602110041742e-05 1.5741627976240125e-05 -4.2314070469728904e-05 
-4.957518271453409e-07 -4.2925885779254713e-07 1.1450293939674339e-06 
-2.1293347418627206e-08 -2.3452181086014434e-08 5.320019713650481e-08 
-8.529994772587396e-10 -4.2550956421555375e-10 7.452086662595309e-10 
-2.191971271159332e-09 1.6869076968628605e-10 -6.271081830905301e-10 
-2.378407804037863e-08 1.1036282998588831e-08 1.3188918845941089e-09 
3.8390824741441065e-08 2.144645545598678e-07 1.492321373142147e-07 
1.4384520596877337e-06 2.173884666945014e-06 1.6217847313981792e-06 
4.406461869166378e-06 7.850829319977493e-06 5.9574207966761605e-06 
3.137632944572033e-07 1.185968585559749e-06 7.1399749685951974e-06 
-1.7418792879198008e-06 -2.9826122727172333e-06 2.5041877478315655e-06 
-1.8815168090213774e-07 4.2835297620058554e-07 -1.7805045615659765e-07 
-0.003073312866035849 -0.00032042367274698336 -0.005126370582729578 
-0.0015495272818952799 0.0018980070017278194 -0.006484183202701388 
0.00047008639012346976 0.0012476696574594826 -0.00249026803066954 
5.266370430945244e-05 8.09512025625736e-05 -0.00019257304847997148 
-1.0321241461497266e-06 -2.4276203021145193e-06 3.2883796734495263e-06 
-4.896949867827516e-08 -3.084030766320467e-07 2.713820972388703e-07 
-1.0425976734729225e-08 -1.9088171265835285e-08 1.0017713172882914e-08 
-1.7774807958836902e-08 1.0950458151359754e-08 4.903556533042419e-09 
-2.021795566520268e-07 2.6577263845251053e-07 8.734214684835706e-08 
-1.336359503056883e-07 1.5672027799951138e-06 3.2981445485802396e-07 
6.05379185003585e-06 7.968600584717933e-06 4.183369355814648e-06 
1.633384533761273e-05 2.9215946597105358e-05 1.4923421872481413e-05 
4.788383087372949e-06 1.9780219645326724e-05 1.537421371722303e-05 
-3.3492898232623247e-06 -3.2833744967319944e-06 6.6216335881108535e-06 
-9.625347443531496e-07 -9.179118478641612e-07 8.280118848347229e-07 
-0.001881413467344828 -0.0014534061751874106 -0.0040133335860446095 
-0.0011282541381660849 -0.0004546279669739306 -0.0023702161852270365 
-1.0793664841912687e-05 0.00019074395822826773 -0.00055855987011455 
1.8126011127606034e-06 4.174009791313438e-05 -8.56083061080426e-05 
1.0790318838438395e-06 -2.9994523060850042e-06 3.940260739909718e-06 
-3.84029569033828e-07 -1.3500073947625424e-06 5.714651649668667e-07 
-3.279819305035403e-07 -4.469838899012757e-07 1.2646419911277462e-07 
-1.8167792159573537e-07 -9.51099939638933e-08 8.492328507081481e-08 
-9.572701458182564e-07 1.2629888992421456e-06 8.036931831156835e-07 
-2.7846585908264387e-06 -9.673944987298455e-07 -1.007459331958671e-06 
1.1243122798987315e-05 -2.1680563122572494e-05 -1.7692780147626763e-06 
2.82228072592261e-05 -9.896720257529523e-06 5.477971853906638e-06 
1.132373131440545e-05 1.3646564184455201e-05 5.881380445771356e-06 
1.4710500408909866e-06 -2.412812136753928e-07 4.278725498352287e-06 
1.462541483476798e-07 -1.3348645779842627e-06 1.2310748047639208e-06 
-0.00055359476027661 -0.0021552075049839914 -0.002212616614997387 
0.0001486930123064667 -0.005638617556542158 0.005362725671147928 
0.00031848934304434806 -0.0029510527674574405 0.004025702452054247 
9.144756040768698e-05 -6.804129316151375e-05 0.00020931600010953844 
1.2141008483013138e-05 1.5894801435933914e-05 -1.65250030477182e-05 
-8.681564850121504e-06 -1.16959440674691e-05 3.3816477298387326e-06 
-4.885814632871188e-06 -7.0268765739456285e-06 2.0066942454377568e-06 
-1.7835489956041783e-06 -2.3698924849213654e-06 9.477659062007149e-07 
-1.6780431337792834e-06 3.452449703900129e-06 3.2352882897157542e-06 
-5.833353839079791e-06 6.182162223922205e-06 4.913486122859467e-06 
8.461978268314851e-06 -2.6141574835492065e-05 1.2326047453825595e-06 
2.2462341803475283e-05 -3.8970227251411416e-05 -4.171170985500794e-06 
7.856079946577665e-06 -5.2909892929164926e-06 -2.191857674915809e-06 
2.2389626721519562e-06 -2.4233073432355923e-06 1.6858500089256268e-06 
3.6036024830821134e-07 -7.82182446812385e-07 5.776777030064295e-07 
-0.0002647972432896495 -0.001121695851907134 0.0010162827093154192 
0.0013648621388711035 -0.006704089930281043 0.006630396354012191 
0.0011562764993868768 -0.003834962088149041 0.003957183740567416 
0.0005434510530903935 0.00029364717192947865 -0.00010817800648510456 
0.00014008987636771053 0.0001797458899090998 -0.0001353979023406282 
-1.7779562767827883e-05 -2.5076864403672516e-05 1.4344459486892447e-06 
-2.022302533077891e-05 -3.179006444042898e-05 8.322509529534727e-06 
-7.914859907032223e-06 -1.2231060054546106e-05 4.4725006773660425e-06 
-5.736995944971568e-07 4.827164502785308e-06 4.08043413813175e-06 
-6.146265263851092e-06 1.2546253856271505e-05 9.23731664670413e-06 
-8.49963339533133e-06 1.4669446500192862e-05 1.030963244375016e-05 
5.120307946526736e-07 -1.8674227248993702e-06 1.1392455689929193e-06 
1.3723321217185003e-06 -2.6237138399665128e-06 -6.791143505324726e-07 
7.016330840770024e-07 -1.9403742044232786e-06 7.339824037444487e-07 
7.806542701160879e-08 -4.009808698413053e-07 1.9561047981397905e-07 
-0.0008099744445644319 0.00024205882800742984 0.0016398867664975114 
0.00021917663980275393 -0.0028479074826464057 0.002639615850057453 
0.0008540250128135085 -0.0025782332886592485 0.0011705663637258112 
0.0009454055107198656 -0.00016680914814060088 -0.00029754795832559466 
0.0004073518794029951 0.00021562661277130246 -0.00022567601990886033 
3.2186588214244694e-05 1.9588136638049036e-05 -3.979877510573715e-05 
-2.4143359041772783e-05 -4.320178595662583e-05 6.850913450762164e-06 
-1.3511753877537558e-05 -1.8436012396705337e-05 7.497949354728917e-06 
2.1232567632978316e-06 1.5268347851815633e-05 2.851781744084292e-06 
-3.1223765972754336e-07 7.764051588310394e-06 3.97329662860102e-06 
-6.927170375092828e-06 5.358357611839892e-06 5.683055178451468e-06 
-3.7927979974483605e-06 1.4815512258792296e-05 1.2925229384563863e-06 
-2.9578933435914223e-07 5.436172614281531e-06 -1.359276666335063e-06 
7.124220990917252e-08 -5.456346343635232e-07 1.3310398117027944e-08 
-2.2864885540485602e-09 -3.203547400687512e-07 1.4346164078915535e-07 
-0.0005151840969119803 0.00025552051374688745 0.0005091388084110804 
-0.0005971714417682961 -0.00014028893201611936 0.0006202131771715358 
0.00023728908854536712 -0.001426374728907831 0.00031720664992462844 
0.0009479249129071832 -0.0017577614489709958 0.00024393452076765243 
0.0005457368679344654 -0.0006989339672145434 9.823510936257662e-05 
8.813641034066677e-05 -0.0001328382368228631 -6.727072104695253e-06 
-3.9100814319681376e-07 -4.064298707362468e-05 -2.377452346991049e-06 
-4.522173639998073e-06 -1.6158425069079385e-05 5.649165018439817e-06 
5.7997112890006974e-06 8.339980013261084e-06 3.1220785103869275e-06 
5.062937873390183e-06 1.1780534805438947e-06 1.6818344761304616e-06 
-2.3763220724504208e-07 -5.359817350836238e-06 1.5306741261156276e-06 
-4.139573547945474e-06 1.3027251952735242e-05 -1.6156927813426591e-06 
-1.7469869817432482e-06 5.76986167288851e-06 -1.7517894548291224e-06 
-1.4177315676988655e-07 -1.2419116046658019e-07 -1.4301110695669195e-07 
-2.5983217799563363e-09 -1.7273161301289974e-07 7.659229428469416e-08 
-4.668593101087026e-05 5.956908808002481e-06 3.5650335121317767e-05 
-0.00014395210018847138 2.8885206120321527e-05 8.667608926771209e-05 
2.0932380721205845e-05 -0.0002955352574645076 9.839134872891009e-05 
0.0003636415349319577 -0.0007818711783329491 0.0001743444736348465 
0.00027780459640780464 -0.0005184102219573106 0.00011255594290560111 
7.608376472489908e-05 -0.000153694814798655 5.056380359746981e-06 
1.9384448023629375e-05 -3.239374700569897e-05 -1.2918099855596665e-05 
8.529714250471443e-06 -2.0652054672609665e-05 7.289714979208384e-06 
1.1854516742459964e-05 -1.6043779396568425e-05 9.562461400491884e-06 
6.092813251257212e-06 -2.6204019150100066e-06 2.7403741569287376e-06 
2.1138196188985603e-06 -4.565445095749965e-06 7.63102121936754e-07 
-8.427414854850213e-07 2.16857472423726e-06 -4.5866477194067556e-07 
-4.400484243660685e-07 9.032170282807783e-07 -2.461697761191317e-07 
-1.7586383904699687e-08 -1.3302337364962113e-07 -3.964242267784357e-09 
-1.2145124322904266e-08 -1.6015828968596324e-08 -1.077683622896508e-09 
2.1188994878684753e-06 -2.832843037481325e-06 -1.3987070417442737e-06 
7.013254617049824e-07 -3.1271263907228786e-06 -5.892877652513562e-07 
3.440880391281098e-06 -8.843438877192966e-06 2.2421750145440456e-06 
2.043266886175843e-05 -3.540462421369739e-05 8.706500011612661e-06 
2.0508028683252633e-05 -2.8645139536820352e-05 1.0161402315134183e-06 
1.4028024452272803e-05 -9.839959830060252e-06 -1.1365392310835887e-05 
9.045812475960702e-06 -8.127723731377046e-06 -7.913271758752671e-06 
4.933218406222295e-06 -1.1602750191741507e-05 3.812365775957005e-06 
5.836362902300607e-06 -7.79178412813053e-06 4.670005523621512e-06 
2.0900906250176376e-06 1.551007244415814e-06 8.164784617292753e-07 
1.0674445991565307e-06 8.552046892873477e-08 2.087891353141913e-07 
3.6611935883001934e-07 -2.5329106989602224e-07 1.4713771889773852e-07 
9.469706263587341e-08 -1.6725835472186645e-07 8.362122638772007e-08 
1.263356313313535e-08 -3.093469938542093e-08 2.8161951659555484e-09 
-6.668637399231958e-09 1.0931717954465459e-08 -9.187401256438577e-09 
-0.002302634180523455 0.00017870792908070143 -0.0018884565506596118 
-0.0022863766353111714 0.0002216222528659273 -0.002295209895237349 
-5.756918108090758e-05 -9.613661677576602e-05 -0.0007313257119676564 
4.5902944293629844e-05 -2.856923674698919e-05 -5.105948821437778e-05 
8.942519116317271e-07 -2.2640404324647534e-06 1.4539872381647e-06 
5.8676706160554204e-08 -2.6234408867509273e-07 1.4650443791452972e-07 
4.781118445595922e-09 -1.7381455774678756e-08 6.886299220470234e-09 
-1.8764242160074218e-08 2.69621436288503e-09 -1.3241321372703396e-09 
1.515025189746666e-07 3.1079217421847716e-07 3.399062222797511e-07 
6.61321496409073e-06 6.2414173953584395e-06 5.859657733253698e-06 
4.8288449534084066e-05 5.768989103671629e-05 4.443019417976757e-05 
0.00010729912310125655 0.00018565542904980248 0.00015284208529919852 
-5.8463359891902655e-05 -0.00015786632684466895 0.00022174936566443648 
-0.00010355144331697375 -0.0003436469633015804 0.00016978458552330267 
-1.4841766642348375e-05 -5.994446655677166e-05 2.9814883987455687e-05 
-0.005810436909087002 -0.0002108141634380445 -0.005851964699104428 
-0.005390908845583908 -0.00018965675553772599 -0.0058690691366791725 
3.7873920518904924e-05 -0.0008087774622254074 -0.0018628905090736225 
0.0002119050914188847 -0.00015788287953455438 -0.0002300952692166902 
2.1172612832742743e-05 -2.477503858244745e-05 4.603732463692722e-06 
2.6200000888820796e-06 -4.670125065331376e-06 1.5438553049307302e-06 
1.7931468221377145e-07 -4.253266538967182e-07 1.2612211941487317e-07 
-1.135297651444489e-07 4.3084117606895234e-08 8.096789372302737e-08 
1.636552951822523e-06 1.5243665529851569e-06 2.487683062213364e-06 
5.307173591972969e-05 1.9586857433750993e-05 2.711913253961029e-05 
0.00026085388662977493 0.00019799918482021894 0.0001584980000188807 
0.00039638591988477856 0.0007683258008910343 0.0003793153155129403 
5.090897593618138e-05 0.00033853416971396655 0.0003824113600785495 
-0.00010570773292783997 -0.00033861456631711917 0.00027018664513889235 
-2.2951335608922818e-05 -8.616791058102535e-05 5.532609168312774e-05 
-0.0028039610770065337 -0.002155252965167165 -0.0031758827972225845 
-0.002727552946660161 -0.0018965743001899682 -0.0007835171418264508 
-0.0002404274455329869 -0.0007786441128700972 -3.6383862607181072e-06 
0.0003228311979910359 0.00016590493396506645 -0.0003313645866001025 
0.00013879478501621634 -2.4568089429521933e-05 -3.097758599324152e-05 
1.9946274278481724e-05 -2.0268870230211178e-05 1.553265036591256e-06 
-3.447378560395009e-07 -5.552578699052901e-06 1.0457757362303255e-06 
-1.4290559420260251e-06 -1.3488917289805613e-06 9.396898690283706e-07 
-1.934541160153458e-06 -1.6543805031687953e-05 9.699874681246001e-07 
0.00011582224351514014 -0.00033818919473560527 -6.615857091674116e-05 
0.0006688766125080292 -0.0010154609335586429 6.481351010734215e-05 
0.0007405875639960868 -0.0003684997318487149 0.00031311203201767057 
0.00015847107533772942 0.00031446953653357923 0.00011942139644816052 
4.854202416026965e-06 -2.2057502064853907e-05 8.370471368834842e-05 
3.6292751701694215e-06 -3.835030270238349e-05 3.0452050012286236e-05 
-0.0006438942659769964 -0.003372255712747574 -0.0023673546966165304 
-0.00042308063711971045 -0.00442293199012056 0.004134565533604473 
0.0006032844539731741 -0.0008743014768697321 0.0021990618988638744 
0.0008960626291809604 0.0013665516744367778 -0.0008994861200335436 
0.0003542335834936239 0.00028233738703420386 -0.00025080249906750396 
3.3891978091560304e-05 4.96853499498684e-06 -1.7590273728274042e-05 
-1.9963044906035066e-05 -3.2813883080962114e-05 7.2335269578616135e-06 
-3.5903049138141796e-06 -4.380788595881313e-06 8.95807488632272e-06 
2.5284819002990844e-06 -1.134640797317843e-05 2.7367953634893638e-05 
0.00017512784324935637 -0.0007792498508933932 -0.00010090846626553684 
0.0009843857696978375 -0.00247415664489381 -2.9904331313446164e-05 
0.0009660970390541479 -0.0017526004667161033 0.00022108506527729332 
0.00019867454943778284 -0.00018658478074939921 1.3108437997289002e-05 
3.1851342384925374e-05 -2.2851115090816165e-05 1.5167743868005346e-05 
8.112252317005186e-06 -1.676065153333184e-05 1.0974888596138044e-05 
-0.000857277016621083 -0.0022457039449363947 0.0018816086230799556 
0.0010952155571430922 -0.0063067960436455905 0.005530569003894925 
0.0030530118383467197 -0.0012760169920511544 0.001484178879763931 
0.003471083822660148 0.003798142774030566 -0.0025566580588929355 
0.001698684471193701 0.002047217159997672 -0.0012560270843096077 
0.0004369886009953916 0.0006954897253308445 -0.00035644651507027447 
2.7441143174655735e-05 8.368311682716012e-05 -3.970595571445301e-05 
6.485738413175568e-05 0.0001059502101270482 2.4115950509440154e-05 
0.00011600347716012038 0.0002460510513628833 5.102680734125897e-05 
7.372547588602174e-05 -0.00031599619705957593 8.507870552421082e-05 
0.00033614581911933783 -0.001103872709791176 0.00010876663873204961 
0.0003771389237954281 -0.0004220798655296676 9.592018614057451e-06 
0.00010140302856598282 0.00010876492160605267 -0.00010414692951599136 
1.6815886738186236e-05 7.560032827313989e-06 -1.4613035091315396e-05 
2.1740058855357347e-06 -7.058246751512343e-06 2.7567364213609835e-06 
-0.0022428988449973986 0.00012424786109477282 0.003887159051373601 
-0.00031738728284835815 -0.0038557207444682717 0.0034621180966496468 
0.002664346480742097 -0.0032206744654104114 0.00045292255526874214 
0.00426445109769702 0.001289804233238101 -0.0018035904504358768 
0.002927790628746152 0.002495209686458111 -0.00167843175586313 
0.001062228111550212 0.0016182862455025315 -0.0009617618634365499 
0.00016969878925010562 0.00043910410022363067 -0.00021523027680814266 
7.648700557183474e-05 0.00030012361821718514 3.9046790334396064e-06 
0.0002737190225161612 0.0008662368200020865 -4.343112595961429e-05 
8.088307367870584e-05 0.0002707363455556333 3.627398047001407e-05 
-0.00012508416693890467 -1.6514401067979634e-05 2.569549178588204e-05 
-0.00010096088226418942 0.0007997831562533975 -0.000188104560947977 
-1.0768357014967478e-05 0.0004904324596282095 -0.00021204989752732217 
3.550693463694188e-06 5.12798287672922e-05 -4.0657097997609526e-05 
2.736845203799021e-07 -4.061549134348752e-06 8.010431429283926e-07 
-0.0017497336957603693 0.0005556138639803976 0.0017662643222138286 
-0.00209778273710981 -0.00028064579237252474 0.0018920765724033117 
0.00031365183531306684 -0.0037895411805948243 0.0011434498010203242 
0.0031914992723613977 -0.006294283492024988 0.0013555717014241964 
0.003125675139017403 -0.004026675364002585 0.0007295705945580266 
0.00127149821491912 -0.0014010259183123708 -8.569550118409097e-05 
0.0002748180122580379 -0.00013565650442615151 -0.00014327437384054065 
4.000119224656373e-05 -6.955210119485855e-05 1.1899176570295822e-05 
0.0002636296339915134 0.00045870708709117025 -2.9343915230128914e-05 
0.00018704732792684808 4.827943121199496e-05 6.973466952331364e-06 
-6.495053457911126e-05 -8.259173046099022e-05 -2.4547221983084455e-05 
-0.00021454725720104761 0.0007132779719540849 -0.0001833721689763479 
-8.01025362306973e-05 0.00034067370870616287 -0.00012527915532700717 
-2.6472722538528615e-06 2.1457712136907503e-05 -1.6707752365618944e-05 
3.145063800502612e-07 -2.733349106165406e-06 6.951380555619835e-07 
-0.0002774818567559123 6.309422678896226e-05 0.00021603105415124446 
-0.0008975559030659497 0.00023354743825620972 0.0005627238424494863 
-0.0008838670328259468 -0.0008080321276793256 0.0008354542660526931 
0.0005946476594544947 -0.00361921067815274 0.0014041333924978971 
0.0019508639816194773 -0.004446382081368938 0.0012138141901232302 
0.0016023326897993684 -0.002923967142123729 0.0003783045394811779 
0.0005808807327412069 -0.0006979605532251298 -7.191849363152869e-05 
0.00023226879420690238 -0.0004987070300330743 0.00013985435452923412 
0.00042364739329059375 -0.00079457690117124 0.0002443818812025711 
0.00025673384516267106 -0.0005617790920950938 0.00010849253521882929 
5.062815273504384e-05 -0.00030871712078806013 1.139570667874068e-05 
-6.613593359361403e-05 0.00014187638589646667 -5.7034811106859706e-05 
-1.8253904272569343e-05 5.144237366039306e-05 -1.434983732906403e-05 
1.942852520642191e-06 -5.231190925769624e-06 1.8097119465210199e-06 
-3.6389374713508005e-07 -2.1208900591318525e-07 -5.059077778923893e-07 
-7.03722434991505e-07 -2.700728828131105e-06 -1.5428577171405777e-07 
-6.275501073105261e-05 1.9618704754975624e-05 3.309407475171611e-05 
-0.00026582847931422293 4.369680391391739e-05 0.0001253448863280937 
-0.0003118644963251427 -0.0002018610066443216 0.0002451486070640385 
0.00017606628534849733 -0.0006364310379467497 0.00020861640223301947 
0.0005416180792963132 -0.0007091575807862682 2.3220702132675797e-05 
0.00020304741337895393 -0.00016631645121378824 -4.184167119092308e-05 
-9.486517228651792e-06 -0.0001502855448052287 9.541620102027082e-05 
0.00018296415146323852 -0.0004653412051993655 0.00015089549242475186 
0.00010142483006347902 -0.00023640960762350005 5.56709201191552e-05 
1.7401562786290015e-05 -7.084007938829018e-05 3.7487161534954794e-06 
-5.364309799915645e-06 7.517734957218636e-06 -7.567593456769828e-06 
7.626381375303026e-07 -1.0290052614436718e-06 1.0393185263524174e-06 
3.092915079605518e-07 -9.722531189026995e-07 4.6793388719379436e-08 
-3.5351304994435395e-07 4.4636805540676505e-07 -5.275938637083755e-07 
-0.0009224833775078878 0.00011622877718764357 -0.000596969919570256 
-0.0007469393021892756 -0.00034864350163843483 -0.000853009241836844 
0.0004244067004037788 -0.0005795850738650188 -0.0004582685623972793 
0.00012539976091829885 -0.00010216238661087118 -7.812562034814619e-05 
8.474410378767061e-06 -7.249554073496256e-06 -1.5666296349081676e-06 
1.2341566844042973e-06 -1.3180828730696703e-06 1.8657434353031022e-07 
2.0326669547543474e-07 -1.7361519155656424e-07 2.038493940315078e-08 
-6.756806669727666e-09 2.6903165917246952e-08 6.349445413889043e-08 
6.274650331761222e-06 3.409979399293661e-06 6.3026068346516695e-06 
0.0001092752081603976 5.995730225549778e-05 7.936631254779059e-05 
0.0005074269793112762 0.00037674701889045537 0.00039378314886562293 
0.0005763817607657984 0.0007980314258020371 0.0008261626862804405 
-0.000932265211304184 -0.001707041563349776 0.000935573763854336 
-0.0007479144478566013 -0.002853879501344636 0.0011085793939855648 
-3.418917549424805e-05 -0.0005865447237738408 0.00022270101180765778 
-0.0021418400574475527 2.2823171093477868e-05 -0.0016296922694891691 
-0.001042291522026062 -0.0016091000579763204 -0.0020508276647888124 
0.0020474216289585456 -0.00244880466198083 -0.001488161797169596 
0.0008152178698423995 -0.00048467007582075894 -0.00042012099584098905 
0.00022894222274771892 -9.3030041171005e-05 -3.607530834415229e-05 
4.751141750602983e-05 -3.289698952357867e-05 -2.5003281365343355e-06 
8.13455557135967e-06 -5.418172960958145e-06 4.289486010833343e-08 
1.80969072971493e-06 7.685477498853288e-08 7.830698791622126e-07 
5.908981984248385e-05 2.0898954971926287e-05 4.9063379265135154e-05 
0.0008155245595844463 0.0003396554457140155 0.0005065383138571633 
0.0025169225141326024 0.0015868584778218064 0.0015409772167913616 
0.0024423456052318215 0.003438445768551901 0.0021951086237095296 
9.09297050384339e-05 -9.779076208360493e-05 0.002133206664439058 
-0.00045798537030350417 -0.0031691119438619353 0.0021337390935514122 
-4.243792704983207e-05 -0.000716528220436885 0.00046873690735083073 
-0.0005886813560209703 -0.000843429530505091 0.0002963407459901646 
-9.737384971231222e-05 -3.184529487043619e-05 -0.0003176169120706618 
0.00152032716141548 0.00016060867346823215 -0.001110963523387909 
0.0019705163067555986 0.0004085603868588805 -0.0008629783405922353 
0.0014664905429526698 -0.0003514759591780603 -0.0003442722372710705 
0.0003927146208297927 -0.0002776941764750518 -4.7333012844319455e-05 
0.00010267721881973557 -7.495284262404311e-05 -2.3436012241973003e-06 
2.1613720036839368e-05 -8.555667932341748e-06 -3.048853841391974e-06 
6.092833245929796e-05 -0.0001286117521885899 -3.772940726776142e-05 
0.001327918052993482 -0.0013381465105339885 -5.998495180392638e-05 
0.004406898180604912 -0.003158005711156875 0.0010940762876998633 
0.003535658266628161 -0.000771942432038486 0.0017078373930417001 
0.000878483391716145 0.00039222720079123974 0.0008147212502080947 
0.00041720244007592555 -0.001110771088860929 0.0009414592423127033 
0.00012157787205069326 -0.0003595890048018191 0.0002737554459599778 
0.000456937646958977 -0.0019466413650661707 0.0020961870905011892 
6.661086808890104e-05 0.0006116512231528759 0.0013498178450390697 
0.0004956763295922428 0.0032132802298292518 -0.0010777391726151109 
0.0014775595773244277 0.0025926345988409594 -0.0017369546403642744 
0.0016677960884408094 0.00022033463756088167 -0.0006953960983082652 
0.0007215671430458315 -0.00013163892435841262 -0.00015890298527665436 
0.00035253423993708566 -5.449805757962167e-05 -3.5896984627470374e-05 
0.00022464852372650057 0.00016944209346547723 -3.348508107592352e-05 
3.151996497763321e-05 -0.00021704985920223407 -0.0001833657152019441 
0.0010411853400000837 -0.004504487500526011 -0.001337407622486353 
0.005245121574262157 -0.011529224924743176 -0.0003331312327645719 
0.0046772400819463655 -0.006528891943162307 0.0010829881648533046 
0.0010409728274680674 -9.145401418209076e-05 -0.00024911758373491466 
0.00039214348362293094 -0.00028588235727511346 0.00012081305249012075 
0.00011571591630854527 -0.00018792697755998233 0.00010072515578940511 
-0.0006040590815246105 -0.002006187103688717 0.003985514515079558 
-0.00028979359194636345 -0.0007884997176006436 0.0019898564205504954 
0.0013346673222258687 0.002744628058280796 -0.0015884839522186667 
0.002831422840245068 0.004092469607712701 -0.0026909714069915935 
0.0032406175741925836 0.003349774400703609 -0.0017612120864214376 
0.002438560943119228 0.0031407021451741457 -0.0013569628645200282 
0.001361035625450313 0.001727689174003899 -0.000526209594681859 
0.0016856591100804508 0.0020781855564564466 -0.00019135454203933477 
0.0013792409736197442 0.002215092652477324 3.617217589635402e-05 
0.00046000479051144794 -0.0025726889725774527 -0.0002523946313885972 
0.0020985052542528138 -0.007982051931321621 7.776214624755085e-05 
0.0024553058901801705 -0.0013704269658774137 -0.00048238353338092566 
0.0007990489502844866 0.002654977375641465 -0.001733527926262468 
0.00016810708802950103 0.0006956424913369119 -0.0005245192151051015 
3.792128427448915e-05 -2.6808684197021648e-05 5.491074261954054e-06 
-0.0021285125985741615 -0.0008170653600245714 0.003997203195467591 
-0.0016976497136056423 -0.0006581830093637109 0.0021990446839481592 
0.000481975672300905 0.0003767343259823974 -0.0003527541221046704 
0.00213908520527184 0.001313414133619517 -0.0009216460166499019 
0.0033554297406226397 0.0028457846492528915 -0.0016653285128995776 
0.0030727246776223183 0.004114144714549184 -0.0023614917881786823 
0.0014916232321411371 0.0025805956684052944 -0.0011036765645258129 
0.0016314181266352534 0.0028095454908907413 -0.0003453772224020213 
0.00259604025632143 0.006191033229697496 -0.00041985783900599927 
0.0007476538303308189 0.0017412684974260628 6.345274778141174e-05 
-0.0007163528716773726 -0.0012479195138439536 -6.790636689402163e-05 
-0.0007328387800953351 0.00536398752592504 -0.001823345199227333 
-0.0001070189282472711 0.004604477318935096 -0.002423584519419819 
6.146653686300851e-05 0.0008984959567897022 -0.0007215015939436853 
9.987269095290685e-06 2.1233714505797252e-05 -3.28721507685259e-05 
-0.0018465145258232951 -0.0002851954195648432 0.002189447986893356 
-0.0031911665573716164 -0.000435565976658836 0.002925742883235216 
-0.0024278457276523113 -0.0013659893302246928 0.0020807861583307385 
-0.0006491102758445777 -0.0039749242714606225 0.002186242723837495 
0.0019977621268481016 -0.005488347844220698 0.0015132592307054438 
0.0026173752266913652 -0.0042234816355630755 -1.261162105947733e-05 
0.0010002200724557042 -0.001201838138513267 -0.0004601116816047579 
0.0002504352596588433 -0.0008574077510274947 -3.5219345591031015e-06 
0.001700061111478135 0.0026717836735770106 -0.0002807523705996573 
0.0012318055087234825 -0.00012417215475579724 2.5965971872210503e-05 
-0.0006197034672368318 -0.000596285390201956 -0.0003930105303879827 
-0.0017994851077673957 0.005601035663858056 -0.0017622887680772692 
-0.000472752311907243 0.0025847903452813625 -0.0009755756764207035 
0.0001590696228959132 2.1085405023768544e-05 -2.6799818442668766e-05 
2.4860842586349463e-05 -3.0232999961299356e-05 1.0918012321781134e-05 
-0.00044558520312421024 -5.515835823644011e-05 0.00042249218677170575 
-0.002122189849615097 -4.537552740657702e-05 0.0015998295275494456 
-0.0047815702855587006 -0.00013501345529220998 0.0025927546666935086 
-0.004710833076387644 -0.0022830820525996387 0.002941607730463147 
0.0011574559612199664 -0.007137037580832839 0.0025092190480791032 
0.005291636101901531 -0.009058233146788552 0.0009949124651029706 
0.002667105756700039 -0.003825768391834572 -0.0001121445147873601 
0.0009199371561408043 -0.0034865065244957805 0.0007719242876191856 
0.002432528246572474 -0.005314918409567326 0.0013364881378947757 
0.001667488133534789 -0.004857448351685889 0.0007282929072971456 
1.4130942872725427e-05 -0.0021195231238380075 -0.00015238160267472267 
-0.000799079891294241 0.001639573194552213 -0.0007268001500051469 
8.73015342222061e-05 3.2687821658328176e-06 0.00017035322161973454 
0.000198188194190152 -0.0003482293632259825 0.0002452367189107463 
1.44148559684254e-05 -2.8891776310047135e-05 1.5007113233878044e-05 
-1.560659075039439e-05 -3.2079126413009362e-06 1.33930952870287e-05 
-0.00031617129570804536 2.3162429897638503e-05 0.00019414669077377766 
-0.0015438222326338291 0.0002260101173305884 0.0006329344469122589 
-0.0026053327601403 0.0002385892003076151 0.0009436568943783641 
-0.0007090752405929379 -0.0013041774946032092 0.0008521923155058175 
0.0019472792046144605 -0.0029622650690726005 0.0003396706306375563 
2.339636739634443e-05 -0.0007197114755399525 0.00017515764920972288 
-0.0017767282552085817 -0.00043413357343524694 0.0005923455792071763 
0.00028296661548665725 -0.0030282243678811938 0.0008321902932948433 
0.0002193447871832177 -0.0019824056507786736 0.0003455151377238508 
-0.00041159508691634983 -0.00029400059429463 -0.00015796883235452697 
-0.00031483818020205945 0.0003538260789355263 -0.00022461583284894004 
1.989581505768001e-06 -4.524518226389773e-05 3.900679166690679e-05 
2.5860519826892414e-05 -5.608075389318401e-05 3.380611678949208e-05 
-2.02212754629727e-06 3.709376414917642e-07 -3.6964885339330067e-06 
-4.835915046896844e-05 -1.9581384549383074e-05 -4.190716390439775e-05 
0.00010867363198485691 -0.00021861081495444523 -0.0001281093650504772 
0.00024693589330126997 -0.0002562891440902604 -0.00014557401300407946 
6.285703148023458e-05 -4.9149803089676425e-05 -3.510718954657932e-05 
1.2769800150636001e-05 -6.197207540026284e-06 -2.382851363336158e-06 
3.5027634908146865e-06 -2.3539821221163493e-06 -1.3227288064854292e-07 
9.765991961785403e-07 -5.569061070076486e-07 -2.500392870530277e-08 
-7.439450655510882e-08 -2.505273499764371e-08 7.979298288773862e-08 
2.383752871537581e-05 6.249690613913117e-06 2.4905803002184257e-05 
0.0004309252981329337 0.00010851394108613022 0.00031036684595164843 
0.0016419775747635867 0.0005471970980579499 0.0011196293344255537 
0.00034227022842969745 0.00116372488628258 0.0005973391962470487 
-0.0032558476959820837 -0.0012188104446977377 -0.0015017467667348683 
-0.00031869678059592843 -0.003406570467632264 -0.0006673119496554136 
0.0006252470557228662 -0.0008250870932897669 -0.0004854175786022097 
-8.450998484477168e-05 -7.8804419899825e-05 -0.00011787927724071778 
0.0006261018643272109 -0.0008486905717290938 -0.0004415231815073639 
0.001233822651556693 -0.0011640634038485587 -0.0006576381128979847 
0.0007590440873173065 -0.0003239542566007003 -0.00023536619846709073 
0.0004932941374136135 -0.00016672624042257667 -9.264849632018013e-05 
0.00015306113255064702 -9.595110304871923e-05 -1.7810662029660307e-05 
5.5598709877813235e-05 -2.490076622052584e-05 -3.3452650995968725e-06 
1.8297920860277372e-05 -4.646135096209036e-06 4.3767181523435283e-07 
0.00022367680503521115 2.675267114682356e-05 0.00020775845769094303 
0.0027501489967107773 0.0007119498332031071 0.0020540385448839515 
0.007092154119163752 0.0023722740006633103 0.00457862981420476 
0.004359056372777559 0.003131169709376991 0.0033072627302317414 
-0.0010084779642056674 -0.0008559998686905601 0.0013494729896592617 
-0.00013587361900135875 -0.004187696264125407 0.002522221999242902 
0.000427861676143948 -0.0007413654238916934 0.00032136659137904644 
9.333940397482365e-05 -0.00010834174463525414 0.00023311965924222022 
0.0007315031252801418 -0.00022680300753563643 -5.818458157591522e-05 
0.0018005430756602436 -0.0006222061347216368 -0.00044067000271752477 
0.003487836162094027 -0.0005906163714826107 -0.0007270314381457865 
0.0035761601466219872 -0.001391850644722581 -0.0008079089348029811 
0.0015371078370662872 -0.0012257386406417936 -0.00016901076742215082 
0.0009243016102118418 -0.00041205218076356687 -6.0616713199124206e-05 
0.0002571801778685767 -0.000137290422571823 -8.573690502089448e-05 
7.497548358514905e-05 -0.0006535208958666772 -0.0003497356287880393 
0.0028140447102487087 -0.0011278861056780443 0.0009366619924549013 
0.006773430593057128 -0.0008549002450308762 0.003253891642089002 
0.004036830039694905 9.773712372407317e-05 0.002024053828790784 
0.001878100330941379 -0.0015700531366746873 0.0015312053874367848 
0.001914118678541854 -0.003890527968906099 0.003026076010428369 
0.0005235206699580885 -0.000595373974647373 0.000628339999821037 
0.00034856409183703363 -0.0009093816624954343 0.0012936642160639167 
0.0007427265518344939 -0.0012403519358485937 0.0014607453485950828 
0.001203441759571433 -0.0008278586901724339 0.0002614519326016307 
0.0022906881058588624 -2.8442591428756714e-05 -0.0010305905598215759 
0.0033401773252990097 -0.0017378521151840687 -0.0010027557145804167 
0.0026117791421711445 -0.00274271029047668 -0.00013047018728684634 
0.0026223701424896717 -0.001103081798646599 -0.00016469057300128043 
0.000616643053945154 -0.00031547711114399135 -0.0004895238089375198 
-0.001228281207204418 -0.002648137276992202 -0.00241388296126388 
-0.00019011780750588514 -0.006501577940071002 -0.004165775317233056 
0.004251010701409541 -0.009525139117613435 -0.0005966307362541556 
0.0037355521926656365 -0.003405846015084535 0.00032824353547766805 
0.0018790590111166239 0.0006262105307541788 -0.0009358911484014243 
0.00187914032721892 -0.0024058260023593903 0.0012831735220970586 
0.000563194030064551 -0.0006997207528911531 0.00048296881141141057 
-0.00014461460523307323 -0.0014148097252473235 0.0020135390805080533 
-0.00040765292942523956 -0.0015708794817328453 0.0018183450447395444 
-0.00025616760831326246 -0.0004961700178682804 -0.00010929943528026342 
-0.00016317737754434347 0.0011408005375415087 -0.001035401364788413 
0.0012337551452219486 0.001236703887116164 -0.0008918425883166492 
0.0023418799974024296 0.0006552765262313187 -0.0007932755906949751 
0.0027500021969899535 0.0015477238921448588 -0.0006621893553528935 
0.0028689157916232944 0.003241999540477991 -0.0007961782393977046 
0.0009884005412459373 0.0012408903276082128 -0.0017354877782054245 
-0.0007157598083722405 -0.004606053087627515 -0.0024459107662551105 
0.0014785631938138977 -0.009209141939209076 -0.00015987030928954482 
0.002234690434647746 -0.00048793433234095573 -0.001001698081381619 
0.001240114728716435 0.005539709236472845 -0.0040811479557305574 
0.0007601071265526116 0.001799953868612647 -0.001339697395451367 
0.0004128190688561517 -0.00047061024815775454 0.0006116663043940207 
-0.0008969177724793553 -0.0008737449534237385 0.0017064256680896506 
-0.0019710551132448018 0.0004057898186147213 0.0011857987265102565 
-0.0016604592237854376 0.0019174513581674546 -0.0005834704206790775 
-0.0007949615246616304 0.0014004440745338798 -0.0004947744309902191 
0.00046574033331125975 0.0007331930391956121 -0.000355146657966543 
0.0015007820911705494 0.0013680030824616551 -0.0010230258922092617 
0.001600750139914453 0.0021853072103112936 -0.0008671515388414264 
0.0030910851201042533 0.0042843318078666925 -0.0005351911531761289 
0.003691810416057706 0.006820089285611175 -0.0005901845288462937 
0.0007734971877653152 0.0015226053656078875 -0.00022664239804726094 
-0.000779276764660608 -0.002161674405215308 -1.1502648703753948e-05 
-0.0008449214656138793 0.004950853763148189 -0.0021152931731194258 
-0.00015502996393479407 0.005804059095680714 -0.004144318168982863 
0.00019813435574178584 0.0021956608397886157 -0.002089594374410808 
7.281716926854642e-05 0.00013954541645944118 -6.305989336397033e-05 
-0.0009118186426348984 -0.0005916711961617693 0.0011955572990700603 
-0.0029577885288745165 -0.000790060090366751 0.0025784641038626432 
-0.003956066560931504 -0.00036144437035545707 0.0022572081797989085 
-0.0025047590024769306 -0.00036463839933276176 0.0011214752303203568 
-0.0004830725665669888 -0.0020575373418978415 0.0007702826405875385 
0.0005184350302442908 -0.0030981465242803097 0.00029631733195856214 
7.646146696060896e-05 -0.0016839250456541777 -0.00012353004422038794 
9.217258775606751e-05 -0.0007790877134539187 8.64466856000945e-05 
0.0016582893149461597 0.0022835849958937615 -0.0001287979248445481 
0.0012247503618709743 -0.00044782168697565794 9.884466271614656e-05 
-0.0008599447610322386 -8.627213537693024e-05 -0.000697464362019673 
-0.002092972834361717 0.006300137261860073 -0.002115443639922887 
0.0009437548142159358 0.0004405258223414421 0.0005217957950662822 
0.0014905146235832945 -0.0015553910925518721 0.0012699354119831696 
0.00015089301086845808 -4.789461672771722e-05 6.774767825845629e-06 
-0.0003121805057162419 -0.0001603672826604452 0.0003468922950560227 
-0.002243955386802554 -0.0008631728633190505 0.001944741583429277 
-0.00595850171521306 -0.0014435631819651462 0.003515515010803938 
-0.005742182256653905 -0.0005522332794498652 0.0021780101815238595 
-0.001436487422324717 -0.002561935252742842 0.0013753321254625916 
0.0020501603139564395 -0.005531123635591939 0.0009120609902311116 
0.0009164436487480998 -0.002556988678406924 0.00022602783428737894 
-0.00038914403558010235 -0.002113671333063394 0.0006696407508570701 
0.0019451676052995026 -0.004498511509154923 0.001086363146896474 
0.0015456887485925108 -0.004870600849244511 0.0006442575067922007 
-0.0008518450777046382 -0.000823106209281832 -0.0008184895850718021 
-0.0013326500775292516 0.002730226726271212 -0.0011167936609126627 
0.002038912265561521 -0.00312245573149994 0.0027218701361562125 
0.0017221911257365718 -0.002511346820028848 0.0022812518873251975 
0.00019391090609133244 -0.0002458162875882408 0.0002282517816638574 
-2.3346721718553454e-05 -8.515186891600024e-06 2.2876116418046877e-05 
-0.00042008186574094 -9.971426334232092e-05 0.0002930762420874089 
-0.001894037937745452 -0.00021227960678515956 0.0008775359892752022 
-0.0028207299765199423 0.00028506767557701096 0.0008235908462665975 
-0.0026286279316991568 -0.00024371244944632053 0.0011136147077195346 
-0.002124383579939604 -0.0015462449518963695 0.0013224707217887044 
-0.004430347820743918 0.0017091595800593495 0.000993720954284072 
-0.006822055904194713 0.0026654346147552133 0.0004372924244080423 
-0.0024163133930414915 -0.0008993729134090245 0.00022694075596518815 
-0.0014049142191652209 -0.00031246968137566 -0.00015617300778103527 
-0.002285709837451577 0.001560825272463262 -0.0009749811142683029 
-0.0012396586826071143 0.0015538959996774793 -0.000766055949497968 
6.393446528818458e-05 -0.0003102360788034275 0.00040542916758568026 
0.0002586979535408318 -0.00040634146716911346 0.0003784475484280847 
2.3080372102413094e-05 -3.6596323297999334e-05 2.4902509721869137e-05 
2.122014279848372e-07 -1.1554027423699154e-06 -1.1110482063259042e-06 
1.028746032716299e-05 -1.2334178791206796e-05 -7.469823060546332e-06 
1.5741383549539023e-05 -1.4452554751187563e-05 -1.1844456139442627e-05 
6.475750069512287e-06 -1.8125903693544387e-06 -4.1548914282429905e-06 
4.363385784245111e-06 -9.210809253090702e-07 -1.0231647706859803e-06 
2.1253872546367347e-06 -1.169346660390147e-06 -1.2203059895909973e-07 
1.2077341153826637e-06 -5.656313888380282e-07 -7.167805016194961e-08 
-6.755425374649349e-07 -1.7064505186681345e-07 -4.864135689786053e-07 
1.6523033991688862e-05 -3.253580416640034e-06 2.383002902206499e-05 
0.00048291099665220827 -4.056716716149822e-05 0.00036575082049239427 
0.0017561478016432375 2.7565711206989363e-05 0.0010919655760517344 
-0.0009208195624523796 0.001537726384412963 -0.0005659553862642497 
-0.004232147213770077 0.0020593127665051725 -0.003689068165840581 
0.001078710687579587 -0.001148010473116301 -0.0029548471502494067 
0.0011921833647647873 -0.0005933455540798604 -0.001150467840489 
-3.819811354333069e-06 1.016443275148049e-05 -1.0611320860220985e-05 
3.402220863790717e-05 -1.704663736745715e-05 -4.5629418309545144e-05 
8.572487058700062e-05 -3.226742774131708e-05 -7.015501341811614e-05 
0.00016414065248682164 -1.1765929230023175e-05 -4.839399844058789e-05 
0.00018731940053839935 -6.119349200162105e-05 -3.9338030546787195e-05 
0.00010078243030875456 -6.340789514069911e-05 -7.905500524429954e-06 
7.665786506549921e-05 -2.621127759994124e-05 -4.12176166264544e-06 
4.1677790363792155e-05 -9.502809689365677e-06 1.1863298823300283e-06 
0.0002648321242304519 -7.809846647433005e-05 0.00026050108135677874 
0.0029092099284753203 -0.0003678335197037086 0.002558242413215339 
0.007557533914223313 -0.0005713696009479463 0.00516316166613251 
0.0025476927403360605 0.001350314858427737 0.0015530110686086118 
-0.003186389949405566 0.0017042144172592089 -0.001901027724670712 
0.0006607315153814852 -0.0014527159801218659 0.0001522555248811841 
0.0007155689527280629 -2.8943235520273447e-05 -4.2376923374831676e-05 
-1.4940593246137723e-05 6.0628542996710166e-05 -1.828442509577144e-05 
4.599957901518792e-05 4.8245739890262485e-05 -3.738114537554793e-05 
0.00030595960561186075 -9.583408245816827e-05 -5.092666106065735e-05 
0.0010845974320545793 -0.0002553159138187766 -0.00022997135965852067 
0.0015479826834052801 -0.0008088754839263856 -0.0003125930106762098 
0.0013301052240421996 -0.0010133644100278616 -6.090658644097857e-05 
0.0013804685149807483 -0.00043315544826327823 -8.40581560623832e-05 
0.00048439709644299 -0.0001539280792712816 -0.00017523565475130454 
0.0003788527683354914 -0.00090592560445657 -0.00038896238766028546 
0.0019623569678515196 -0.001444864108634647 0.0016574306646361947 
0.004798176232725382 -0.0012510194501373917 0.003822724102064967 
0.002307891845703125 -0.0004894949670415372 0.001280542157473974 
0.000835798738989979 -0.0013274350203573704 0.0005900139331060927 
0.001329770209849812 -0.0027632732526399195 0.002992799854837358 
0.00018745794659480453 0.0007166844443418086 0.0005626610945910215 
7.772639946779236e-06 -3.713170008268207e-05 7.777809514664114e-05 
0.0002003809786401689 -0.0005721282213926315 0.0003037767019122839 
0.0004648034228011966 -0.0011061003897339106 0.0002615888661239296 
0.0008697729790583253 -0.0005830771988257766 -0.0003148562682326883 
0.002028689894359559 -0.0018522541504353285 -0.0003954632265958935 
0.003230234040529467 -0.003354960703290999 8.896664076019078e-05 
0.0036701958160847425 -0.0014587164769181982 -0.0001663634175201878 
-0.0005735935119446367 -0.00021795695647597313 -0.00127673739916645 
-0.0028360609539959114 -0.0029478241340257227 -0.004411497735418379 
-0.0019979626467829803 -0.0032465972908539698 -0.004438959585968405 
8.645022171549499e-05 -0.0016687716415617615 -0.0007054899469949305 
0.0007022171921562403 -0.0005370526341721416 -1.4569537597708404e-05 
0.0011741183989215642 -0.0009900893783196807 9.453701204620302e-05 
0.0019434298010310158 -0.0036383921978995204 0.003090013633482158 
0.0009511072312307078 -0.00028980179922655225 0.0016009993851184845 
-3.381367241672706e-05 -0.0001665245508775115 0.00019029098621103913 
-1.7122409190051258e-05 -0.0007924898527562618 0.00043852452654391527 
-7.135345367714763e-05 -0.0012210214044898748 0.0002285235677845776 
-0.0003116222214885056 -0.0001492330338805914 -0.0003128676034975797 
0.0009692306630313396 -0.001754869008436799 -7.556058699265122e-05 
0.0022354486864060163 -0.0034942536149173975 0.0002018489467445761 
0.0016337215092789847 -0.0007561711390735582 5.228856753092259e-05 
-0.0021325010166037828 0.001989865442737937 -0.0013391300453804433 
-0.004320237319916487 -0.00047090777661651373 -0.004248344455845654 
-0.002275442617246881 -0.0019996404298581183 -0.0035940069356001914 
-0.00024096493143588305 -0.0015812244382686913 -0.0007400533359032124 
0.00026867193810176104 -0.0003085603239014745 -0.0002510884660296142 
0.0003924253360310104 0.001033578533679247 -0.0011697090230882168 
0.0013792949757771567 -0.0015280400548363104 0.002689276938326657 
0.0017205433978233486 -0.0024226816894952208 0.004985435021808371 
-0.00013321225583240448 -8.243249612860382e-05 0.00017159235721919686 
-0.0004738019561045803 0.0002263979404233396 8.145386527758092e-05 
-0.0007491467586078215 0.0007669992869523412 -0.000335272492520744 
-0.0005870513268746436 0.0010221130214631557 -0.00039814577030483633 
0.000564700283575803 -0.0011991211213171482 0.00013794226106256247 
0.0012969678500667214 -0.001728684175759554 -4.276796244084835e-05 
0.0009225105568475556 0.0009819200495257974 -0.0003477719728834927 
0.00024035466230998281 0.0032023384774220176 -0.0007606902418046957 
-0.0002315149176865816 0.002632962423376739 -0.001179154758574441 
-0.0003508928057271987 0.0006019542342983186 -0.0007134596817195415 
-0.0002309824267285876 -0.0002946489257737994 -0.0001980149681912735 
-0.00021491083498403896 0.0003074465785175562 -0.00031413123360835016 
-2.2928506950847805e-05 0.0006905358750373125 -0.0010123798856511712 
0.0002777987319859676 0.0009708922589197755 -7.959958747960627e-05 
0.00022236052609514445 -0.00013935888273408636 0.0014547462706104852 
-0.0001489299684180878 -9.625297636262076e-05 0.00017548982941661961 
-0.0007876802847022191 -0.00026397577312309295 0.0006171098873437586 
-0.0015611405833624303 -0.00042466504964977503 0.0008919457904994488 
-0.0010373806580901146 7.409730460494757e-05 0.000452173815574497 
3.590214328141883e-05 -0.0014907384756952524 0.0007573679322376847 
0.0005293395006447099 -0.0018137129954993725 0.0005571577348746359 
0.0007664154836675152 0.0006391012575477362 -0.0002339218626730144 
0.0007173997546487954 0.001977611391339451 -0.0005985446186969057 
0.0006186278842505999 0.0017208961071446538 -0.000581257940211799 
0.0003253036666137632 0.0005485737046910799 -0.0002890731848310679 
-0.00016651458281558007 0.000290601426968351 -0.0002786442000797251 
7.210951298475266e-05 0.0007616537623107433 3.427419323998038e-05 
0.0025879470085783396 -0.00200202883570455 0.002875394930015318 
0.0023880635271780193 -0.0007340792217291892 0.002331907584448345 
-5.140110442880541e-05 0.0008038651867536828 -0.0005523734562302707 
-6.294404738582671e-05 -4.517973866313696e-05 7.315402763197199e-05 
-0.0006536302535096183 -0.00045642529585165903 0.0006124948704382405 
-0.0020041524549014866 -0.001349336945622781 0.0014481531252386048 
-0.0014051584876142442 -0.0007754317484796047 0.0007761990709695965 
-0.001022853160975501 -0.0018584078643471003 0.0012220051139593124 
-0.0016704625013517216 -0.0028864943888038397 0.0016302535077556968 
0.00029397071921266615 0.0008236283902078867 0.00023525144206359982 
0.0013412959433480864 0.0023320895270444453 -0.0003978845488745719 
0.0021237244855001336 0.0011826911359094083 -0.00036296188773121685 
0.0022677562847093213 0.0007776939310133457 -0.00036022052154294215 
0.0009856610995484516 0.0010453583090566099 -0.000371714195352979 
0.0015908295536064543 0.0016515861498191953 0.0006374454824253917 
0.004416530918604167 -0.001795373609638773 0.004789009515661746 
0.003402826674573589 -0.0017936108633875847 0.0042230686522088945 
0.00044643175351666287 -6.942339678062126e-05 0.0004429312830325216 
-6.187685357872397e-06 -3.62338278137031e-06 6.547432803927222e-06 
-0.0001274529640795663 -7.07807375874836e-05 9.781072003534064e-05 
-0.000541536690434441 -0.0002626533241709694 0.00029669659852515906 
-0.0005056595837231725 -3.482760803308338e-05 0.00013793056859867647 
-0.0021960351150482893 -0.0005699250032193959 0.0010062597430078313 
-0.004652166913729161 -0.0007142291869968176 0.001724959845887497 
-0.0018347481382079422 0.00380498927552253 0.0003527708031469956 
0.00010461959755048156 0.005211873562075198 -0.0006131437912699766 
0.0028403207543306053 0.003440983942709863 -0.0006917593564139679 
0.004235593805788085 0.003483926033368334 -0.0008125202439259738 
0.002422231082164217 0.0029301228933036327 -0.0006181462085805833 
0.0019972576410509646 0.002661453210748732 0.00022381659073289484 
0.0014640894951298833 0.0010515854228287935 0.0011998457357549341 
0.0008215002744691446 -0.00010463012586114928 0.0009156128071481362 
0.00010962658052449115 -3.2438102607557084e-05 0.00010701603241614066 
-4.594388602896515e-08 1.1768340590911919e-07 -6.405697583478087e-08 
-6.561982246466869e-08 3.167713202856248e-07 -2.738685580538913e-07 
-7.683253500090359e-08 5.410288244078743e-07 -4.3854030096213137e-07 
3.266988812811178e-08 5.474643600678064e-07 -2.699348726764583e-07 
2.976018009803738e-07 1.2385618219923344e-07 -1.2921272229959868e-07 
3.7189142254590024e-07 -1.629025687954755e-07 -9.701554226637654e-09 
3.3865328319393484e-07 -1.4936543379917566e-07 -3.748460658536956e-08 
-6.57280907034874e-07 1.163421075034421e-07 -5.549701427298714e-07 
-1.7679931261227466e-06 -1.9053027244808618e-06 3.803706022154074e-06 
0.00016585095727350563 -7.425790317938663e-05 0.00013383643818087876 
0.0007093882013577968 -0.00024583464255556464 0.00040003968751989305 
-0.00044439034536480904 0.0005354676904971711 -0.00038280465378193185 
-0.0011167183693032712 0.0007090950166457333 -0.0013840603496646509 
0.0014038535373401828 -0.0010540515431785025 -0.0008514577421010472 
0.00048103693734447006 -0.00033227999665541574 -7.723744784016162e-05 
-8.386241745483858e-07 2.2091244602506777e-06 -9.8957350402884e-07 
-2.604618259738345e-06 7.5398359058453934e-06 -3.326400982217592e-06 
-3.2619025205349317e-06 1.3085180398775265e-05 -5.183392586260993e-06 
3.632631432992639e-06 1.1317985126879648e-05 -5.234653826846625e-06 
1.1030926543753594e-05 7.30838564777514e-07 -3.7635918488376774e-06 
1.4875176702844328e-05 -7.54863208385359e-06 -2.1713152875690866e-07 
1.8714289581112098e-05 -5.158781732461648e-06 -1.1769445222853392e-06 
2.1718382413382642e-05 6.469069830927765e-07 1.8213056591775967e-06 
0.00013996737106936052 -4.3928805098403245e-05 0.00011530714255059138 
0.0013249642215669155 -0.0007376832654699683 0.00124587572645396 
0.00403076340444386 -0.002378095523454249 0.0027537087444216013 
0.0019329484784975648 -0.0013312040828168392 0.0006032391684129834 
0.0006886840856168419 -0.0011656500573735684 -0.0008529450133210048 
0.002710165295866318 -0.0025121914804913104 0.0011808113777078688 
-0.0007547424756921828 0.000360345933586359 0.0024223910877481103 
-4.0789949480313226e-06 1.2193664929327497e-05 -5.3009860607744486e-06 
-1.2082525017831358e-05 3.836833684545127e-05 -1.4711150242874282e-05 
-1.3568786016548984e-05 6.480491197180527e-05 -2.372032622588449e-05 
2.4634508008603007e-05 6.326904804154765e-05 -3.44137249612686e-05 
9.808821778278798e-05 -3.1831681553740054e-05 -2.3647394755244022e-05 
0.00021874746744288132 -0.00014212066162144765 8.016626225071377e-06 
0.0003036238849745132 -6.910308911756147e-05 -2.6204323148704134e-05 
0.00015912350500002503 0.00011025632556993514 -9.866622804111103e-05 
0.0006505781202577055 0.00024365121498703957 -4.234749485476641e-05 
0.0012429061462171376 -0.0001627053425181657 0.0011153779923915863 
0.0031476151198148727 -0.002206367687904276 0.002583975496236235 
0.002347758912947029 -0.00200828487140825 0.0009497827268205583 
0.001482435647631064 -0.001391894751577638 0.00032055341580417007 
0.00015993423221516423 -0.0004582421388477087 0.0032905435073189437 
-0.00273217901121825 0.002196873479988426 0.005952971056103706 
-7.937545547065383e-06 2.5153273199407522e-05 -1.0997633125953143e-05 
-1.8245693354401737e-05 5.2326191507745534e-05 -2.0941675302310614e-05 
-2.7595866413321346e-05 6.969994137762114e-05 -3.489802065814729e-05 
-1.3983699318487197e-05 0.00010092489537782967 -6.29209279168208e-05 
0.00023795822926331311 -0.00030483881710097194 8.0661029642215e-06 
0.0007257312463480048 -0.0007773554243613034 0.00010774253951240098 
0.0006858514898340218 -0.0002674126262718346 -1.602913107490167e-05 
-0.0009313206101069227 0.0011427650460973382 -0.0008644001209177077 
-0.0008534175576642156 0.002451763954013586 -0.00236640777438879 
-0.0006565364164998755 0.004144809441640973 -0.0025825308403000236 
-0.00033021065610228106 0.003601717296987772 -0.00146559375571087 
-7.97126631368883e-07 0.0020548972534015775 -0.0007506317051593214 
-7.302239464479499e-05 0.0009923959150910378 -7.265609747264534e-05 
-1.452528522349894e-05 0.00011232361430302262 0.0035799986580968834 
0.00010505653699510731 0.0009124654461629689 0.008375188197533134 
-9.317405101683107e-06 2.657341838130378e-05 -1.1481932688184315e-05 
-2.5877409559171838e-05 4.127431020606309e-05 -1.863649595179595e-05 
-4.6272281906567514e-05 8.512433851137757e-06 -2.326109097339213e-05 
-3.643208765424788e-05 -6.649523857049644e-05 -2.126560139004141e-05 
0.00043618021300062537 -0.0011645914055407047 0.0001800911850295961 
0.0008829781145323068 -0.0018623992800712585 0.00028246358851902187 
0.00014868236758047715 -0.00068519743217621 0.0003830760979326442 
-0.002558666717959568 0.002369048772379756 -0.0007866171654313803 
-0.003416490333620459 0.004262852016836405 -0.0025503268698230386 
-0.0018514778348617256 0.005119456443935633 -0.0024897977709770203 
-0.0008117806282825768 0.004423194332048297 -0.001913528423756361 
-0.00037565422826446593 0.0022484282962977886 -0.0010249488987028599 
-0.00017568876910445397 0.0006597475148737431 -2.057275560218841e-05 
0.0010884998555411585 -0.0014592537700082175 0.005252146860584617 
0.0031296173692680895 -0.0021851073688594624 0.0116579404566437 
-7.471201172393194e-06 1.8231876083518728e-05 -6.94685104463133e-06 
-3.588225490602781e-05 7.355934178576717e-05 -3.091293251600291e-05 
-8.375542984140338e-05 0.00012550347310025245 -5.619563307845965e-05 
-5.4598989663645625e-05 -0.0001019156479742378 2.461086114635691e-05 
0.0003978231397923082 -0.0016948541160672903 0.00037515698932111263 
0.0008498993120156229 -0.0020816854666918516 0.0003199570346623659 
0.0005148639029357582 -0.0004984051138308132 0.00027939368737861514 
-0.0009422288421774283 0.0019729039049707353 -0.00038667167245876044 
-0.0018210203852504492 0.003537493641488254 -0.0010852191771846265 
-0.0014562848373316228 0.004451697925105691 -0.0012407011236064136 
-0.0008361532309208997 0.0030873031355440617 -0.0009696325869299471 
-0.00020213736570440233 0.0012067409697920084 -0.0004112537717446685 
0.00035285294870845973 0.0006009901408106089 0.00022800678743806202 
0.0006167941610328853 -4.982604878023267e-05 0.0029546822188422084 
0.0008383109816350043 -0.000509826489178522 0.004816256812773645 
-5.652386228405248e-06 2.093204670927662e-06 2.4429131713077368e-06 
-4.73848597266624e-05 3.418590495130047e-07 2.121210036420962e-05 
-0.00013829935528519854 -2.656652213772759e-05 6.0154678067192435e-05 
-0.00013929967462900095 -0.0003270853776484728 0.00020202380255796015 
-1.9098297343589365e-06 -0.0021093168761581182 0.0008172240341082215 
0.0004356949357315898 -0.0030107968486845493 0.0010640159016475081 
0.00085589939772035 -0.0018348833546042442 0.0006804930744692683 
0.0006991065747570246 -9.583844803273678e-05 -0.0002788156270980835 
0.00048511388013139367 0.0021036298712715507 -0.0014215662231436 
-2.5770568754523993e-05 0.003027418591955211 -0.0014902835682732984 
-0.000814533545053564 0.0004679503326769918 -0.0003966863951063715 
5.271576810628176e-06 0.00032903405372053385 0.0005312587672960944 
0.0023362357169389725 0.00170494569465518 0.0022573117166757584 
0.002195982029661536 0.0015329202869907022 0.002470128471031785 
-0.0002916440134868026 0.0007412483100779355 -0.00036788155557587743 
-2.7705932552635204e-06 -2.2028359580872348e-06 3.0375174446817255e-06 
-4.098786757822381e-05 -3.899288276443258e-05 3.727248895302182e-05 
-0.00014317674776975764 -0.00015880177670624107 0.00011057702886319021 
-9.549872356728883e-05 -0.00040029757656157017 0.00018977612489834428 
-0.0005191467935219407 -0.002153241424821317 0.0009940930758602917 
-0.0010098825441673398 -0.0038376287557184696 0.0016972152516245842 
0.0001719444990158081 -0.0024224650114774704 0.0010891376296058297 
0.0006435645773308352 -0.0016219760291278362 0.0003253263421356678 
0.0008793980232439935 -0.0007484820671379566 -0.000591559917666018 
0.0011226385831832886 -0.00014658586587756872 -0.0008571143407607451 
0.00023681853053858504 -0.001799982797820121 0.00012104483539587818 
0.002364881685934961 0.0013106910046190023 0.0015480090078199282 
0.004615527577698231 0.0031491992995142937 0.00374392734374851 
0.003081775037571788 0.0012800645781680942 0.0032616995740681887 
0.00036498316330835223 0.00022400023590307683 0.0003340447728987783 
-3.0220058988561505e-07 -2.9098370646352123e-07 3.3646023211986176e-07 
-7.685302534810035e-06 -7.0150886131159496e-06 5.647483703796752e-06 
-2.5086294272114174e-05 -2.6711640202847775e-05 1.2697082183876773e-05 
5.977599357720464e-07 -5.6694974773563445e-05 1.6289141512970673e-05 
-0.0005899912212044001 -0.0007612784102093428 0.0004415893054101616 
-0.0012750869209412485 -0.0013842156622558832 0.0007919756171759218 
0.0007597951262141578 0.0006981516489759088 0.0001541682577226311 
0.002076953649520874 0.0013186903379391879 -0.0001806288491934538 
0.003036186215467751 0.0007799668092047796 -0.0002447271181154065 
0.004416135692736134 0.0012287613353691995 -0.00041714595863595605 
0.003807308035902679 0.000693505018716678 0.0002147603954654187 
0.0039510755450464785 0.002289351192303002 0.0011928658495889977 
0.002794552536215633 0.0021277005434967577 0.0015004385422798805 
0.0010426572189317085 0.0004992316535208374 0.000852385928737931 
0.00015375957082142122 3.256586569477804e-05 0.00013307486551639158 
-1.8948370953883464e-09 4.038979116438579e-09 -1.2690681888607308e-09 
-8.360964962039752e-09 1.725575761446496e-08 -5.1141869072957036e-09 
-1.6972796085257258e-08 3.458876413064971e-08 -9.107960434462381e-09 
-1.5511743001184186e-08 3.760886718717771e-08 -8.987484492739561e-09 
-1.2631325985168473e-09 2.0192886474035276e-08 -5.717044282427253e-09 
1.5050390933524227e-08 -3.188528940878399e-09 -4.594525010014755e-11 
1.1711732694763555e-08 -3.1840967917862173e-09 -9.883439511249037e-09 
-2.5078416854285024e-07 1.4041932772101973e-07 -2.1131059746437586e-07 
-2.9977659323776606e-06 9.799188092074473e-07 -1.539298978059378e-06 
1.0259784176014364e-05 -1.2270657862245571e-05 9.854821655608248e-06 
0.00010915637176367454 -8.767679537413642e-05 5.3552972531178966e-05 
0.0001244108352693729 -0.00012297142166062258 8.282459020847455e-07 
0.0004664177031372674 -0.0004287694100639783 -3.234350879210979e-05 
0.0007634583889739588 -0.0006198420705914032 7.169820310082287e-05 
5.089795786261675e-05 -5.568838241742924e-05 0.0001729917639750056 
-2.9232263457079632e-08 7.101372365148073e-08 -2.7431810684097613e-08 
-1.3704437895611932e-07 3.183983754428965e-07 -1.0294516306075252e-07 
-3.12044382333454e-07 7.220715856348647e-07 -1.9731723821525549e-07 
-3.4116910185844063e-07 9.419280289080234e-07 -2.419429796507444e-07 
-7.946766089617086e-08 6.335210613883646e-07 -1.618509586354122e-07 
4.499904946442257e-07 -3.818516347564582e-08 -1.1933298793564973e-10 
5.588961151659078e-07 1.90495864416107e-07 -3.7199531632836624e-07 
1.1497980381136585e-06 3.0916735909158888e-06 -1.5166070852501434e-06 
1.2477525160647929e-05 4.702454702965042e-06 5.7943880165112205e-06 
0.00022823200561106205 -0.00019327920745126903 0.00019521017020451836 
0.001049235594109632 -0.0010533981549087912 0.0006430104840546846 
0.0015137740410864353 -0.0017056173528544605 0.0004808358644368127 
0.0025474338835920207 -0.002592633696622215 0.0004691985377576202 
0.001955023850314319 -0.0017450929153710604 0.0013095028334646486 
-0.0013377969444263726 0.000930232294194866 0.002387679647654295 
-1.727498706305397e-07 4.909068849201503e-07 -2.0709521075801263e-07 
-8.336273609188538e-07 2.199802594304856e-06 -7.706087767900272e-07 
-2.234636916398358e-06 5.5599858512778155e-06 -1.6476291264666543e-06 
-3.4819143479580816e-06 8.97028792223864e-06 -2.344490326322557e-06 
-1.7719594325171784e-06 7.079547117427865e-06 -1.392492833929282e-06 
5.289236696626176e-06 -6.628858955082251e-07 2.722911176533671e-07 
4.278409960534191e-06 6.5428437210357515e-06 -7.4263895726289775e-06 
4.486821126192808e-06 4.945728142047301e-05 -2.7385329758544685e-05 
0.00011969726301686023 0.00017296813894063234 -3.659993672044948e-05 
0.00039460682091885246 0.0002596614067442715 0.00011369209096301347 
0.0015100058953976259 -0.0007352213142439723 0.0006402535236702533 
0.0019762526935664937 -0.001136339211370796 0.00033327082928735763 
0.0014784176310058683 -0.0002945078012999147 0.00016436015721410513 
-0.0016442210180684924 0.002878893748857081 0.0025998285855166614 
-0.00541107656317763 0.005094259744510055 0.007988342200405896 
-4.6180028245856874e-07 1.5107787696422292e-06 -6.853752214652786e-07 
-2.347411609093797e-06 6.734860278356791e-06 -2.5906949900900145e-06 
-7.1528593821312825e-06 1.829658776841825e-05 -5.941168694789667e-06 
-1.3251632125843571e-05 3.3121420528914314e-05 -8.842216630000621e-06 
-5.9150161177967675e-06 2.1125028069945984e-05 -3.085853222728474e-06 
1.8375114450464025e-05 -1.4875953638693318e-05 5.4112339284984046e-06 
-1.9134288322675275e-05 2.43245558522176e-05 -2.100075926136924e-05 
-0.00014699033954457263 0.00018456479301676154 -9.484306792728603e-05 
5.9954370954073966e-05 0.0005067085148766637 -0.0001709888456389308 
0.00010634504724293947 0.0021289754658937454 -0.0007869593100622296 
0.00021789237507618964 0.003991947742179036 -0.001587078906595707 
-0.00018246949184685946 0.005010790191590786 -0.002127093612216413 
-0.001404054302838631 0.0049943088088184595 -0.0016955887549556792 
-0.0032827973482199013 0.005607991944998503 0.0024252005387097597 
-0.003730257536517456 0.005041038617491722 0.012198639335110784 
-5.660788966466157e-07 2.235360746283277e-06 -1.090841873718773e-06 
-3.1670295896901735e-06 1.0528865004744148e-05 -4.475112021395944e-06 
-1.0287786778917507e-05 3.020932717845426e-05 -1.0862676788292447e-05 
-1.759288340963394e-05 5.25029897744389e-05 -1.5390079397548106e-05 
6.702732207486406e-06 -4.636036464944482e-06 9.94577021629084e-07 
4.0132883441401646e-05 -8.474436617689207e-05 2.388002485531615e-05 
-5.184862664009415e-05 -6.280626257648692e-05 5.5654179959674366e-05 
-0.00044819187314715236 9.04929474927485e-05 0.00010599444794934243 
-0.0006540197355207056 7.989921141415834e-05 0.0003700043889693916 
-0.0006915455451235175 0.0016190691385418177 -0.00013837823644280434 
-0.0007354957051575184 0.004254010505974293 -0.0018037828849628568 
-0.000680943951010704 0.005504812113940716 -0.002896790741942823 
-0.0008087825844995677 0.003628532402217388 -0.001875390822533518 
-0.0008634056430310011 -1.9723825971595943e-05 0.003172484808601439 
0.0013274428492877632 -0.0009917180868797004 0.011508542578667402 
-2.7578860306576303e-07 1.5933360977271604e-06 -8.293686519778021e-07 
-1.9325388080915218e-06 9.484857287134218e-06 -4.36551795246487e-06 
-7.253303010656964e-06 3.409105606166918e-05 -1.3250592630242863e-05 
-1.0917294275714085e-05 5.856598727405071e-05 -1.8158334569307044e-05 
1.8870025087380782e-05 -4.215413355268538e-05 6.3135776144918054e-06 
8.041393084567972e-05 -0.00015150068793445826 3.9384918636642396e-05 
0.00010608464799588546 -0.00022531253489432856 0.0001179459250124637 
-0.0001843611153162783 -0.00017154435045085847 0.00020048779697390273 
-0.0008082977146841586 0.0003897577407769859 0.00035461825609672815 
-0.0015851982752792537 0.002553485566750169 -0.00011443375842645764 
-0.0017673927650321275 0.0031969277188181877 -0.0008220074232667685 
-0.0004893987206742167 0.003136757295578718 -0.001232700771652162 
0.0005431320751085877 0.001757538877427578 -0.000987044841167517 
-0.0006969949463382363 -0.0027597577427513897 0.0011751169222407043 
0.00022235087817534804 -0.0022701100970152766 0.004046650428790599 
-7.0578085598072e-08 4.512620872532125e-07 -2.2700080037907355e-07 
-7.777874770908966e-07 3.7897221432103834e-06 -1.6740359569666907e-06 
-2.3640310473638237e-06 2.2613048258790514e-05 -8.93901561482835e-06 
-2.5053977878997102e-06 4.312833698350005e-05 -1.1522814020281658e-05 
8.664834808769228e-06 -0.00010013717110268772 3.837799886241555e-05 
8.247836558439303e-05 -0.00047017523320391774 0.0001733034005155787 
0.0001873503642855212 -0.0011840090155601501 0.00036967030609957874 
0.00013387348371907137 -0.0017986128805205226 0.0003588204854167998 
-8.58005223562941e-05 -0.00032346416264772415 -0.0003822971775662154 
-0.0009832780342549086 0.0015815336955711246 -0.0009547684021526948 
-0.00234547647414729 -0.0007718099659541622 -0.00012084812624379992 
-0.0017242610920220613 -0.0008678915910422802 0.0004886165115749463 
3.154575824737549e-05 0.0004172641783952713 0.0003282724064774811 
-0.0006851116195321083 -0.001688371179625392 -0.00038498605135828257 
-0.0009287304128520191 -0.0012716136989183724 -0.0006951739778742194 
-1.697934004507573e-08 2.8862309875421488e-08 -7.591228978753861e-09 
-3.5459274272398034e-07 3.767683267597022e-07 -1.7477847791269596e-07 
5.582166977546876e-07 7.883527473495633e-06 -4.0694784502193215e-06 
6.2342678575078025e-06 2.1802232367917895e-05 -6.997343007242307e-06 
-2.3063919798005372e-05 -0.0001284720201510936 5.990764475427568e-05 
-8.423424151260406e-05 -0.0006239817012101412 0.00024197922903113067 
-0.0001545229461044073 -0.0014945205766707659 0.00045401774696074426 
-0.0005277386808302253 -0.002757027978077531 0.0005816840857733041 
-0.0007698396220803261 -0.00257313996553421 1.3191078323870897e-05 
-0.0013715432141907513 -0.0025494368746876717 -0.000348539455444552 
-0.0026870709261856973 -0.004642942221835256 0.00018744332192000002 
-0.0014640690642409027 -0.0021072544041089714 0.000712268432835117 
0.00011005660053342581 0.00024159951135516167 0.0008915270445868373 
3.748672315850854e-05 -0.0002456516958773136 0.0003658935893326998 
-0.00015282569802366197 -0.00023701859754510224 -0.0001121922250604257 
4.631265149157571e-09 3.988933849896625e-09 -5.168759420470792e-09 
1.178265374157661e-08 6.487738346550032e-08 -1.0124685445589421e-07 
1.3113778898343753e-06 2.577347089527393e-06 -1.8010285067759924e-06 
6.786027825000929e-06 1.3506339655577904e-05 -5.799905920866877e-06 
-1.8102018657373264e-05 -2.1906154870521277e-05 1.4503111742669716e-05 
-6.192066939547658e-05 -0.00013093480083625764 5.3233030484989285e-05 
1.9610983144957572e-05 -0.00018599512986838818 5.597922427114099e-05 
-0.0001322039170190692 -0.0006084522465243936 0.00010951167496386915 
-0.0002344852837268263 -0.0009234806057065725 6.722434773109853e-05 
-0.00016394724661950022 -0.0010463573271408677 7.930695574032143e-06 
-0.0003318319795653224 -0.0014199643774190918 0.00012980581936972158 
0.00039271212881430984 -0.00010494724847376347 0.0003401126778044272 
0.0005327299295458943 0.000401531346142292 0.000378142165573081 
0.0002114581729983911 9.128004603553563e-05 0.00018733683464233764 
5.9573799262579996e-05 1.394675018673297e-05 5.149719299879507e-05 
3.0281361886827393e-12 -3.2472450314109376e-12 3.0492529680134494e-12 
-3.93039204630327e-11 8.208553521420973e-11 -1.3897480675434398e-11 
-1.771412148638806e-10 2.995242587077807e-10 -5.465135056167221e-11 
-3.64877883875063e-10 5.43286603367759e-10 -8.814750127462533e-11 
-3.5495485630615553e-10 5.487604492994055e-10 -5.838226241697015e-11 
1.4922858955490614e-12 6.223818660965053e-11 4.598296655282993e-11 
-9.309710728017118e-10 1.0602931059186527e-09 -9.999789208486876e-10 
-2.913723140540725e-08 2.992119743638888e-08 -2.5623290655918396e-08 
-3.564990791460332e-07 2.8878115543307104e-07 -2.5324287022954195e-07 
-8.129197794914944e-07 8.06339699011005e-07 -5.37664334387955e-07 
4.239099780534161e-06 -2.2916451598575804e-06 1.436815637134714e-06 
2.4068237507890444e-05 -1.922737828863319e-05 7.025409558991669e-06 
8.173214382622973e-05 -7.319300766539527e-05 1.8590553509056917e-05 
8.651812095195055e-05 -7.361084044532618e-05 2.3473804503737483e-05 
5.406342097558081e-06 -2.7402493287809193e-06 2.2945750060898717e-05 
-1.9000135144419446e-10 4.5850151542754965e-10 -1.6503258541984548e-10 
-1.420062059045643e-09 3.1484592983958837e-09 -9.185790418239637e-10 
-4.906387927015865e-09 9.886340289824713e-09 -2.374991253792022e-09 
-1.0141030508392657e-08 1.927118490827051e-08 -3.795198658812504e-09 
-1.0642421527373713e-08 2.1668914496064673e-08 -2.627827505943814e-09 
-1.1754757167636853e-09 1.0171412490045384e-08 -1.8132191303976697e-09 
-4.942125453322177e-08 1.1255808418653146e-07 -7.555417874671733e-08 
-5.09571417950383e-07 1.1699316040392205e-06 -6.795544522653074e-07 
-1.7529105775793141e-06 4.625591017770603e-06 -2.193453049414984e-06 
8.953452379500959e-06 -1.1158603001604206e-06 4.916413104183448e-06 
8.290718847092649e-05 -7.397942727038753e-05 4.09073468290444e-05 
0.0002194084954680875 -0.00021370843205659185 7.319398810068378e-05 
0.0003957669687224552 -0.00035326723809703253 0.00012441691978892777 
0.00018864492449210957 -6.76791460136883e-05 0.00026099550086655654 
-0.00029191952489782125 0.00033374766644556075 0.00044348929077386856 
-1.7841443335740725e-09 5.155859125055562e-09 -2.052704225997612e-09 
-1.1926836617284775e-08 3.0907751906450454e-08 -1.0039121374483262e-08 
-4.5950953334039646e-08 1.0642008479999632e-07 -2.8511959827837163e-08 
-1.1521173126638473e-07 2.497353068786623e-07 -5.3472593020131853e-08 
-1.4835279360525533e-07 3.340524439288117e-07 -4.2620345919175406e-08 
-7.895913434197155e-08 2.71285539810151e-07 -7.462475792863188e-08 
-1.067035823254514e-06 2.42681865358918e-06 -1.608479039495736e-06 
-7.057445117197858e-06 1.7391262304045085e-05 -1.0218355214419717e-05 
-1.583518906045356e-05 5.423242510005366e-05 -2.4806249712128192e-05 
9.286766726290807e-06 9.258855061489157e-05 -2.6323798920202535e-05 
0.00019735178648261353 4.2669998947530985e-06 1.4864976037642919e-05 
0.00035753132033278234 1.4975725207477808e-05 -3.740441025001928e-05 
-1.5826590242795646e-05 0.000684388738591224 -9.758551277627703e-05 
-0.001389233279041946 0.002382888167630881 0.0005238744943198981 
-0.0022769178031012416 0.002820103778503835 0.002218833251390606 
-5.864757908480289e-09 2.010370512423032e-08 -8.571460742567982e-09 
-4.300001679724552e-08 1.275891228780246e-07 -4.5472006479641e-08 
-1.9639020054640355e-07 5.207435980203456e-07 -1.5312945422785162e-07 
-5.726263561101064e-07 1.460292640587113e-06 -3.375235246849684e-07 
-8.453243580675007e-07 2.2375649528783015e-06 -3.2638241975746496e-07 
-7.639790737812291e-07 2.3360469469935197e-06 -6.577753364211958e-07 
-6.270719836720673e-06 1.5087408485214837e-05 -9.438815567364145e-06 
-2.7298747419024494e-05 6.655950528511312e-05 -3.736281223609694e-05 
-2.515810319891898e-05 8.439746306976303e-05 -2.9386923415586352e-05 
2.385691914241761e-05 8.88323993422091e-05 -1.6779318684712052e-05 
0.00013778569700662047 0.00032312958501279354 -0.000209959369385615 
-7.122836541384459e-05 0.0013447455130517483 -0.0008206350612454116 
-0.0010523098899284378 0.0023370269336737692 -0.0009778276435099542 
-0.002996189461555332 0.003345381235703826 0.0005888540672458475 
-0.0034079101751558483 0.003332089661853388 0.00425089307827875 
-7.851888747696656e-09 3.4722945706222585e-08 -1.595674409618497e-08 
-6.889617143457372e-08 2.658004030764438e-07 -1.0429147183355081e-07 
-3.8053904360957347e-07 1.3763684103551554e-06 -4.451314947750973e-07 
-1.2709890668816115e-06 4.637965844267455e-06 -1.1869355347471355e-06 
-2.137882603392427e-06 8.449150016076601e-06 -1.5986478842933138e-06 
-2.2626980182849366e-06 9.694012774730254e-06 -2.1164199353052027e-06 
-1.1446996950326138e-05 2.900942217820557e-05 -1.538187598271179e-05 
-5.071156289204737e-05 7.813746105966857e-05 -3.512365447022603e-05 
-7.477707595171523e-05 -9.608194523025304e-05 9.590336412657052e-05 
-7.225501394714229e-05 -0.0004994486807845533 0.00029369877302087843 
-9.72849884419702e-05 -0.0005373703315854073 1.2657255865633488e-06 
-0.00016258518371614628 0.0008281315676867962 -0.001141861779615283 
-0.0007798433580319397 0.0004371900577098131 -0.0012168088578619063 
-0.0025377144338563085 -0.002910762414103374 0.0008340687636518851 
-0.0019157089991495013 -0.002551595272962004 0.0031933751452015713 
-3.5619743062216547e-09 2.819023871888232e-08 -1.4066597607640535e-08 
-4.113845984872466e-08 3.032645635725473e-07 -1.2973075755318142e-07 
-2.838042802988383e-07 2.157995615093e-06 -7.671834576505887e-07 
-1.1323537592033972e-06 9.049548054917977e-06 -2.5995676082857244e-06 
-2.2512934378937643e-06 2.1081820818835695e-05 -5.1250713113404345e-06 
-1.4303802799986443e-06 2.9742309834546177e-05 -6.5257701180598815e-06 
6.872428457427304e-07 3.2739299967943225e-05 -1.0506916169106262e-05 
-1.483470487073646e-05 3.8179652619874105e-05 -1.041028929193999e-05 
-9.245098181054345e-05 -1.7592174117453396e-05 8.465694918413647e-05 
-0.0003340057783134398 -0.00020377535838633776 0.0002462827251292765 
-0.0006504532793769613 -0.0008222097530961037 0.00026829575654119253 
-0.00035407673567533493 -0.00041287951171398163 -0.0003843404701910913 
-0.0002748388214968145 -0.0009640110656619072 -0.0009532472759019583 
-0.0018904670141637325 -0.004255795734934509 -0.0005133136291988194 
-0.0012184062215965241 -0.002795608073938638 0.0005104700394440442 
2.91169078431297e-10 1.0640915433512976e-08 -5.89519502311453e-09 
1.711577823915178e-09 1.790654510225309e-07 -8.350043412264085e-08 
5.535806613110594e-08 1.9366610288784614e-06 -7.652575533256822e-07 
2.981535267565505e-07 1.0611675520522112e-05 -3.412497960653127e-06 
1.027223866856275e-06 3.101487322965113e-05 -8.717952027836873e-06 
4.411435156725929e-06 4.892842571280198e-05 -1.2024408079014393e-05 
1.1293515171928448e-05 1.6855272406246513e-05 -4.591403921949677e-06 
9.255766258320364e-06 -8.906795119401067e-05 1.5178575267782435e-05 
-3.777445090236142e-05 -2.1470317733474076e-05 -2.320892599527724e-05 
-0.0003383905495866202 -3.445999027462676e-05 -1.934724423335865e-05 
-0.000950973859289661 -0.0010430006514070556 0.00025034368445631117 
-0.0010457280150149018 -0.0014102918794378638 0.00024559970188420266 
-0.0007198583916760981 -0.0013915931340306997 -0.0003129158867523074 
-0.0010013436985900626 -0.0020898877119179815 -0.0007457362080458552 
-0.0005142135287314886 -0.0009727663928060792 -0.0003438796993577853 
1.0231607956712185e-09 2.574148807304999e-09 -1.8506093671377677e-09 
1.3118315544957682e-08 6.239317751344231e-08 -3.5023650313270593e-08 
1.9683133789527574e-07 9.847622202130424e-07 -4.4661832987458183e-07 
1.2301013043725106e-06 6.841937519652674e-06 -2.4550885910912257e-06 
3.7539996355917538e-06 2.326913795513974e-05 -7.186007906057057e-06 
7.339282092289068e-06 4.04169040848501e-05 -1.0949724128295202e-05 
5.8898708630295005e-06 8.28002521302551e-06 -3.966395524912514e-06 
-2.3356999008683488e-05 -0.00013971859880257398 2.385869447607547e-05 
-7.892254507169127e-05 -0.00026081225951202214 1.385205177939497e-05 
-0.0003099577334069181 -0.0005807671477668919 2.9424669264699332e-05 
-0.0007256522949319333 -0.0012290861923247576 0.00010692411888157949 
-0.0006955867456781561 -0.0009517495927866548 0.0001525313655292848 
-0.00038925555418245494 -0.0005052650230936706 5.084457734483294e-05 
-0.00020298795425333083 -0.0003585838567232713 -6.245250551728532e-05 
-3.6851259210379794e-05 -9.113024316320661e-05 -9.08491711015813e-06 
5.243747185600112e-10 6.427899302240137e-10 -5.651991613446483e-10 
6.362944338089704e-09 1.3443288732206682e-08 -9.20292822503832e-09 
9.636054354444923e-08 2.5762027355824557e-07 -1.3124703679423533e-07 
6.996021184590973e-07 2.169924279371571e-06 -8.50087211290429e-07 
2.4306994532707904e-06 8.812903161015129e-06 -3.020182589352771e-06 
5.740995106862101e-06 2.150402360712178e-05 -6.903541816427605e-06 
8.55093855989253e-06 3.014406502188649e-05 -1.0149100944545353e-05 
-6.092943294788711e-06 -1.22570781968534e-07 -5.864832019142341e-06 
-3.316286893095821e-05 -5.644572229357436e-05 -1.106325271393871e-07 
-9.916763156070374e-05 -0.0001837256786529906 1.963470822374802e-05 
-0.00016713925651856698 -0.0003106113872490823 2.173445818698383e-05 
-4.4164420614833944e-05 -9.927175415214151e-05 2.956621710836771e-05 
5.518934995052405e-05 4.463361983653158e-05 4.900456742973347e-05 
5.491724095918471e-05 3.870209366141353e-05 3.9285126149479765e-05 
2.5225784611393465e-05 1.796802018816379e-05 2.0594157490450016e-05 

0.0009530681127216667 0.0005072338099125773 -0.0006743124395143241 
0.0023177058319561183 0.0012047670024912804 -0.0012839860282838345 
0.0008876662905095145 0.00045259988837642595 -0.000616669945884496 
7.87710241638706e-05 3.879433097608853e-05 -8.144969615386799e-05 
2.758947971415182e-06 1.3093009840758896e-06 -3.6604522506422654e-06 
3.795295411279653e-08 1.1063741423011919e-08 -6.230053939404456e-08 
-1.0652634052643606e-09 -7.120641000663355e-10 5.740619278223925e-10 
7.338195860424196e-11 1.6571229579515068e-09 1.8719496838043304e-09 
1.7611148928065035e-09 1.3495175865685383e-08 1.4714261031834042e-08 
9.42632505385177e-09 -3.0138397111301174e-08 1.7237371530143264e-08 
-8.443624466281108e-08 -7.253504179516312e-07 3.471443221769732e-08 
-4.094332126669542e-07 -4.539638695177928e-06 6.466180764164164e-07 
-1.3879636640012905e-07 -8.028442948671e-06 1.994156008322534e-06 
7.316897381315357e-07 -2.987082240224481e-06 1.2051830964310284e-06 
2.986566296492299e-07 -1.6355983589733114e-07 1.233673607714536e-07 
0.0012290360464248806 0.001577434508362785 -0.0038360226899385452 
0.004494137945584953 0.005072631291113794 -0.005837090313434601 
0.0018872848304454237 0.002045969682512805 -0.0027447848697192967 
0.00017022902011376573 0.00016466795113956323 -0.0003397633190616034 
6.251142281143984e-06 4.850337859352294e-06 -1.4275397575147508e-05 
7.175947924764614e-08 -4.04836274503495e-08 -2.2727950099721284e-07 
-1.0762560790494868e-08 -1.692474102532593e-08 9.039690962789337e-09 
5.115517634490807e-09 1.709239499936288e-08 2.696668549573289e-08 
6.413017494821815e-08 1.3376043739299348e-07 1.920271515132299e-07 
-1.1677812494781392e-08 -3.6033059558349123e-07 -3.5556027455641015e-08 
-6.77109426305833e-07 -1.8996473478694043e-06 -1.1161567101680703e-06 
-8.619916620489221e-07 -1.000322572508594e-05 -1.199189171074977e-06 
9.05181877897121e-07 -1.622108175070025e-05 2.0716991002700524e-06 
1.82962099870565e-06 -5.290479691666405e-06 2.007839384532417e-06 
6.045052245440274e-07 -3.8122084333735984e-07 2.9628203712661616e-07 
-0.0006206879334058613 0.0008218837610911578 -0.006595534738153219 
0.0007416976950480603 0.007165478018578142 -0.010119188809767365 
0.0005024511010560673 0.003465983987553045 -0.005155974242370576 
7.488554183510132e-05 0.00031283711723517627 -0.0006684410109301098 
5.86534849844611e-06 9.85257065622136e-06 -2.8767182811861858e-05 
-6.217263859298328e-08 -4.907812325427585e-07 -3.717039973594183e-07 
-9.757488972361728e-08 -2.2151036371820254e-07 6.755942139058391e-08 
-2.4207509052853737e-08 -5.963437033074115e-08 7.601398355205902e-08 
5.071409248103009e-08 -6.274444785958622e-08 1.8784120214832e-07 
-1.5233374597301008e-06 -1.74012990328265e-06 -2.690278677164315e-06 
-8.852492015876123e-06 8.288906585107725e-06 -9.980689981148316e-06 
-1.4040580339269582e-05 2.3438278503817855e-05 -1.7513738157504122e-05 
-7.799292689014692e-06 1.2618661457963753e-05 -1.2368772445370269e-05 
-8.527426871296484e-07 2.637296120155952e-06 -2.9068105504848063e-06 
2.7859603335400607e-07 6.473203484347323e-08 -1.4723569563557248e-07 
-6.165839295135811e-05 -0.0008883336849976331 -0.0053184962016530335 
-0.0007590293971588835 0.005846089290571399 -0.01030753564555198 
-0.0003392052349227015 0.003812901652963774 -0.006041962013114244 
7.30688668681978e-05 0.0005343650991562754 -0.0009020811680784391 
2.514646394047304e-05 4.086336412001401e-05 -5.699921621271642e-05 
1.1909924069186673e-07 -1.5576388463500734e-06 -2.0596012859641633e-06 
-1.2723579061457713e-06 -2.7697961400008353e-06 4.855369297729339e-07 
-6.099344318499789e-07 -1.4339852612010873e-06 2.5702313255493436e-07 
-2.87762325967833e-07 -4.0251521049583516e-07 1.1089227314187156e-07 
-1.7811923953559017e-06 4.628942861018004e-06 -3.290680979262106e-06 
-1.2195869558695449e-05 3.292631845397409e-05 -1.1784449952756404e-05 
-2.0611597847164376e-05 4.954637324772193e-05 -2.1237526198092382e-05 
-1.132381459001408e-05 2.118954739671608e-05 -1.3413240367299295e-05 
-2.3401804583045305e-06 3.2015410624808283e-06 -2.9937431236248813e-06 
-9.672294609686105e-08 6.68251729507574e-08 -1.8594922579495687e-07 
0.0015174714790191501 -0.002767194811895024 -0.0037655341729987413 
0.0005903697456233203 0.0005791450639662798 -0.005552644550334662 
0.00031840387964621186 0.001820650344598107 -0.0034592172305565327 
0.0005407656135503203 0.0008015909443201963 -0.0008874860941432416 
0.0001880205818451941 0.0002540673449402675 -0.00019055719076277455 
2.2659809474134818e-05 2.7656886231852695e-05 -2.7645897716865875e-05 
-2.0533443603198975e-06 -1.0303306225978304e-05 3.769705472222995e-07 
-1.1639986041700467e-06 -6.03214857619605e-06 1.1908617523204157e-06 
-4.5502827106247423e-07 -1.3640101315104403e-06 2.1299515822192916e-06 
2.2852330658906794e-06 2.156350001314422e-05 3.6581177766947803e-06 
3.26122699334519e-06 5.6305513680854347e-05 -2.4816225163704075e-06 
-5.796497504206855e-07 4.703840113506885e-05 -1.1616770052569336e-05 
-1.137088247560314e-06 1.3953872723959648e-05 -6.994823820605234e-06 
-3.35724212874311e-07 1.2369008288715122e-06 -1.3275044210558917e-06 
-1.594940501892239e-08 -3.90435745956097e-08 -6.110226191680113e-08 
0.0004919052007608116 -0.0010612817713990808 -0.0008929984178394079 
0.0004549984587356448 -0.002057489997241646 -0.0005842871032655239 
0.0006077936850488186 -0.0025217768852598965 -0.00017043226398527622 
0.0007837861776351929 -0.0003321332042105496 -0.0004219848196953535 
0.00033636597800068557 0.0006587363895960152 -0.0004268271295586601 
5.8637848269427195e-05 0.0001982741814572364 -0.00012360464825178497 
4.700450517702848e-06 1.1167521734023467e-05 -1.0093152013723738e-05 
3.2244029171124566e-06 3.97608891944401e-06 1.9546823750715703e-06 
1.9028796032216633e-06 2.0593133740476333e-06 4.305165077767015e-06 
3.2438951222957257e-06 3.631985146057559e-05 1.0689730942203823e-05 
6.323403397345828e-06 8.041810906433966e-05 3.5299005389788363e-06 
4.550521651935924e-06 6.160304928926053e-05 -9.72186228409555e-06 
1.8912154118311264e-06 2.0967873069821508e-05 -7.858074582145491e-06 
4.597951788198884e-07 3.19313315344516e-06 -1.9957495283051685e-06 
5.261030916470233e-08 2.048960356937357e-07 -1.856929152665998e-07 
-0.0003227050765417516 0.00014127667236607522 0.00013285245222505182 
-0.0004996851203031838 -0.0006511149986181408 0.00037086187512613833 
-0.00020236812997609377 -0.00231561012333259 0.0005552386428462341 
7.248158362926915e-05 -0.0008482751909468789 6.673388998024166e-05 
-1.2073227480868809e-05 0.0006895153201185167 -0.00034796282852767035 
-1.840402319430723e-05 0.0002975247480208054 -0.00015495596380787902 
1.4694617505028873e-06 3.7019992305431515e-05 -1.8690714568947442e-05 
4.589098750784615e-06 2.4731340090511367e-05 2.2898511815583333e-06 
4.788362687691006e-06 2.2476699996332172e-05 2.8582494451256935e-06 
1.0288668814695257e-06 4.435383107193047e-05 8.142822366608016e-06 
-3.813681701103633e-06 7.032362373138312e-05 1.6139374992008015e-06 
-4.593110475070716e-06 5.0886458666354883e-05 -8.126673492370173e-06 
-1.8951526499222382e-06 1.8941893699775392e-05 -6.7026850274487515e-06 
-3.1846598247398106e-07 3.620782209168283e-06 -1.9928102261701497e-06 
-2.2180475567346036e-08 3.2220264145621513e-07 -2.426390190990446e-07 
-4.047098809678573e-05 4.601011823979206e-06 3.916704372386448e-06 
-0.00022055802401155233 1.4001750969327986e-05 7.493604607589077e-05 
-0.00028718000248773023 -0.00016707229224266484 0.00012813921148335794 
-0.00018325734708923846 1.8640581401996315e-05 2.5048664610949345e-05 
-0.00012711514136753976 0.00027663832315738546 -9.596274230716517e-05 
-2.9372680273809237e-05 8.835749758873135e-05 -5.006903847970534e-05 
5.326612267708697e-06 -5.2319328460725956e-06 -3.194961664121365e-06 
-4.0936146206149715e-07 2.8537296657304978e-05 3.4579339711626744e-06 
-2.350549493712606e-06 4.4379795781424036e-05 -1.3614604199574387e-06 
-4.462404604055337e-06 4.207598976790905e-05 3.1032683978082787e-07 
-6.8355408870957035e-06 3.701578930304095e-05 -1.6380308522911946e-06 
-5.297773753909496e-06 2.1739172666457307e-05 -4.056428380749821e-06 
-2.11704578134686e-06 7.792406677253894e-06 -2.7677536209580467e-06 
-4.233237484996266e-07 1.5600195979459386e-06 -8.246863769656443e-07 
-3.8056684387166584e-08 1.4606063769573296e-07 -1.065404561795269e-07 
6.8565821322863485e-06 -5.983604609127724e-06 -5.357575588504915e-06 
-3.6268387475502095e-06 -3.1360978596239875e-06 -3.909212791919359e-06 
-2.624018361530034e-05 1.121369223255897e-05 4.6336140258063097e-07 
-2.8944710720679723e-05 2.8660606403718702e-05 -3.2300904422299936e-06 
-2.1377634766395204e-05 3.154903788527008e-05 -9.344111731479643e-06 
5.873811090850722e-07 5.997555945214117e-07 -4.499041313721364e-06 
3.896317707585695e-06 -3.72932026948547e-06 2.086300980863598e-06 
-6.246426892175805e-06 2.115638460509217e-05 2.213391667282849e-06 
-8.719428251424688e-06 2.8787307201127987e-05 -1.9158832174070994e-06 
-6.393970124918269e-06 2.0253641878298367e-05 -1.7760154147339335e-06 
-4.086325674279578e-06 1.1433424447204743e-05 -1.374797392372784e-06 
-2.055511515663966e-06 5.007327303019338e-06 -1.144029234012578e-06 
-6.939253518467581e-07 1.5476239383360735e-06 -5.74044712653432e-07 
-1.3368232698596216e-07 2.8934080942288887e-07 -1.5121704477483178e-07 
-1.1917065351890743e-08 2.537625000409438e-08 -1.82482801543149e-08 
0.001182673528091982 0.0003920133676729165 -0.0011927573650609702 
0.0037762849242426455 0.000704153957485687 -0.002334920922294259 
0.0018936862179543823 0.00018499401267035864 -0.0013010962284170091 
0.0002256604657304706 3.2417192414868623e-06 -0.00020481099636526778 
1.0976740821178055e-05 -2.3237243595986e-07 -1.1247699035266123e-05 
3.2984924658308046e-07 -8.941505225124047e-08 -2.988337377551886e-07 
-4.083640176011372e-09 -1.8390030040449368e-08 5.773791070251555e-09 
-1.124469745095169e-08 1.3819117516966628e-08 1.5679909259880276e-08 
-9.921030041937229e-08 4.047220336644841e-08 6.787987949508079e-08 
5.921782388895735e-07 -1.3300163459462055e-06 5.567314360632736e-07 
-3.2048599223344354e-06 -2.0563358496872297e-05 3.3032818009814946e-06 
-7.352638567681424e-05 -0.0001742100193951046 -1.2042170055792667e-05 
-0.00014011150051373988 -0.0003616619610511407 -4.481426003621891e-06 
-2.9166411877667997e-05 -0.00016127924632769464 2.33426796967251e-05 
4.309684456416107e-06 -1.5387418443424394e-05 6.002121494930179e-06 
0.0007890648121247068 0.0011932456691283733 -0.005207598151173443 
0.006459635915234685 0.0026461568340891972 -0.008246130077168345 
0.004363854881376028 0.000680161640048027 -0.004914729681331664 
0.0007071503732731799 -2.0069280253665056e-05 -0.0008828517620713683 
6.003211547067622e-05 -4.605808726410032e-06 -5.362036154110683e-05 
2.9242654591143946e-06 -1.5401906949819022e-06 -1.5957178760572788e-06 
4.099203732010892e-08 -4.518938681030704e-07 1.4380378932088433e-07 
5.99348093377472e-09 5.8657722235011533e-08 2.7348485076572615e-07 
-8.143438066099407e-07 -1.8046313599029418e-06 -1.375375461520889e-06 
-9.825899269344518e-06 -3.2546600778005086e-05 -2.322990917491552e-05 
-3.7718193340197104e-05 -8.707473897828777e-05 -4.493587948672939e-05 
-0.00015124004517019785 -0.00034509833130869083 -9.612554094928782e-05 
-0.00020397338448674418 -0.0005710253640245355 -5.096700078865979e-05 
-4.114253351872321e-05 -0.00022292165112958173 3.75611907657003e-05 
4.962846219314088e-06 -2.336620406140355e-05 1.2885276305496518e-05 
-0.00118936927174218 7.34154527890496e-05 -0.0050648508658923674 
0.0008828542704577558 0.003050365252420306 -0.008783772529568523 
0.00212719026603736 0.0016339446883648634 -0.006727468979079276 
0.001067374978447333 0.00015865906607359648 -0.001640622183913365 
0.00020405466784723103 7.654325600015e-06 -0.00013419844981399365 
1.3706405752600404e-05 -8.532718311471399e-06 -4.426787086231343e-06 
1.1259082270953513e-06 -4.783780696016038e-06 1.1706091527230456e-06 
-3.033842119748442e-07 -1.9379725486601274e-06 5.425594906682818e-07 
-8.10880464996444e-06 -2.227194460147075e-05 -2.5436405110212945e-05 
-8.772753608354833e-05 -0.00016218095151998568 -0.00020490589122346137 
-0.0003155103204335319 4.1028928535524756e-05 -0.0003866850929625798 
-0.0005509895927389152 0.0005753942641604226 -0.0005826552223879844 
-0.000461404973975732 0.0004510132857831195 -0.0004923082824461744 
-0.00012222671284689568 0.00012983625492779538 -0.00013847041554981843 
-5.303007128532045e-06 9.322715413873084e-06 -9.639493327995297e-06 
0.00013895182200940326 -0.0011083096032962203 -0.001766024452081183 
-0.00024360881798202172 0.0032094386406242847 -0.007394803978968412 
0.0008707589440746233 0.004326900001615286 -0.007478952291421592 
0.0012330738245509565 0.001548189204186201 -0.0022992377053014934 
0.00038809167745057493 0.00033189583336934447 -0.0003488644870230928 
4.800192834863992e-05 3.4806091207428835e-05 -3.58027118636528e-05 
4.976700438419357e-07 -1.5766494470881298e-05 2.840536104997682e-06 
-2.281943352500093e-06 -7.057193215587176e-06 3.6038816233485704e-06 
-1.1466453777586594e-05 -1.2398049875628203e-05 -2.6948355980493943e-05 
-8.537870962754823e-05 1.7948408640222624e-05 -0.00023184973179013468 
-0.0004000483422714751 0.0006860930225229822 -0.0004442370845936239 
-0.000651143491268158 0.0012326679061516188 -0.0006568204407813028 
-0.000391139696148457 0.0006043757166480646 -0.00043013706817873754 
-8.90417694563439e-05 0.00010913540609180927 -9.698123540147208e-05 
-5.7730276239453815e-06 5.145216618984705e-06 -6.528601261379663e-06 
0.002530250232666731 -0.0030920328572392464 -0.0036234311992302537 
0.0017458006041124463 0.0001411904231645167 -0.005664114869432524 
0.0027228117105551064 0.004595680511556566 -0.006162618097732775 
0.0034522240748628974 0.004186980411759578 -0.003535294614266604 
0.0017021048115566373 0.0021143784251762554 -0.0014056597065064125 
0.00047948841529432684 0.0006835651583969593 -0.00039504330925410613 
0.00011394989996915683 0.00017321387713309377 -3.988429671153426e-05 
8.302818969241343e-05 0.00015264145622495562 6.094467835282558e-06 
2.4296781703014858e-05 0.00010378414663136937 3.39469091841238e-05 
5.7285775255877525e-05 0.0005798905622214079 7.150265810196288e-05 
6.709937679261202e-05 0.0013459471228998154 -7.726014700892847e-05 
-1.3445139757095603e-05 0.0010982363455696031 -0.00029971072217449546 
-1.5054582036100328e-05 0.0003244730469305068 -0.00018620830087456852 
-3.7801651160407346e-06 2.656630204000976e-05 -3.3729103961377405e-05 
9.026800285028003e-08 -1.689962346063112e-06 -1.2699498483925709e-06 
0.001737923943437636 -0.0022260001860558987 -0.0024056065594777465 
0.0018338651861995459 -0.004239634377881885 -0.001716287457384169 
0.002777466317638755 -0.0038311126991175115 -0.0013901257188990712 
0.004149603133555502 0.0024486110196448863 -0.003006393031682819 
0.0025537540786899626 0.0049319787649437785 -0.0029455451876856387 
0.0009553971467539668 0.0026297563454136252 -0.0013729918864555657 
0.0004163149860687554 0.0012575526488944888 -0.0002573287929408252 
0.00033977130078710616 0.0010269167250953615 -3.1847190257394686e-05 
0.00014438377547776327 0.0004830360849155113 2.7817939553642645e-05 
0.00010052907236968167 0.0009762578993104398 0.00022810990049038082 
0.00016501252321177162 0.0018486733315512538 7.177606312325224e-05 
0.00011267810259596445 0.0013816202408634126 -0.0002427932049613446 
4.980806352250511e-05 0.0004948519635945559 -0.00021509641373995692 
1.3854643498234509e-05 8.055151602093247e-05 -5.939194033999229e-05 
1.7698374001895445e-06 5.7362961456419725e-06 -6.212497169144626e-06 
-0.0005006722640246153 -9.549353853799403e-05 8.137518307194114e-05 
-0.0011888365261256695 -0.0016240510158240795 0.00045083952136337757 
-0.0011343894875608385 -0.004396794887725264 0.0010387063375674188 
-0.00018002494471147656 0.0004694435374403838 -0.0008113190997391939 
-0.0002766632242128253 0.005429243785329163 -0.0025654517812654376 
2.7332280296832323e-05 0.003359474358148873 -0.0016114206227939576 
0.00026888262073043734 0.0016356012783944607 -0.0003651986480690539 
0.00020330714687588625 0.0015062139136716723 -6.095814751461148e-05 
9.8036672170565e-05 0.0009957725269487128 -4.0245166928798426e-05 
2.7113055693916976e-06 0.001181657164124772 0.0001397959240421187 
-0.00010534453576838132 0.001615617104107514 9.319870514445938e-06 
-0.00013249070980236866 0.001141516724601388 -0.00021160993856028654 
-5.8053229622601066e-05 0.00044915171747561544 -0.00018133323101210408 
-9.762479180608352e-06 9.196598148264457e-05 -5.974058967694873e-05 
-8.222660028422979e-07 9.365114351567172e-06 -8.645039429211465e-06 
-0.0002547675248933956 4.022649227408692e-05 9.826053428696468e-05 
-0.0012133086929679848 0.00031611902522854507 0.0003905399062205106 
-0.002055956225376576 0.0003759476385312155 0.0005516137716767844 
-0.001990982098504901 0.001490368798840791 -4.134251503273845e-05 
-0.0014758872566744685 0.0025332970326417126 -0.0008022385281947209 
-0.00018521255697123706 0.0008583013113820925 -0.0005454067504615523 
0.00017496325563115533 0.00017208540339197498 -7.089607242960483e-05 
-0.0001574425223225262 0.0011208177429580246 -2.9547977646871004e-05 
-0.00020777725012521842 0.0013379923257161863 -0.00014354555241880007 
-0.00017431488595320843 0.0010902448993874714 -3.7827356209163554e-05 
-0.00018615692533785477 0.0008545953314751387 -5.994740240566898e-05 
-0.00014136260688246693 0.000480787806736771 -0.00010808486149471719 
-6.104176372900838e-05 0.00018192602874478325 -7.435624138452113e-05 
-1.3539273368223803e-05 3.981228610427934e-05 -2.523908574403322e-05 
-1.516375057519781e-06 4.4261077505325375e-06 -4.084244366708845e-06 
4.656145165427006e-06 -7.492407121389988e-06 -8.244454875239171e-06 
-0.00010514555106055923 3.98254242099938e-05 1.8239973160305567e-05 
-0.00033316035114694387 0.00017855181795312092 4.6006061893422157e-05 
-0.000507396413013339 0.0003723119298228994 1.0197450137638953e-05 
-0.0004178895615041256 0.0003922234900528565 -6.197039783728542e-05 
1.0369258234277368e-05 -2.274922007927671e-05 -3.584505861908838e-05 
-1.64187113114167e-05 5.001050521968864e-05 5.52617093489971e-05 
-0.00034828766001737677 0.0006936457011761377 8.183389581972733e-06 
-0.0003434476238908246 0.0007790941745042801 -9.867998960544355e-05 
-0.0002087678585667163 0.0004953060342813842 -5.907808514393764e-05 
-0.00011898940101673361 0.0002621838757477235 -3.986836600233801e-05 
-5.7376523272978375e-05 0.00011044509392377222 -3.149812255287543e-05 
-2.0585108359227888e-05 3.637685358626186e-05 -1.6208065517275827e-05 
-4.569907204654555e-06 7.745525977043144e-06 -5.04594051164986e-06 
-5.272543415202335e-07 8.520532492894972e-07 -8.049765432005529e-07 
0.0004249469275237061 0.00022000201715854928 -0.0006179278861964121 
0.0021818478708155453 0.00012083165620424552 -0.001614476990653202 
0.001722617438645102 -0.00024175941689463798 -0.00127609062474221 
0.00032237980485660955 -7.781568820064422e-05 -0.00027438161487225443 
2.6955806674777705e-05 -4.783039997846572e-06 -1.996351920752204e-05 
1.5365255592314497e-06 -4.808351228291485e-07 -8.19423306097633e-07 
5.129397528946811e-08 -1.5987208357159943e-07 3.861548392158909e-08 
-1.264455100624673e-07 7.903249832352799e-09 -3.396933934141089e-08 
1.6683679859852418e-07 1.3998288128647118e-07 4.1127452732325764e-07 
3.811108217632864e-05 2.0196411867345887e-06 2.9063564614517645e-05 
9.427203258383088e-05 -7.357489630521741e-05 0.00011718538735294715 
-0.0006569534598384053 -0.0009744733181378251 -0.00020205636246828362 
-0.001374638988636434 -0.0021707299165427685 -0.0004614874778781086 
-0.0002074310032185167 -0.0010411272960482165 8.07814285508357e-05 
6.366309435179573e-05 -0.00010663418083822762 8.167818123183679e-05 
0.00010854614083655179 0.0011689666935126297 -0.0023986591841094196 
0.004437598865479231 0.0011419640541134868 -0.005717067921068519 
0.005722119705751538 -0.0009761350811459124 -0.005684774660039693 
0.0019908575632143766 -0.00039009408646961674 -0.0016267129976768047 
0.000366769689208013 -6.976491931709461e-06 -0.00016256984599749558 
3.4185957701993175e-05 -3.5753341762756463e-06 -1.238043705598102e-05 
5.584112557244225e-06 -4.04984416491061e-06 3.7455235712968715e-07 
1.0827852960915152e-06 -1.2096270367578654e-06 -2.01556744627851e-08 
-2.195503839175217e-06 -2.5093877070503368e-05 -3.313475463073701e-05 
9.820537525229156e-05 -0.00018972618363477523 -0.0001104578550439328 
0.0002937161552836187 -0.0003334520406497177 9.887679334497079e-05 
-0.0009223730680787412 -0.0013951160508440807 -0.0005108551085868385 
-0.0019772863015532494 -0.0023494167617172934 -0.0008394628239329904 
-0.0005848675209563226 -0.0011020440069842152 0.0002331201576453168 
-6.949015187274199e-06 -0.0001472350377298426 0.00019554470054572448 
-0.0007942566844576504 0.001285318867303431 -0.0015165579970926046 
0.0013605890126200393 0.0021643560903612524 -0.004462653421796858 
0.006152143992949277 0.00016725872410461307 -0.006915722507983446 
0.00577984733536141 -3.554066643118858e-05 -0.0032906339038163424 
0.001767147274222225 0.00021220881899353117 -0.0006561263289768249 
0.000227033939154353 -3.151014243485406e-05 -7.64449584949034e-05 
9.175011086881568e-05 -5.0080499931937084e-05 -2.239942659798544e-06 
2.023737556555716e-05 -1.848221188538446e-05 -1.5830106434577829e-06 
-6.5402447944507e-05 -0.00022397633529180894 -0.00035207916880608536 
-0.00047127608991104353 -0.0013289249545778148 -0.001889893872430548 
-0.0013182055845391005 -0.0003315536741865799 -0.002237475957372226 
-0.003232588729588315 0.003305263991933316 -0.0032838485203683376 
-0.004045083769597113 0.004205358127364889 -0.0038809501274954528 
-0.0014604401221731678 0.0016566087142564356 -0.0013771709782304242 
-0.00013536048572859727 0.00021005441885790788 -0.00010574939915386494 
-0.0005281938065309078 0.0011686331708915532 -0.00015397410606965423 
-0.00016509759007021785 0.002647402841830626 -0.0020969996694475412 
0.002603213994007092 0.0038694741087965667 -0.0045820786617696285 
0.0037610815779771656 0.002360678627155721 -0.003119986387901008 
0.0016309417551383376 0.0010227704769931734 -0.0011004155967384577 
0.0003660020884126425 3.0236340535338968e-05 -0.00016931744903558865 
0.00020632839186873753 -0.00015851132411626168 1.3947281331638806e-05 
-1.9607592548709363e-05 -7.952298255986534e-05 7.460381948476424e-05 
-0.00012670648357016034 -0.00014208289212547243 -0.00028058660973329097 
-0.0004758806826430373 -0.00028054771246388555 -0.0023424423379765358 
-0.001958395485416986 0.002908460282924352 -0.0029854143504053354 
-0.0036762108211405575 0.006340672713122331 -0.003892064036335796 
-0.00302029907470569 0.004218390327878296 -0.0032631182111799717 
-0.0008846455566526856 0.0011454893974587321 -0.0009343162528239191 
-7.695203385083005e-05 0.0001062260998878628 -6.507825798962585e-05 
0.0007923982921056449 -0.0008423228282481432 -0.0007831400725990534 
0.00043442141031846404 0.0002847481518983841 -0.0010919077321887016 
0.0018151732510887086 0.00363445607945323 -0.0030517487321048975 
0.0034006265632342547 0.003947742632590234 -0.003160471678711474 
0.0033322106464765966 0.0033900640555657446 -0.0021620370825985447 
0.0018872892251238227 0.0019040500046685338 -0.0010689505070331506 
0.0008828647842165083 0.0009895447874441743 -0.00011869407171616331 
0.000333606411004439 0.0008351097931154072 0.00018319331138627604 
-0.00030362041434273124 0.00036254523001844063 0.00043742830348492134 
0.0003409305281820707 0.0039788382418919355 0.000448905055236537 
0.0005904149875277653 0.008273097802884877 -0.0005427435899036936 
0.0002191515995946247 0.0063508141502097715 -0.001811868991353549 
6.501692223537248e-05 0.0020251800306141376 -0.001437141778296791 
1.9761119801842142e-05 0.00024122721515595913 -0.00036662652564700693 
1.0153823723157984e-05 -1.5010149581939913e-05 -1.0693365766201168e-05 
0.001378976390697062 -0.00220543856266886 -0.0011279986356385052 
0.001146708964370191 -0.002835396444424987 -0.000520178466103971 
0.001516458811238408 -0.0007931023137643933 -0.0008018393855309114 
0.0029669632203876972 0.002604484820039943 -0.0022046465310268104 
0.0034419968724250793 0.005084687611088157 -0.003073468746151775 
0.0027659189654514194 0.005006598308682442 -0.0026385432574898005 
0.002299451851285994 0.005337023176252842 -0.0007529394933953881 
0.0018932062666863203 0.0051134980749338865 -9.956491703633219e-05 
0.00031041902548167855 0.0016343000461347401 0.00019788738063653 
0.00048361176641265047 0.005647651065373793 0.0012238412164151669 
0.0010912800571531989 0.011272269068285823 0.00014935120998416096 
0.0007784935096424306 0.008823550073429942 -0.0018264492973685265 
0.0004383906489238143 0.0038653527735732496 -0.0020627294143196195 
0.00015615675351909886 0.0008972216464826488 -0.0008259557216661051 
1.9271068595116958e-05 0.00010103458043886349 -0.00012049703400407452 
-2.3960834369063377e-05 -0.0007735783292446285 -3.7879624869674444e-05 
-0.0004107342101633549 -0.0013074878370389342 -6.94395275786519e-05 
-0.0008096267356449971 -0.001150613883510232 0.00021507120982278138 
-0.0009203191148117185 0.0020122728165006265 -0.0007903993828222156 
-0.0009684358374215662 0.005628855433315039 -0.0025280145928263664 
0.00047605164581909776 0.005474205827340484 -0.002663733612280339 
0.0013862958294339478 0.00582054746337235 -0.0009291199676226825 
0.0009367326274514198 0.006526179611682892 -0.0003000562428496778 
9.80562181212008e-05 0.004254261628375389 -0.00026471397723071277 
-0.0002538039698265493 0.006758044444723055 0.000564211921300739 
-0.0008299241526401602 0.01005138410255313 -0.0003220703401893843 
-0.0012346533621894196 0.008047734037972987 -0.001863041106844321 
-0.0006940343191672582 0.00408492935821414 -0.001987680501770228 
-0.00015628811797796516 0.0010883067443501204 -0.0008915482612792403 
-1.950132445927011e-05 0.0001361657905363245 -0.0001560194396006409 
-0.00018911312508862466 -5.8387056924402714e-05 8.334656013175845e-05 
-0.0008280266192741692 0.0002762231888482347 0.0001267172337975353 
-0.001673958613537252 0.0010726675391197205 4.517131446846179e-05 
-0.0036031287163496017 0.002627818612381816 5.6905962992459536e-05 
-0.003869397100061178 0.003656064684037119 -0.0005963227886240929 
-0.00023288652300834656 0.0006212760345079005 -0.0007274645904544741 
0.00031069357646629214 0.000758654554374516 5.097313260193914e-05 
-0.0018224643426947296 0.005633639015286462 -0.0002832750615198165 
-0.002350114402361214 0.00748549701529555 -0.0010783071484183893 
-0.002020298852585256 0.007287927553988993 -0.0005222252730163746 
-0.0018820544646587223 0.006095916382037103 -0.0007867247040849179 
-0.0015977047733031213 0.003944834868889302 -0.0011849947040900588 
-0.0008525610319338739 0.001878198585473001 -0.0009427790646441281 
-0.00022860335593577474 0.00048568350030109286 -0.00039873007335700095 
-2.8916518203914165e-05 5.9851849073311314e-05 -7.211686715891119e-05 
8.24601920612622e-06 -4.583918325806735e-06 -9.934103218256496e-06 
-6.725002822349779e-05 6.5970327341347e-05 -1.3839120583725162e-05 
-0.0003937574365409091 0.0003300371754448861 -1.0230840075564629e-05 
-0.0016341927694156766 0.0008377273916266859 0.00022104731760919094 
-0.002259960281662643 0.0010408396483398974 0.00034712372871581465 
-0.0009139853646047413 -4.651263589039445e-05 0.00036326502595329657 
-0.001876115275081247 0.001130816963268444 0.0006575853294634726 
-0.004157116793066962 0.00458708935912 -4.8751579015515745e-05 
-0.003935397602617741 0.005198031140025705 -0.000916311408218462 
-0.0025930002448149025 0.0037698119995184243 -0.0005861991885467432 
-0.0015251977602019906 0.0021734897163696587 -0.0004951287264702842 
-0.0007957438647281379 0.0010294972162228078 -0.0004145707280258648 
-0.0003137939711450599 0.0003958053785027005 -0.00022657069348497316 
-7.613519119331613e-05 9.319352921011159e-05 -8.134254221658921e-05 
-9.683980067620723e-06 1.1320969633743516e-05 -1.4458141663453716e-05 
4.5878936816734495e-05 2.6488096523280547e-05 -7.745531365799252e-05 
0.00039802219544071704 -4.571951922116568e-05 -0.00033502829319331795 
0.0004704381790361367 -0.00015139429160626605 -0.0003856241673929617 
0.00014615603140555322 -4.6567975005018525e-05 -0.00011191350313310977 
2.493502256584179e-05 -3.215400244727107e-06 -1.2827770660805982e-05 
2.44430367501991e-06 -4.803448625523288e-07 -9.741009279196078e-07 
4.2447288706171094e-07 -3.3278496758271103e-07 8.651795635472581e-08 
2.626694026730547e-07 1.3792298680925796e-07 7.323512818402378e-08 
1.0399629900348373e-05 3.326523881241883e-06 7.645741789019667e-06 
0.0002468260354362428 3.2078841286420356e-05 0.00017909093367052265 
0.0008753181609790772 -5.740739652537741e-06 0.000688787768012844 
-0.0002464153221808374 -0.0010287075565429404 0.00014885982091072947 
-0.0010310571524314582 -0.002646397188073024 -0.0006744748097844422 
0.0007625338912475854 -0.0014443304535234347 0.0006673460593447089 
0.0002761675204965286 -0.0001096039970889251 0.0004634399520000443 
2.0337695332273142e-06 0.00022604316836805083 -0.00033397148945368826 
0.0011630563240032643 4.6356115490198135e-05 -0.0014791674620937556 
0.002404349303105846 -0.0006723729311488569 -0.002198482776293531 
0.0016389706725021824 -0.0001884747325675562 -0.0008418818688369356 
0.0005451328688650392 5.382603922043927e-05 -0.000189485230862374 
8.929457362683024e-05 6.262211172725074e-06 -3.179972372890916e-05 
4.206295284348016e-05 -8.11826885183109e-06 -2.9070057365743196e-06 
2.6327071736886865e-05 2.4559221856179647e-06 7.0820584880948445e-06 
0.00013715264503844082 1.529805331301759e-06 2.2611216991208494e-05 
0.001182407431770116 2.5211599222529912e-05 0.0005135835672263056 
0.003093992709182203 0.0002785627220873721 0.0019336028199177235 
0.00040077048470266163 -0.0005981165613775374 0.00046078074956312776 
-0.0025500389165244997 -0.0012014578678645194 -0.0010760111617855728 
-0.0009785093425307423 -0.0007179181448009331 0.0016033214051276445 
-9.58657474257052e-05 2.0242383470758796e-05 0.001019669114612043 
-0.00013274806769913994 0.00033295735192950815 -0.00019470060942694545 
0.0010571686289040372 0.00023297045845538378 -0.0011919664684683084 
0.00503004074562341 -0.0004137761425226927 -0.0029833867447450757 
0.006749937601853162 0.00048063090071082115 -0.002217402361566201 
0.0029584273706859676 0.0007417336746584624 -0.001144152513006702 
0.0008319138287333772 -2.8044712962582707e-05 -0.0002744499893765351 
0.0007387047153315507 -0.00010114054020959884 -8.912882549338974e-05 
0.0003159667976433411 5.3459345508599654e-05 6.130113729341247e-05 
0.000513332279297174 -5.032010449212976e-05 -0.0002454510540701449 
0.0006051934906281531 -0.0012516585120465606 -0.002520942798582837 
0.0001741241430863738 7.087523408699781e-05 -0.001909979764604941 
-0.002889429721108172 0.003688312484882772 -0.003163978981319815 
-0.005756812111940235 0.006463815574534237 -0.00545767490984872 
-0.0028364777099341154 0.0036752354935742915 -0.0019797359127551317 
-0.00035479739017318934 0.0009275606134906411 1.6519450582563877e-05 
-0.00017009403018164448 0.00018008702318184078 0.00020317914459155872 
0.0005786430556327105 -0.0005761198699474335 0.000537227257154882 
0.003122843336313963 -0.00025494443252682686 -0.0008885238785296679 
0.004659530008211732 0.0007840367034077644 -0.0018760925449896604 
0.0022907399688847363 0.0004985177656635642 -0.0012736150820273906 
0.0012980914762010798 -0.0011625769548118114 -0.00023608034825883806 
0.00153992406285397 -0.0007114969484973699 -9.913285430229735e-05 
-0.00016089598648250103 -0.00045282189967110753 0.0005798045876872493 
0.00017759772890713066 0.00021218347865215037 0.0009562657287460752 
0.00047398003516718745 0.00017835135804489255 -0.003113865008344874 
-0.001311789128521923 0.002023561522946693 -0.0035239370190538466 
-0.0032529157761018723 0.004331153118982911 -0.0036019174149259925 
-0.00413526626653038 0.004113406641408801 -0.004521788388956338 
-0.0017086576990550384 0.0019894170109182596 -0.001578294497448951 
-7.30552199001977e-05 0.00015322814579121768 0.000355042822775431 
-9.786456939764321e-05 -0.0011144168674945831 0.0009584005747456104 
-7.494966848753393e-05 -0.0028682020492851734 0.002106048632413149 
0.0007465305097866803 -0.0029907645657658577 0.0011367332190275192 
0.0017678207950666547 -0.0021823355928063393 1.6042846255004406e-05 
0.0021824635623488575 -0.001038014073856175 -0.0002771544095594436 
0.0017369395645800978 -0.0016787838976597413 -0.00017922174447448924 
0.00086607304183417 -0.0010009824763983488 0.00026649875508155674 
-0.002115739363944158 -0.001907169702462852 0.00131575895647984 
-0.002905937421019189 -0.0016997124694171362 0.002441580581944436 
0.0003556608457984112 0.004895076090178918 0.001398666676323046 
0.0010676674428395927 0.008115333854220808 -0.0005763845510955434 
0.0007553865216323175 0.0041948354337364435 -0.0015319942613132298 
0.00036458585236687213 -0.00039920792914927006 -0.0019675890216603875 
0.0001816793501348002 -0.00048537878319621086 -0.0009119214955717325 
0.0001282346565858461 -0.0003351712821313413 0.0002792344894260168 
2.613867400214076e-05 -0.001970243640244007 0.0010297989356331527 
-0.0003390517085790634 -0.003942071460187435 0.002289908705279231 
-0.0002581221633590758 -0.003539512399584055 0.0018737759673967957 
0.00018580930191092193 -0.0015090233646333218 0.0006025501643307507 
0.0009024920873343945 -0.00031898361339699477 -0.00019768527999985963 
0.0013648142339661717 4.645669832825661e-05 -0.0006665918481303379 
0.0017265370697714388 0.0019942088983953 -0.00010572753672022372 
0.0003818452823907137 0.0014585712924599648 0.0004646387533284724 
-0.00172776617546333 -0.0020740004401886836 0.0009193565274472348 
6.888322968734428e-05 0.004700492449046578 0.0015975481073837727 
0.001352158942609094 0.01058611972257495 9.38948942348361e-05 
0.0011967569480475504 0.008959227707237005 -0.0025165218394249678 
0.0009735882522363681 0.00577622139826417 -0.004804777796380222 
0.0003004297395818867 0.003124613198451698 -0.004013078985735774 
-0.00010652397031662986 0.0008949449766078033 -0.0011585495449253358 
-1.0132091119885445e-05 -0.0009040504810400307 0.0003770121725210629 
0.00032895494950935245 -0.002541298163123429 0.0008969279297161847 
0.0005649457452818751 -0.0031969842966645956 0.0011876964636030607 
-0.0008668701048009098 -0.0014546809252351522 0.00100016500800848 
-0.0012396458769217134 -8.011388126760721e-05 0.00033448509202571586 
0.0001166387228295207 0.0009645455866120756 -0.0005000517994631082 
0.0010070869757328182 0.0028754332452081144 -0.00026434549363330007 
0.0007605390856042504 0.0035226684412918985 -0.00010544438555371016 
-5.809162394143641e-05 0.00174022201099433 4.9109061365015805e-05 
-0.00028850592934759334 0.005617458460619673 0.0006694565963698551 
-0.000999618583591655 0.009946779115125537 -0.0005380499351304024 
-0.0021940460719633847 0.010886729694902897 -0.0033579031005501747 
-0.0021643852232955396 0.009379737079143524 -0.0062285305466502905 
-0.0012022039154544473 0.004598531173542142 -0.005184861947782338 
-0.00032630545683787204 0.0009486829221714288 -0.001364450712571852 
3.127395029878244e-05 -0.00011829794857476372 1.5482881281059235e-05 
0.0006989726680330932 -0.0004503356321947649 -0.00022877901210449636 
0.001539029268315062 -0.0011245223577134311 -0.00030817330480203964 
-0.0024656320456415415 -0.0013099907664582133 0.0014654114784207195 
-0.005074593937024474 -0.000432866718256264 0.002149841486243531 
-0.002227921853773296 -0.0006343608256429434 0.0010035097802756354 
-0.0018708175048232079 0.0006307406583800912 0.0007323556783376262 
-0.0033122648346761707 0.0043641384108923376 -0.00014785568055231124 
-0.0041757888975553215 0.006669620343018323 -0.0010496623581275344 
-0.00440047332085669 0.008257684763520956 -0.0007275347015820444 
-0.004838042543269694 0.008654790231958032 -0.0018491721421014518 
-0.005486620124429464 0.008349831914529204 -0.0034937625168822706 
-0.004253961960785091 0.006003106362186372 -0.004318652907386422 
-0.0017364740197081119 0.002200923132477328 -0.0027892552316188812 
-0.0002791421557049034 0.0003355703884153627 -0.0005928860482526943 
1.780213187885238e-05 -2.4409456287344256e-06 -1.0722400020313216e-05 
0.00018720038860919885 1.2491554116422776e-05 -0.00010251329331367742 
0.00034417597635183483 -2.981285797432065e-05 -0.0001533804597784183 
-0.002047036774456501 -0.00021475058019859716 0.0009239247883670032 
-0.0055325208231806755 -0.00014885991549817845 0.0023417172487825155 
-0.006602055858820677 -0.00028874108102172613 0.0023108135646907613 
-0.008939590479712933 0.0014653200923930854 0.0020247740467311814 
-0.011333295260556042 0.004687746593845077 8.027393778320402e-05 
-0.011268721660599113 0.006141920632217079 -0.001450544976250967 
-0.009069697698578238 0.005912255379371345 -0.0011557348625501618 
-0.006581768277101219 0.004673236282542348 -0.0017351838178001344 
-0.004432203830219805 0.0032692088279873133 -0.0019466690719127655 
-0.0021220408962108195 0.0015690292639192194 -0.0013714151864405721 
-0.000595645047724247 0.00041487043199595064 -0.0006133546703495085 
-7.934301447676262e-05 5.310996039042948e-05 -0.00011251671821810305 
9.20535399018263e-07 -1.9471174006469028e-08 -1.3907832681070431e-06 
1.8863968762161676e-05 -6.818485189796775e-06 -1.6316859159815067e-05 
3.542496870068135e-05 -1.5508772321481956e-05 -2.8540864150272682e-05 
2.147902068827534e-05 -5.377835719855284e-06 -1.293898640142288e-05 
6.470897574217815e-06 -7.058714857066661e-08 -3.0032222753106907e-06 
9.372793439155203e-07 9.72594449422104e-10 -3.4064656517784897e-07 
6.178095119935278e-07 -1.790937994572417e-07 1.1872963723291718e-07 
1.819171160377664e-06 3.3256823250837897e-07 8.464875804747862e-07 
2.3456912458641455e-05 3.4076985002684523e-06 1.4658999134553596e-05 
0.0003523596387822181 -1.080057154467795e-05 0.0002400971861789003 
0.0013039969053352252 -0.00011436199565650895 0.0008323773739675744 
0.0008299129840452224 -0.00032824200025061145 0.0006432292435079034 
0.0009594879811629653 -0.0013445851673168363 0.00033061036810977384 
0.001427020033588633 -0.0011890345776919276 0.0013784023467451334 
0.0003350069164298475 -0.000146504779991119 0.0006305841379798949 
-4.360198886388389e-06 1.437879529220254e-05 -1.200656970468117e-05 
6.97754803695716e-05 2.700148797885049e-06 -9.154160352409235e-05 
0.00024616921473352704 -3.897300848620944e-05 -0.00017651625603321008 
0.00031436090648639947 1.8312368865736062e-05 -0.0001162320768344216 
0.00015394642650790047 4.0093577354127774e-05 -6.146022860775702e-05 
5.037411813191284e-05 5.9982103266520426e-06 -1.4920028547749098e-05 
5.2792083806707524e-05 -2.5886465664370917e-06 -2.2756757402930816e-06 
7.447379357472528e-05 1.1155218089697883e-05 3.59932873834623e-05 
0.0004923364740534453 2.9470725166902412e-05 0.0002981454963446595 
0.0023416816839016974 -6.0851656598970294e-05 0.0014742151834070683 
0.004851137055084109 -0.00024971217499114573 0.0028020908357575536 
0.0018129379022866488 0.00010917056351900101 0.0009605805389583111 
-0.0015938465658109635 0.000495075284561608 -9.848325498751365e-05 
-0.0006013292586430907 -0.0003174689136358211 0.002838967484422028 
0.0004937645571772009 -0.0001198219251818955 0.0010548641439527273 
-1.2742349099426065e-05 4.261203503119759e-05 -1.305956297414923e-05 
0.0001314313558395952 1.1974589142482728e-05 -7.584247578051873e-05 
0.0007904729282017797 -7.89047044236213e-06 -0.0002503296364011476 
0.0015110464009921998 0.0002698118332773447 -0.00043178505438845605 
0.0009203632434946485 0.000334407712216489 -0.0004158253941568546 
0.0007443666800099891 -9.63723286986351e-05 -0.00014959311920392793 
0.0009680448420112953 3.4768971090670675e-05 -0.00011304625695629511 
0.0007455057566403411 0.00028797633422072977 0.0003213380878150929 
0.0028489562100730836 0.0005114774394314736 0.0018501587037462741 
0.004928066744469106 -0.00027971836971119046 0.002126628387486562 
0.0035025079268962145 -0.0005042484262958169 0.0013282067375257611 
0.0006766048900317401 0.0001932216873683501 -0.0003079577290918678 
-0.0015912049129838124 0.001485886488808319 -0.0013402744807535782 
-0.0008998402481665835 0.0007509849674534053 0.0013294385862536728 
0.0005709873512387276 0.0001937629422172904 0.0006612914148718119 
-9.181516361422837e-06 -1.965026604011655e-05 5.438632069854066e-05 
0.0001832974230637774 -0.0004917924525216222 0.00027354920166544616 
0.0007901016215328127 -0.0009709656587801874 0.00022051355335861444 
0.0015983488992787898 -0.000874669523909688 -0.00017661391757428646 
0.0014668407093267888 -0.001162231434136629 -0.00018323605763725936 
0.002252351026982069 -0.0020695854909718037 -5.087096360512078e-05 
0.0023180185235105455 -0.00022911233827471733 -0.00033950782017200254 
0.00013749693607678637 0.0005525245214812458 0.0011267082081758417 
0.0029920066008344293 0.0013389848172664642 0.004519718379015103 
0.004378749174065888 0.0004514668326009996 0.002517932211048901 
0.0012713775868178345 -0.000794375406258041 9.970268183678854e-05 
1.896130561362952e-05 -0.0015021745930425823 -8.827162673696876e-05 
-0.0006329886673483998 -0.0016243770951405168 -0.0006379671976901591 
-1.6586651327088475e-05 -0.001569650456076488 0.0020930490572936833 
0.0009393893706146628 -0.0019142573000863194 0.0032329214736819267 
-3.513838282742654e-05 -0.0002841445675585419 0.0002305838861502707 
2.671072434168309e-05 -0.001489071175456047 0.0008271113038063049 
0.00044817104935646057 -0.003083658404648304 0.001123261929024011 
0.0013796098646707833 -0.003966167801991105 0.0010166443535126746 
0.002248417353257537 -0.004979500779882073 0.0010514567256905138 
0.0025495747104287148 -0.005675381515175104 0.00048785307444632053 
0.0011161197035107762 -0.0029884021496400237 0.00020074076746823266 
-0.0029227439081296325 -0.002361413891776465 0.0016179438534891233 
-0.0024151790130417794 -0.0015004920132923871 0.0035247214982518926 
0.00042131073132622987 0.0014087422168813646 0.0018487829474906903 
0.0003949552701669745 0.000789461366366595 0.00011778074986068532 
0.0003494345764920581 -0.001685095252469182 0.00029086954600643367 
0.00046811146546588134 -0.003935817629098892 0.00017463596304878592 
0.000540978493518196 -0.002324405300896615 0.0007735110848443583 
0.00052519456949085 -0.0015654128801543266 0.0020939839305356145 
-6.25140019110404e-05 -0.0004083445237483829 0.00027726273401640356 
-0.00021078993813716806 -0.0017239624867215753 0.0010271893697790802 
-0.0002796096741803922 -0.002898743376135826 0.001508228713646531 
5.921092815697193e-05 -0.002685762709006667 0.0012036181287840009 
0.0007733794045634568 -0.0035733457189053297 0.0010503300582058728 
0.0013882715138606727 -0.00411543482914567 0.00039278436452150345 
0.001542076701298356 -0.003239393816329539 0.0004917567712254822 
-0.0001712428347673267 -0.0024206424423027784 0.0008269848567579174 
-0.001297664835874457 -0.002503259507648181 0.0009562941013427917 
-0.00034202445385744795 0.0005457730512716807 0.0005297809198054892 
0.0002443746284370718 0.0012364144713501446 6.192120417836122e-05 
0.0004983926246495685 0.0005456391081679612 -0.0003713368496391922 
0.00051063162391074 0.001044374716002494 -0.002691606496227905 
-0.0008010913734324276 0.004010177392046899 -0.006745846330886707 
-0.0013361413730308414 0.0028924791840836406 -0.004487901635002345 
-1.6381706700485665e-05 -0.00020813873561564833 0.00011549256669241004 
4.627581074601039e-05 -0.0013113240711390972 0.0006456844712374732 
-5.298912219586782e-05 -0.0031540332129225135 0.0015434905653819442 
-0.0011129421618534252 -0.003964049508795142 0.0022724277805536985 
-0.001159529114374891 -0.0039001370314508677 0.0021119272569194436 
0.00013695875531993806 -0.002219148213043809 0.0008920186082832515 
0.0010398069425718859 -0.0013305973261594772 0.0005888942396268249 
0.0009709576988825575 -8.682266343384981e-05 0.00015171983977779746 
0.0004430158805917017 -0.0003197654150426388 4.001127672381699e-05 
0.00015289143630070612 0.0004741877783089876 0.00017218546418007463 
-7.990273570612771e-05 0.0012018345223623328 3.0742521630600095e-06 
-0.0008308188989758492 0.0022107181430328637 -0.0011848600843222812 
-0.0028175088518764824 0.004226733813993633 -0.006240608170628548 
-0.0042107591580133885 0.005606403399724513 -0.01094108447432518 
-0.0019286848837509751 0.002546903066104278 -0.0049506062641739845 
1.7800264231482288e-05 -3.358077174198115e-05 5.2126356422377285e-06 
0.00026870754300034605 -0.00039495703822467476 5.203557702770922e-05 
0.00045507584582082927 -0.0019727685139514506 0.0006235621622181498 
-0.002333365089725703 -0.004733093664981425 0.0028272599301999435 
-0.0050207304884679615 -0.005301621742546558 0.004105165677174227 
-0.004357840487500653 -0.0036201258189976215 0.0025030148099176586 
-0.0036796189087908715 -0.002586036454886198 0.0012035479303449392 
-0.0030383401026483625 -0.00023075274657458067 -3.7743011489510536e-06 
-0.0033433903590776026 0.0007618098752573133 -0.00043592826114036143 
-0.003950252314098179 0.0007963385578477755 -0.00019566524861147627 
-0.004884193418547511 0.0014943033311283216 -0.0010364808840677142 
-0.007028228836134076 0.0024960871669463813 -0.0033079737913794816 
-0.008406752720475197 0.00298425235087052 -0.007433065213263035 
-0.00546557578491047 0.002422957375529222 -0.007484166417270899 
-0.001168937003967585 0.0006736853902111761 -0.0020223169049131684 
5.03925593875465e-06 -1.9977704823759268e-07 -2.557625009558251e-06 
7.17320290277712e-05 -2.057968481494754e-05 -2.3704822638137557e-05 
8.621560664323624e-05 -0.00029563291536760516 8.297407839563675e-05 
-0.0015963368641678244 -0.0013539854990085587 0.0012070361681253416 
-0.0055628635454922915 -0.0027499208808876574 0.0031078933097887784 
-0.009286796033848077 -0.0037993106234353036 0.0030981349700596184 
-0.011111244442872703 -0.0038675738614983857 0.0019620645325630903 
-0.011035558301955462 -0.0019879412720911205 0.00016903012874536216 
-0.011576901422813535 -0.0007140124216675758 -0.0004785036016983213 
-0.011626685038208961 -0.0004212089188513346 -0.00024468323681503534 
-0.010707907611504197 0.0005756015598308295 -0.0015987865626811981 
-0.009141115471720695 0.0012674512108787894 -0.0031556563917547464 
-0.0056070503778755665 0.0007973151514306664 -0.0032504030386917293 
-0.0018978184962179512 0.000359890480467584 -0.0018131836550310254 
-0.00026713385159382597 7.199393894552486e-05 -0.0003503999178064987 
-3.03853959771061e-08 2.534086851468942e-08 2.057963222057424e-08 
2.5671727144072065e-07 -4.48174191092221e-08 -2.3680955507643375e-07 
9.496742485737286e-07 -2.691460787573874e-07 -7.176056548985343e-07 
9.481817428991235e-07 -4.690175359201021e-08 -5.576575148324991e-07 
3.040173606194685e-07 1.4109619161928322e-07 -2.2111348485509552e-07 
5.51109131663452e-08 7.90518628335235e-08 -2.6718696588545754e-08 
2.039636157746827e-07 -2.5102666612042412e-08 8.194215528334325e-08 
1.9334012506533327e-06 -2.675124761708503e-07 1.1786884925868435e-06 
2.0730712321892497e-05 -3.460394964349689e-06 1.1576218639675062e-05 
0.00019287149189040065 -5.711578342015855e-05 0.00011419392103562132 
0.0006825968594057485 -0.000253642960160505 0.0003308732048026286 
0.0003393510414753109 -0.00013296838733367622 0.00013200593821238726 
9.640272764954716e-05 -0.0002580219918399962 3.011302851518849e-05 
0.0009765144495759159 -0.0008038396117626689 0.00023220141883939505 
0.0007121220987755805 -0.00043037539944634773 -0.00014002068201079965 
-5.826369466888082e-07 1.4101980596592512e-06 -4.2558933088798767e-07 
-5.3169003422226524e-08 3.8937654380788445e-06 -2.310014735940058e-06 
5.255984660834656e-06 5.550607625082193e-06 -5.2882944032717205e-06 
1.1272141819063108e-05 7.618508632845078e-06 -6.622434568726021e-06 
5.466093170980457e-06 8.153832098400926e-06 -5.057176053924195e-06 
5.2172274536133045e-06 3.1671935971644416e-06 -1.3203267457129186e-06 
1.1456053925940068e-05 1.1740710306185065e-06 9.031422507632669e-07 
4.9320490688842256e-05 -4.97172047175809e-06 3.359743413966498e-05 
0.00044061023800168186 -0.00011137219416923472 0.0002827014322974719 
0.001997743034735322 -0.0008454740018351004 0.0012555109278764576 
0.004183066717814654 -0.002438900643028319 0.002163641736842692 
0.002435353584587574 -0.001716331869829446 0.000704714737366885 
0.00019266046001575887 -0.0005072162603028119 -0.00013699496048502624 
0.0028244060813449323 -0.0023504850396420807 -3.6697019822895527e-06 
0.003091544029302895 -0.001667285141593311 -0.0018023314769379795 
-2.595923476178541e-06 8.795610881406901e-06 -3.0365678753696557e-06 
-4.203429398330627e-06 2.6807524136529537e-05 -9.418977469977108e-06 
1.0102246960741468e-05 5.025871132602333e-05 -2.008305682466016e-05 
4.243817238602787e-05 7.306019006136921e-05 -3.657086733710457e-05 
3.5467299312585965e-05 6.38988185528433e-05 -3.431745832926936e-05 
0.00011618605276453309 -8.557995897717774e-06 -1.1489494681882206e-05 
0.00018635670494404621 5.494282777362969e-05 -1.5311673223550315e-05 
0.00037111386700416915 5.312485518516041e-05 0.00029118365273461677 
0.002629647438880056 -0.0007230859491755837 0.0018560294702183455 
0.006760973832570016 -0.00389524718048051 0.004192690248601139 
0.0074036658043041825 -0.006690663401968777 0.004096913762623444 
0.0037471408904821146 -0.004092205665074289 0.0011823643872048706 
0.0005939390102867037 -0.0006521338655147702 -0.00020983291324228048 
0.0017577371327206492 -0.0018520067678764462 0.0005096705281175673 
0.0026314121496398 -0.0012813843786716461 -0.0019332141964696348 
-5.4454189637453965e-06 2.1034879864600953e-05 -7.019697022769833e-06 
-1.163173328677658e-05 5.1168573918403126e-05 -1.5649289707653224e-05 
-1.1214797268621624e-06 6.469333311542869e-05 -2.7996625249215867e-05 
6.936145655345172e-05 -5.730093107558787e-06 -2.171487722080201e-05 
0.0002232539700344205 -0.0003234382311347872 4.3843658204423264e-05 
0.0005490356270456687 -0.0006342377746477723 4.130318120587617e-05 
0.0004224712283757981 0.00011982205614913255 -9.130725675277063e-05 
0.0002204752090619877 0.0003323640921735205 0.0008441187237622216 
0.0032859619532246143 -0.0014452318428084254 0.0037571790235233493 
0.006140749937912915 -0.00578403307008557 0.005112498649396002 
0.00448282013530843 -0.006604565627640113 0.0031071604112185014 
0.0020228182547725737 -0.0037464298075065017 0.0007726461044512689 
0.00048677119411877356 -0.0014337669999804348 9.193960431730375e-05 
0.0008205788908526301 -0.0018802325357683003 0.002428659936413169 
0.0017808086122386158 -0.0023274330887943506 0.0028975222958251834 
-7.4779914029932115e-06 2.3533644707640633e-05 -7.318530151678715e-06 
-2.076636337733362e-05 2.8652517357841134e-05 -4.830759280594066e-06 
4.988571163266897e-06 -0.00010274126543663442 2.852326724678278e-05 
0.00020021310774609447 -0.0005866184365004301 0.00016893855354283005 
0.0006810560007579625 -0.0017532340716570616 0.0003737888910109177 
0.0010758775169961154 -0.00253988616168499 0.00020462028624024242 
0.0006676699849776924 -0.0014931795885786414 0.00010297852713847533 
-0.0003041367090190761 -0.000863222376210615 0.0010956674523185939 
0.00013794796541333199 -0.0013910352136008441 0.002552302205003798 
0.0003870196233037859 -0.001036325586028397 0.001748633716488257 
0.00010203596320934594 3.047054633498192e-05 0.0001042286166921258 
0.0003012577217305079 0.00012608489487320185 -0.0003522504703141749 
0.000607788566412637 -0.00092540324840229 0.00016896524721232709 
0.0007854772266000509 -0.0007894191949162632 0.0016016983427107334 
0.0009431818034499884 -0.0014272502157837152 0.002894169185310602 
-5.8523752954897645e-06 1.2520116797531955e-05 -3.4478835004847497e-06 
-2.3543101633549668e-05 -8.176793926395476e-06 1.5886995242908597e-05 
-3.98022893932648e-05 -0.00015452466323040426 8.76587291713804e-05 
4.744227771880105e-05 -0.0007205584552139044 0.00031579844653606415 
0.00041633349610492587 -0.0021658227778971195 0.0005870985914953053 
0.001120704342611134 -0.003278628922998905 0.0004712941008619964 
0.0020188395865261555 -0.003883941099047661 0.0008486321894451976 
0.00204910064348951 -0.003647180739790201 0.0013607844739453867 
0.0009635631831770297 -0.0028594054165296257 0.0013422947959043086 
-0.0006886744522489607 0.0014185556210577488 -0.0001806524523999542 
-0.0005669187812600285 0.0033524311147630215 -0.000751431449316442 
0.0007617799856234342 0.0029053762555122375 -0.0004351985699031502 
0.0012952600081916898 0.0021923001622781157 -0.0006249803018363309 
0.00012087466893717647 0.0038015747304598335 -0.0037937775487080216 
-0.00144997175084427 0.002839019463863224 -0.004698891563748475 
-1.093140777896906e-06 9.365776350023225e-07 -3.7944118957966566e-08 
-2.749257532741467e-06 -6.419454439310357e-05 3.54953263013158e-05 
-4.815401553059928e-05 -0.00040540494956076145 0.0002150232467101887 
-0.0002552962693727068 -0.0014874933985993266 0.0007736367988400161 
-0.00024385317374253646 -0.002964257262647152 0.0012403720756992698 
0.0005361692310543731 -0.003774236422032118 0.0013178857625462115 
0.001670495628786739 -0.005171658471226692 0.0017434975015930831 
0.002105790874338709 -0.004839261528104544 0.0013694303343072534 
0.001499239879194647 -0.003770692739635706 0.0004931373405270278 
0.0005094673033454455 -0.0003428944037295878 -0.00039092374208848923 
0.0012882942974101752 0.0031428565289388644 7.291609199455706e-05 
0.0023153367801569402 0.004708758264314383 8.279307803604752e-05 
-0.0008803961773082847 0.0025436513242311776 -0.0030092824017629027 
-0.003869393840432167 0.002896332152886316 -0.00808992434758693 
-0.002404107654001564 0.002136808354407549 -0.005355675355531275 
8.622690188531124e-07 -2.3928464543132577e-07 -3.37296910402074e-07 
9.935244861480896e-06 -3.771552655962296e-05 1.3657897397933993e-05 
-5.1141785661457106e-05 -0.0003754798381123692 0.00017970483168028295 
-0.0006371934941853397 -0.0016415663703810424 0.0009057787247002125 
-0.0014911005782778375 -0.003347440157085657 0.0017569970223121345 
-0.0019611225216067396 -0.004685417516157031 0.0019187058205716312 
-0.0021723269892390817 -0.005669108824804425 0.0016870098188519478 
-0.0019286309543531388 -0.004084622720256448 0.0007368405349552631 
-0.001974016980966553 -0.002577707637101412 -0.00023385888198390603 
-0.0017904383421409875 -0.001106847426854074 -0.0004713302187155932 
-0.0011553165604709648 0.001305611920543015 -0.00017021369421854615 
-0.003089794801780954 0.0007319337892113253 -0.00157024638610892 
-0.007604285376146436 -0.0022230337126529776 -0.005535254371352494 
-0.006303814530838281 -0.0007873343274695799 -0.006740831304341555 
-0.0015625017404090613 0.00022164563415572047 -0.0022032143751857802 
1.9893155212002966e-07 1.8258089085065876e-07 -1.5704876688005243e-07 
2.813920175981366e-06 -3.2981799904518994e-06 6.484323193944874e-07 
-2.334085183974821e-05 -7.194440378910372e-05 4.0898986696902284e-05 
-0.00036516235923045315 -0.0004634010656445753 0.0003322354496049229 
-0.0014541362324962392 -0.0014687800903629977 0.000979300879407674 
-0.0031789360218681395 -0.003050583789445227 0.0012734588381135836 
-0.004330829193349928 -0.0039549352950416505 0.0009397678513778374 
-0.004327030328568071 -0.002871622913517058 0.0002676306467037648 
-0.004990756802726537 -0.002180543844588101 -3.2312440453097224e-05 
-0.005984500516206026 -0.0023219926515594125 7.702063885517418e-05 
-0.006462012883275747 -0.002053262520348653 -0.0005521111597772688 
-0.00669664703309536 -0.0023042577086016536 -0.002045870292931795 
-0.005231304734479636 -0.0019224632997065783 -0.0026590311899781227 
-0.0020539640390779823 -0.0005118436529301107 -0.001684009621385485 
-0.0003086262648821503 -3.1926513656799216e-05 -0.00035791540722129866 
-1.0597303859091745e-09 1.436806870529217e-09 3.175296085095036e-10 
-1.2087112630232433e-09 4.31641445503006e-09 -1.1344031061732984e-09 
4.934991970628744e-09 4.966687824903282e-09 -6.753445219720433e-09 
6.416811859644156e-09 9.552401453172266e-09 -9.53037293527359e-09 
-5.202896447009664e-09 1.5866033729883267e-08 -6.325394444339771e-09 
-5.236205358194468e-09 1.3084539007834906e-08 -1.2224306324137846e-09 
2.6023457389001692e-08 -6.2133307388023695e-09 2.1675285233335728e-08 
6.478221266092987e-07 -2.509703271869057e-07 4.537259385983816e-07 
7.06049229393102e-06 -2.972875435602873e-06 3.89435547276662e-06 
4.7136040393525036e-05 -2.5895806629705476e-05 2.245396808575606e-05 
0.00016014873472158797 -0.00010984013351844624 5.640478411805816e-05 
0.0001435508966096677 -0.00012478966527851298 1.4260456737247296e-05 
0.00021150663087610155 -0.00022598883515456691 -4.673831426771358e-06 
0.0006370595438056625 -0.0005337306138244458 -9.551954553899122e-05 
0.0004216935449221637 -0.0003095488791586831 -0.00017446392666897736 
-1.8031635413973124e-08 4.274033464646276e-08 -1.1116097804828723e-08 
-6.287904197321836e-08 1.681420978005832e-07 -4.55804712654051e-08 
-9.251548771516127e-08 3.517798394803151e-07 -1.1591191728665962e-07 
-1.179663549066845e-07 5.660555153497171e-07 -2.0486955065734946e-07 
-2.6016765630743066e-07 7.572680367218254e-07 -2.0548802570630187e-07 
-9.769107833790258e-08 6.131525402963689e-07 -8.719387922795363e-08 
5.518080996580466e-07 1.708690682278302e-07 3.641828527634061e-07 
1.0804673252096109e-05 -5.116940883453935e-06 8.98528276138677e-06 
0.00011615280163823627 -7.047000326565467e-05 7.860577534302138e-05 
0.0006142435377114452 -0.0004933471282129176 0.00037032590626040474 
0.0015986384532880038 -0.0015897653938736767 0.0007585605490021408 
0.0014458632504101843 -0.001537377858767286 0.00034464008058421314 
0.0012562550255097449 -0.001327569189015776 2.8333961381576955e-05 
0.002744664845522493 -0.0024814054486341774 -0.0005957857756584417 
0.001985452458029613 -0.0013659381947945803 -0.0013385326092247851 
-1.2126084403263349e-07 3.7350875281561e-07 -1.2617496181199783e-07 
-5.596214922576337e-07 1.6628253263206716e-06 -4.946635918656739e-07 
-1.4291540253452695e-06 4.266711911782295e-06 -1.2084195297745737e-06 
-2.48479790343481e-06 7.702847057089457e-06 -2.1526898237311798e-06 
-3.203535243301303e-06 1.0036718379069498e-05 -2.3904142949504603e-06 
-9.440918802283704e-08 8.207491191569716e-06 -1.4808025241563882e-06 
3.393631573089806e-06 8.27902127831237e-06 9.039992505677219e-07 
5.581261484621791e-05 -3.3657347557891626e-05 6.370236121711059e-05 
0.0006083155931264628 -0.0005462116350827273 0.0004935967917845119 
0.0025304091832367703 -0.002896205143770203 0.001731629658024758 
0.004772043971570383 -0.006466874678153545 0.002572752724518068 
0.0031643950896977913 -0.004433967220393242 0.0008783267257967964 
0.0007606924045830965 -0.000688067520968616 -9.187935938825831e-05 
0.0012864272575825453 -0.0009805497247725725 -0.0002011057804338634 
0.0013652256166096777 -0.0005231653340160847 -0.0018012398795690387 
-3.5968718936629784e-07 1.429923074169892e-06 -5.41336101278489e-07 
-1.8943537725135684e-06 6.758592178357503e-06 -2.2698476556115565e-06 
-5.7086381275439635e-06 1.8441826114212745e-05 -5.66254619016604e-06 
-1.0376612408435903e-05 3.2385951726610074e-05 -8.884266165409826e-06 
-9.253212738258298e-06 3.29761332977796e-05 -8.242103149314062e-06 
9.581581252859905e-07 2.1453946828842163e-05 -6.8828833263978595e-06 
-7.352456123044249e-06 4.4673965021502227e-05 -1.023271124722669e-06 
6.805006341892295e-05 -0.00011330332927173004 0.0002084870466205757 
0.0008863733819453046 -0.0015110249805729836 0.0011861347084050067 
0.0029302644543349743 -0.0057068636087933555 0.0029765110375592485 
0.004225786309689283 -0.008353252313099802 0.0028988898848183453 
0.0032255409751087427 -0.006357810809276998 0.0010700426355469972 
0.0015621699203620665 -0.002904026594478637 0.000770007512983284 
0.0008450445020571351 -0.001196396886371076 0.001259381155250594 
0.0013811136013828218 -0.0019464929355308414 0.00041182445420417935 
-4.977780054815639e-07 2.7348966682438913e-06 -1.1536834207959146e-06 
-2.9769537022161785e-06 1.3952443168818718e-05 -5.3093105520929385e-06 
-9.678478818386793e-06 3.987439686170546e-05 -1.365982711831748e-05 
-1.6142834283527918e-05 6.508768638013862e-05 -1.852737841545604e-05 
-4.399702447699383e-06 3.6840137909166515e-05 -1.3599317753687501e-05 
2.1534266124945134e-05 -2.1292929886840284e-05 -1.4294404536485672e-05 
4.296906990930438e-05 -6.006662442814559e-05 3.0434393011091743e-05 
0.00011303336941637099 -0.00044825261284131557 0.0004070863433298655 
0.00025615923368604854 -0.0015314507472794503 0.0013007030502194539 
0.00030815426725894213 -0.002381030237302184 0.0017496878572274 
0.0002597481070552021 -0.00012038997374475002 0.00011599448043853045 
0.0011299938196316361 0.0002460656687617302 -0.0007859329925850034 
0.0018232997099403292 -0.0017348870169371367 0.0008189576037693769 
0.0011811440926976502 -0.001838381023844704 0.0020537645905278623 
0.001066724769771099 -0.0030569316004402936 0.002214119303971529 
-2.7635274646442554e-07 2.61481116581308e-06 -1.2233346708967474e-06 
-1.921130873938637e-06 1.5691773796788766e-05 -6.609945330637856e-06 
-7.371512424469984e-06 5.203928049013484e-05 -1.9017715203517582e-05 
-1.3307674180396134e-05 8.407160203205422e-05 -2.2567915948457085e-05 
1.4413599274121225e-06 2.298102481290698e-05 -9.876195690594614e-06 
9.185444650938734e-05 -0.00016269017942249775 2.9018527129665017e-05 
0.0003746464499272406 -0.0007184760179370642 0.00024029030464589596 
0.0007947824778966606 -0.0018899301066994667 0.000763432850362733 
0.0005974976375000551 -0.002663321647560224 0.0012389007897581905 
-0.0008112143259495497 0.00023410236462950706 0.0006055953563190997 
-0.0006845734314993024 0.0045165615156292915 -0.0004618220264092088 
0.0020511254915618338 0.0062752957455813885 -0.0008744739461690187 
0.004122962738620117 0.005341436015442014 0.0005954412918072194 
0.003963102935813367 0.004396949720103294 0.0017930393223650753 
0.000926485750824213 0.0009383956676174421 0.000357501907274127 
-6.772269411925436e-10 1.1333940648228236e-06 -5.774227460619841e-07 
1.412471846151675e-07 7.590726909256773e-06 -3.42689338594937e-06 
-4.1174575926561374e-07 2.3380585844279267e-05 -7.722915142949205e-06 
-5.6520989346608985e-06 1.428925315849483e-07 1.1713320418493822e-05 
6.7759992816718295e-06 -0.00013583913096226752 5.690346733899787e-05 
0.0001297796270591789 -0.0005664228810928762 0.00020960159599781036 
0.00044174762660986744 -0.0018286064732819796 0.0005930502666160464 
0.0008279861895061913 -0.0036584779154509306 0.00100828378344886 
0.0008173870373866521 -0.004712405614554882 0.0008945452282205224 
0.00016534994938410819 -0.0017723870114423335 0.0004986804306099657 
0.002213649175246246 0.0051487990422174335 0.0009007133758132113 
0.005847978754900396 0.010271440376527607 0.0007980512909853132 
0.0040540404443163425 0.006830068305134773 0.00015371848712675273 
0.0019104580860584974 0.004164054762441083 -0.0005676189612131566 
0.00031439383747056127 0.0015499064757023007 -0.0007966888952068985 
3.084202870873298e-08 2.3235562451873193e-07 -1.243621596813682e-07 
2.9365924092417117e-07 1.1890715541085228e-06 -5.338910682439746e-07 
-1.8216239823232172e-06 -4.744483703689184e-06 3.773077423829818e-06 
-2.384656727372203e-05 -6.861584915895946e-05 3.91390458389651e-05 
-6.80092562106438e-05 -0.00026410089049022645 0.00011874509073095396 
-0.00014080767869018018 -0.0007887311512604356 0.0002840850211214274 
-0.00027625034272205085 -0.0018081628950312734 0.0005058411916252226 
-0.0004265781317371875 -0.002796833752654493 0.0006150800618343055 
-0.0004987443535355851 -0.003224939340725541 0.00029062345856800675 
0.0002199735026806593 -0.0013266595196910203 4.38180286437273e-05 
0.0027897775289602578 0.004066296038217843 0.0006745261489413679 
0.0034460595925338566 0.005851099966093898 0.0003702719695866108 
-0.000789179921412142 0.0009433862869627774 -0.001237787038917304 
-0.001771064751665108 -0.0003357426976435818 -0.0017163787051686086 
-0.00041559161036275327 8.007738870219328e-05 -0.0005727161624236032 
2.9632721970651588e-09 2.839263157916605e-08 -1.221570467002664e-08 
2.61155346237274e-08 5.961902616036241e-08 1.1443503922237142e-08 
-1.4315970133793599e-06 -2.90223272259027e-06 2.0915867935400456e-06 
-1.731584325170843e-05 -2.836456314980751e-05 1.814987263060175e-05 
-8.31390807434218e-05 -0.0001330172199232038 6.705276700813556e-05 
-0.00024660909912199713 -0.00040354942029807717 0.00013289941853145137 
-0.00044609420001506805 -0.0007242435385705903 0.00015164638898568228 
-0.0005813755269628018 -0.0008525069279130548 0.00012607007374754176 
-0.00075724528869614 -0.0009180829219985753 5.004878039471805e-05 
-0.0006983732382650487 -0.0005850097804795951 -2.586682967375964e-06 
-0.00039545201434521005 0.00021698969203498564 1.7306767404079437e-05 
-0.0007117889254004695 -1.1694957720465027e-05 -0.00030598623254718404 
-0.0012191939749754965 -0.0006645716857747175 -0.0006172333596623503 
-0.0006282124422796187 -0.00030632966809207574 -0.0004514682004810311 
-9.65903982432792e-05 -3.193287784597487e-05 -0.00010278267268404306 
3.6524490959284394e-12 -1.360120166827234e-12 -3.1238174797555636e-13 
-1.3801681321521254e-11 2.824484508007674e-11 -3.5095977705501373e-13 
-6.642553988681164e-11 8.352041129690681e-11 -1.6622371586946317e-11 
-1.8558941590560846e-10 1.7881007900743835e-10 -4.039909289803127e-11 
-3.526755326579284e-10 3.6642008374168037e-10 -4.9075061885322374e-11 
-3.9567408962985773e-10 4.566565808220707e-10 -6.665313739579338e-11 
1.2511622085598084e-09 -9.93509246659946e-10 1.4804143744218123e-09 
6.896245752230357e-08 -5.181003071008661e-08 5.44745666353208e-08 
9.485706549128281e-07 -7.54794985624585e-07 5.781298959561809e-07 
5.501882014868897e-06 -4.593739049596479e-06 2.1957798423954955e-06 
1.2166521514700435e-05 -9.7422212093079e-06 1.2306168173381593e-06 
4.4006446842104197e-07 3.3297865229542367e-06 -7.625538273714483e-06 
3.84177292289678e-06 -4.383646228234284e-06 -4.567978294289787e-06 
5.1796083425870165e-05 -5.3188980018603615e-05 -1.0114917479597807e-05 
3.7372365113697015e-05 -3.368879242771072e-05 -1.7994047880165454e-05 
-1.1229722680179341e-10 2.8250848620907983e-10 -8.852600775235931e-11 
-8.661372140339463e-10 1.8711846810513452e-09 -4.684377157275921e-10 
-3.03176332042826e-09 5.9111917118971624e-09 -1.4479980542646828e-09 
-7.360321234439748e-09 1.3629464072108244e-08 -3.2352370595879754e-09 
-1.3189090847243179e-08 2.5172728929101496e-08 -4.8668917511547616e-09 
-1.3957224764826748e-08 2.9630817049985936e-08 -4.2506806581521506e-09 
1.693602058594479e-08 -4.795238761623466e-09 2.8876479540862476e-08 
9.343159845798255e-07 -8.819101324775147e-07 9.089999792877279e-07 
1.2002947983091872e-05 -1.268971743684233e-05 9.19357603379467e-06 
6.770171239622869e-05 -7.980597183632199e-05 3.911181829607813e-05 
0.00017271330125367967 -0.00021906517577008344 6.241463756850862e-05 
0.00013210245924710762 -0.00015308519141399302 -1.2213554327900056e-05 
0.00011286456719972193 -0.00011835206532850862 -2.5040913897100836e-05 
0.0002782443043543026 -0.00028867265791632235 -7.360458766925149e-05 
0.0001599273382453248 -0.0001120469969464466 -0.00015059931956784567 
-1.4592522636211122e-09 4.3937372728834745e-09 -1.5193907069999124e-09 
-1.0183756758014306e-08 2.755121652348036e-08 -8.141822164381418e-09 
-3.990449724822209e-08 9.786617163887179e-08 -2.628268423732205e-08 
-1.0716303822100315e-07 2.4981621926656317e-07 -6.105801572675595e-08 
-2.0039637727009563e-07 4.770809862719716e-07 -9.89811841378696e-08 
-2.346368841443791e-07 6.05168123612998e-07 -1.0067484712550367e-07 
-1.2869534060655496e-07 3.8974620153453543e-07 8.020250774620763e-08 
3.0633937058155425e-06 -4.5364556626736885e-06 4.670119551519747e-06 
4.64133991044946e-05 -7.372830734908575e-05 4.773948421643581e-05 
0.0002666160580702126 -0.00044472496847447474 0.00020135488932737644 
0.0006792599015170708 -0.0011605119584601198 0.0003287682993686758 
0.0005825788175570779 -0.0009640202188165858 7.179904423537664e-05 
0.0002657493459992111 -0.0003086786309722811 5.6643526477273554e-05 
0.00032485666451975703 -0.00022700277622789145 4.4965738197788596e-05 
0.00030711336876265705 -0.0003391749341972172 -0.0005109077683300711 
-5.8355470265031295e-09 2.366975154419193e-08 -9.084060158606744e-09 
-4.43906340019673e-08 1.56705479925634e-07 -5.2643417375319856e-08 
-2.0039398407334374e-07 6.177044298283363e-07 -1.8555172154322008e-07 
-6.115348671897891e-07 1.7240933578577256e-06 -4.5317370744868413e-07 
-1.2577811787650717e-06 3.4776594475260936e-06 -7.723046078211837e-07 
-1.7047920977120157e-06 4.839432278913591e-06 -8.865360072718431e-07 
-1.5823727821384637e-06 4.2248559282143106e-06 -1.7714184252781706e-07 
2.5970040837819397e-06 -1.0049822890323412e-05 1.1570825677154062e-05 
6.335517718980554e-05 -0.00018288152023160364 0.00011110886589449365 
0.0003645391152531374 -0.0009588518878445029 0.0004319189101806842 
0.0008658066508360207 -0.0020045737037435174 0.0005581982841249555 
0.0013178656809031963 -0.002832770987879485 0.00044529414299177006 
0.0015478118948522024 -0.0033910438360180706 0.0011347532854415476 
0.0012937728606630117 -0.00379851704929024 0.0009355641377624124 
0.001288564846618101 -0.004581023007631302 -0.0013915083254687488 
-9.369086551719308e-09 5.79031395192553e-08 -2.454406922841601e-08 
-8.351695673924908e-08 4.292253801274626e-07 -1.616405916893271e-07 
-4.460998486166545e-07 1.9358517135970033e-06 -6.466874449273519e-07 
-1.5556379864278824e-06 6.034288205114535e-06 -1.7176063806800812e-06 
-3.532232881298114e-06 1.3111779935570667e-05 -3.142411429735148e-06 
-5.278192134028359e-06 1.9974186216131784e-05 -4.045530431540101e-06 
-4.500682962316205e-06 1.818724012991879e-05 -1.1335501142184512e-06 
9.647330898587825e-07 -2.0357180801511277e-05 2.4325283447979018e-05 
1.6989921050480916e-05 -0.00020858840662185685 0.0001481619674450485 
0.00010615049541229382 -0.0007681572169531137 0.0004492380321607925 
0.00023535230138804764 -0.0008588215569034219 0.0002494976215530187 
0.0009157049062196165 -0.0018888800987042487 6.238906735234195e-05 
0.0013124668330419809 -0.004317835089750588 0.001372798695228994 
-0.00028036642470397055 -0.0068036134471185505 0.001534751063445583 
-0.000604493856371846 -0.007391983468551189 -0.0008860489906510338 
-4.736734691111744e-09 6.711043676332906e-08 -3.1227362751184984e-08 
-5.385500662091758e-08 5.925249357829898e-07 -2.4584298929930526e-07 
-3.634211385161734e-07 3.155519316067057e-06 -1.1478057226899097e-06 
-1.5205365428982986e-06 1.1110213478104924e-05 -3.3882121783790353e-06 
-3.891962137458904e-06 2.6436542839292088e-05 -6.755794515811431e-06 
-4.908639084533206e-06 4.155637179792393e-05 -8.585645900893724e-06 
4.40834992332384e-06 2.477838279446587e-05 1.3325761756277643e-06 
3.5125427530147135e-05 -0.00010615263454383239 5.6676393796806224e-05 
2.588081952126231e-05 -0.00034453138141543604 0.00017809488053899258 
-0.00016006459190975875 -0.0004646402667276561 0.0003952201805077493 
-9.108660742640495e-05 -4.7541107051074505e-05 0.00030251138377934694 
0.0008969254340627231 0.00022194278426468372 -6.601144559681416e-05 
0.0017900405073305592 0.0002182481111958623 0.0005647742436849512 
0.0009538615558994934 -0.0005309913249220699 0.0013343803584575653 
-0.0003899219173035817 -0.0019322056323289871 0.0002945378073491156 
1.2722168761178376e-09 3.590090322247441e-08 -1.7982648314873728e-08 
1.4676740350827444e-08 3.783524054057352e-07 -1.6857695195326983e-07 
6.139757235956722e-08 2.3252665499740033e-06 -8.915962865785332e-07 
7.398643653289128e-08 9.245987030226388e-06 -2.9500286018446786e-06 
1.4999423569861392e-07 2.4438714717689436e-05 -6.419022611225955e-06 
3.365618567841011e-06 3.311180080345366e-05 -5.578417585638817e-06 
1.7936979020305444e-05 -2.095427771564573e-05 1.1710317266988568e-05 
4.668731344281696e-05 -0.0002480301045579836 7.355856359936297e-05 
3.071751962124836e-05 -0.0006431977089960128 0.00016421918735431973 
-7.189022471720818e-05 -0.0006160707325761905 0.0003428024374443339 
0.0005355666989999008 0.0007534417090937495 0.0004958995923516341 
0.0017448277067160234 0.0021037196274846792 0.0003392611406525248 
0.0017558664840180427 0.001849545631557703 0.00035124231362715364 
0.0012838919665227877 0.0015467942866962403 0.0005821633035338891 
0.00034612479430506937 0.0004064046297571622 0.00024001701240194961 
1.1478466805520116e-09 8.892217212563835e-09 -4.565081007656957e-09 
1.557754236714004e-08 9.792778943307212e-08 -4.403881082026828e-08 
7.43981125594928e-08 5.708991892561244e-07 -2.033002139967266e-07 
2.3415633165768668e-07 2.452765670568624e-06 -6.827183085533761e-07 
7.148425993364071e-07 6.7603828028950375e-06 -1.3583608051703777e-06 
7.397695753752487e-07 1.0422027116874233e-06 1.5924315448501147e-06 
-1.959300789167173e-06 -4.5003929699305445e-05 1.072536724677775e-05 
-1.2811606211471371e-05 -0.00017127352475654334 3.2739715607021935e-05 
-3.556285628292244e-05 -0.00039773226308170706 5.609093568637036e-05 
7.033395741018467e-05 -0.0002989668573718518 0.00011726907905540429 
0.0007504957848141203 0.0008867709038895555 0.00024153368849511025 
0.0012109025847166777 0.0015355263894889504 0.00018036844448943157 
0.00042006737930933014 0.000551842269487679 -5.826532287755981e-06 
2.2000509488862008e-05 0.000138070885441266 -4.105171683477238e-05 
2.261478039145004e-05 5.603658928521327e-05 1.8417499632050749e-06 
1.3322025644094126e-10 1.026568984333065e-09 -4.67080020494226e-10 
2.1331091754062115e-09 8.552106411929827e-09 -3.002910906046985e-09 
-8.554857267029092e-09 2.898797646366802e-09 1.6097832400419065e-08 
-1.7359067783218052e-07 -1.372201552385377e-07 1.7488235215523673e-07 
-1.0809112040988111e-06 -1.1914171409443952e-06 7.959855565786711e-07 
-4.185918896837393e-06 -6.593071702809539e-06 1.9875180896633537e-06 
-8.851212442095857e-06 -1.5902474842732772e-05 1.3098760973662138e-06 
-1.3956878319731914e-05 -2.5881367037072778e-05 -7.162975634855684e-07 
-1.9766184777836315e-05 -4.894198355032131e-05 -3.6237697713659145e-06 
1.2983378837816417e-05 -2.242865230073221e-05 2.769388629531022e-06 
0.00011778547627727676 0.00013639688131661387 2.685822437342722e-05 
0.0001104105595004512 0.00013838282166034332 3.966566509916447e-06 
-2.7671027737596887e-05 -1.2788961612386629e-05 -3.083079741372785e-05 
-3.6532195736072026e-05 -2.440902562739211e-05 -2.6773882154884632e-05 
-3.9485138358941185e-06 -2.637437631847206e-06 -5.254855864222918e-06 

0.00014335593355015728 7.673990546413698e-06 0.000500389433704001 
-9.569746875316872e-05 -0.00013225507679437594 0.0007653165350900255 
-0.00010507933674832248 -7.654528620752634e-05 0.0002649541286477115 
-9.021956854584397e-06 -5.89236350419665e-06 1.7101355640329602e-05 
-2.0769841659017223e-07 -2.138170904569492e-07 3.366480204826178e-07 
-9.671084253897555e-09 -2.0134388546915534e-08 1.3614243798552403e-08 
-7.109329826005449e-10 -1.526947178142124e-09 8.760633568763611e-10 
-9.528347314809931e-11 -9.463106885317288e-10 -6.376318001777031e-10 
-7.906812441912437e-10 -9.203589338640664e-09 -5.195876537174702e-09 
-6.939578368836989e-09 -2.3228419248871474e-08 -1.1180270360202374e-08 
2.2541019128099366e-07 5.556530579527036e-07 1.9203938951307504e-07 
1.4562564443058449e-06 3.9489302202051145e-06 8.217730849917152e-07 
1.5653914246121944e-06 4.977784608174238e-06 1.915320121911087e-07 
3.487706992999391e-07 1.2791773596285786e-06 -1.365926793719397e-07 
1.4489340000328127e-08 4.919243180427521e-08 -6.58115857690325e-09 
0.0005634336113728251 5.636480457748075e-05 0.002229792045149475 
-0.000271152084845629 -0.0008292660274057152 0.003234716110171038 
-0.0003357112005094756 -0.00048700051601039546 0.0012272849070218655 
-2.894765651423266e-05 -3.891510748991426e-05 8.506910932164896e-05 
-8.688006876587118e-07 -2.048423285052296e-06 2.2048685450918654e-06 
-9.0956147715931e-08 -2.705313983496704e-07 1.6784859379023872e-07 
-7.156332023301688e-09 -2.1968102896018402e-08 1.20460192953642e-08 
-2.2104348842563662e-09 -1.5629429523642807e-08 -1.2356138636846733e-08 
-1.4724939897854591e-08 -1.1549126062431485e-07 -7.593039759407146e-08 
-8.068333279407478e-08 -6.716860886865052e-08 -9.21775632322096e-08 
9.073938943327019e-07 3.96663819851546e-06 9.61779980696458e-07 
4.292060982047935e-06 1.863792031144247e-05 2.7981524293232285e-06 
3.845886968513787e-06 1.923405223281682e-05 1.0339581640044393e-07 
1.1867149051506077e-06 4.690084560147921e-06 -4.979135908932025e-07 
1.4012376967183167e-07 2.1914916793577987e-07 -2.2550775767864436e-08 
0.0004895891952333038 7.151934053070338e-05 0.003068471094859298 
-0.00012742640494822766 -0.001649567548048743 0.004225372787833951 
-0.00021617461454727545 -0.0009353786277587137 0.0017598332419257478 
-1.6038214534368905e-05 -6.780545819423482e-05 0.0001235269190079894 
-1.3627239284885712e-07 -4.404836601873088e-06 3.93032678086863e-06 
-3.02517208025029e-07 -1.2048048744554816e-06 6.428020523191998e-07 
-7.255333841216762e-08 -2.1753378999404996e-07 7.555257149249478e-08 
-2.1950978174791832e-08 -1.2271016907238537e-07 -6.152062149604527e-08 
-1.1947191646441807e-08 -3.217227766809989e-07 -2.077430069193366e-07 
-1.9573807586716505e-07 1.3616985210297716e-06 4.6975444278921856e-07 
7.459534797154773e-07 9.029669240921928e-06 1.9992953212416965e-06 
3.6484887989166795e-06 2.2311589532894843e-05 2.6954774348722973e-06 
2.843703522679606e-06 1.601370393583971e-05 7.873897623225402e-07 
1.2651476072729102e-06 2.4719448668121487e-06 4.957556249279385e-07 
2.137695919393717e-07 -5.8403254342911646e-08 1.5847058881844292e-07 
0.00019550979838742558 0.00039168571633239023 0.002607791913717036 
-3.024075228184181e-05 -0.0012500695243641106 0.002853091090265691 
-0.00010478554915191798 -0.0007269675759673487 0.0012075868430133302 
-2.4212508179119897e-05 -6.163152585057286e-05 0.00010640103299229889 
-9.239149472634598e-06 -1.877339271870948e-05 1.2563510725734322e-05 
-5.659435985393978e-06 -1.0924543291717962e-05 4.739037904295127e-06 
-1.9248841006915244e-06 -3.785668912367058e-06 1.1370442372053332e-06 
-5.884878118345069e-07 -1.3213780073707515e-06 1.538853016669284e-07 
-9.6751513127228e-08 -4.2839064652032593e-07 5.921310493540209e-08 
-3.5115417882151495e-07 4.1434710185473645e-06 2.4673167971235837e-06 
-1.8631993628926823e-07 7.886081115988301e-06 5.103477150385075e-06 
2.0943048807469614e-06 2.3036912642554805e-06 5.2746488594875045e-06 
2.276545275890593e-06 -3.315432243738948e-06 4.158277358125172e-06 
1.072801586093281e-06 -2.5168434672483666e-06 1.8886989450209752e-06 
1.5860333904678657e-07 -3.871549372491012e-07 2.6897025010400793e-07 
-0.0005032831281634332 0.0014958773973052252 0.0019263491209316782 
-0.0004668119695858293 0.0010979093778862511 0.0008389924358956531 
-0.0002209491877261608 0.00040749323255493157 0.00019647449660791134 
-9.376526278977258e-05 -3.088319679880533e-05 0.00013299828712785193 
-3.5458773546604414e-05 -7.016247943692687e-05 5.293322409256966e-05 
-2.3002252736232436e-05 -5.133554876206802e-05 2.1430097893292176e-05 
-1.0056667950028784e-05 -2.1936782536454392e-05 6.818879163203731e-06 
-3.970418616678645e-06 -8.545836476542363e-06 2.157707053929758e-06 
-1.605239323730371e-06 -3.4397910936258153e-06 1.2289651351368279e-06 
-8.691164175613766e-07 2.5480264993612076e-07 2.7810448231780597e-06 
-1.7099714962393508e-06 -4.558875809549245e-06 5.38318319863558e-06 
-1.0684647904796608e-06 -1.6265782670828647e-05 7.1271263249254836e-06 
-7.808385211947359e-08 -1.3301851560061618e-05 5.592119651638869e-06 
9.04453620877213e-08 -4.248535501992885e-06 2.0965197323423345e-06 
1.7486134635450415e-08 -4.518244775197604e-07 2.4979350015334013e-07 
-0.000972274278438494 0.0016598257422936534 0.0010507986260125512 
-0.0009880473353112962 0.002559407910362942 7.684094317527562e-05 
-0.00043036064006996 0.0013741083293563995 -0.00015998718703916746 
-0.00024438633879692723 1.9424152149096797e-05 0.00024721629327928863 
-0.00010679084223711843 -0.00010760297278269862 0.0001187803990192601 
-4.520375321897261e-05 -6.573648468209366e-05 2.960476464059468e-05 
-1.8000910317392407e-05 -2.765201767941021e-05 9.669155189235748e-06 
-8.343541157844784e-06 -1.2726034873710988e-05 4.249457538969744e-06 
-4.761865809512861e-06 -9.204299651916624e-06 2.2355067191002814e-06 
-2.3960703364918888e-06 -5.8845854173692304e-06 1.6011476254399422e-06 
-3.493429457870987e-06 -1.2283787856809012e-05 3.1841253352475706e-06 
-4.135999631427239e-06 -1.8213570445140394e-05 5.21060484644524e-06 
-2.2095160312425665e-06 -1.13566392213323e-05 3.98796314943142e-06 
-5.421973559911801e-07 -3.250762111597494e-06 1.4696844419165001e-06 
-4.948621813750391e-08 -3.2838846443370605e-07 1.772718917352224e-07 
-0.00041587860097306163 0.0005127473009164441 0.0002891855226158221 
-0.0006378726055397449 0.0011892554540483035 0.00011813820990890596 
-0.0003376128595590465 0.000837041561567369 -4.624397160663159e-05 
-0.00020093430788583645 4.1383186488567624e-05 0.00015467905913264877 
-0.00012038199672478878 -8.520676248448939e-05 0.00010376529029877592 
-4.755676129244036e-05 -2.8044103952717275e-05 2.0341514328849368e-05 
-1.5012753281398532e-05 5.061017821014004e-06 4.069102330879669e-06 
-6.239139726510858e-06 6.295890867197903e-06 1.4208059378438835e-06 
-3.929723986770067e-06 -1.844729844426934e-06 6.214008312238503e-07 
-2.0994066612821036e-06 -8.10161404801657e-07 2.1703127310931388e-07 
-2.7995582596066854e-06 -2.2418533703277896e-06 5.263219314069682e-07 
-3.6757672238015403e-06 -3.936119486431702e-06 1.0530209927389243e-06 
-2.0560328666468485e-06 -2.6253192689253798e-06 9.262859989328503e-07 
-4.817189088583531e-07 -8.230926288587577e-07 3.821483016302159e-07 
-4.1833606605825475e-08 -8.705560688592858e-08 4.6889280286166614e-08 
-2.382174691099181e-05 2.209716349747626e-05 1.0905179381033158e-05 
-8.658054802801078e-05 0.00012159043459913384 1.7756951997087292e-05 
-6.671812960256876e-05 0.00014264370938147817 -1.2915762119949242e-05 
-4.1232010020645325e-05 3.997688340422114e-05 9.17686956400821e-06 
-3.794521688016097e-05 -1.3647109171444982e-06 1.805434045936186e-05 
-2.241681176096762e-05 6.6569635569493565e-06 4.938289888458303e-06 
-1.028836332219089e-05 1.804937233045262e-05 9.99772657126304e-07 
-4.835170996621285e-06 1.5841239841029713e-05 -7.04440050959185e-07 
-2.6187647759860167e-06 6.86725216346629e-06 -1.0348592187661406e-06 
-1.0472177973897317e-06 3.0262009991643217e-06 -3.1763167936467603e-07 
-7.498664520490577e-07 1.6709711066654144e-06 -1.9917114672795185e-07 
-1.2657199348025443e-06 1.2779427483549993e-06 -3.0340844531523047e-07 
-7.92716985378683e-07 5.203069842773845e-07 -1.5080908601379523e-07 
-1.9288100578717843e-07 8.080573564161321e-08 -2.664122611978696e-08 
-1.631267649194242e-08 3.5633657792268943e-09 -2.32660318199929e-09 
4.322319681695448e-06 -3.0865448921557505e-06 -2.801589079363855e-06 
9.008606046343317e-06 -5.756738534637641e-06 -4.791345791415631e-06 
1.1417236453669676e-05 -4.760004124577655e-06 -5.558032471716413e-06 
6.251367814305792e-06 -4.9312912854650246e-08 -3.3615590642913995e-06 
6.177240391057814e-09 2.6234772092041106e-06 -1.4914611369937048e-06 
-1.025252379318871e-06 1.5954720701064084e-06 -8.171019424907877e-07 
-9.242293356892805e-07 2.036195205679819e-06 1.007399530344693e-08 
-5.631186411252473e-07 2.391097240209128e-06 -8.460429791795398e-08 
-3.2468647058111276e-07 1.313039361956805e-06 -1.8655764252365728e-07 
-5.0093770379203744e-08 4.874845086264521e-07 1.5291886252105896e-10 
1.003502555054753e-07 2.185187801095303e-07 -1.870329868833987e-08 
-8.302075654417276e-08 3.4282985239392157e-07 -8.136507601331186e-08 
-1.0490074009343793e-07 2.1010772330141143e-07 -6.52031322803861e-08 
-3.1125672621007167e-08 4.935150622577728e-08 -1.9958173957063624e-08 
-2.660583350553846e-09 3.623679134758609e-09 -2.0102480200755245e-09 
0.00025414876687148043 -9.649208314222552e-05 0.000742359388866496 
-0.0001690836571730074 -0.00020616438856417433 0.0011021791931743853 
-0.00021410689202220386 -8.406432248208025e-05 0.00039176041604406953 
-1.9150677852048422e-05 -5.871100692925635e-06 2.3154396007133175e-05 
-7.645173474095324e-07 -1.141757563162378e-06 7.750787978047495e-07 
-1.1832221369762893e-07 -2.3235112706498312e-07 1.4784954623776033e-07 
-1.1583180022942062e-08 -2.2530915253454596e-08 1.3458746511494418e-08 
-5.020370048141773e-09 -1.2291446957766475e-08 -1.0692033754810119e-08 
-8.903605097816278e-08 -1.1986892185115512e-07 -1.1541007082614246e-07 
-3.6077925642590355e-07 1.1279588575241111e-07 -1.3691133802736484e-07 
1.0559726785834631e-05 2.010709268777781e-05 1.0344939106799874e-05 
5.697293801211955e-05 0.0001194118884538303 3.841438137453348e-05 
4.782463369419339e-05 0.00014007357274866306 1.054366323364911e-05 
3.6313311338282903e-06 3.2267062228897485e-05 -6.587634516145961e-06 
-6.051285931075556e-07 1.1538686395319337e-06 -1.7369070819895564e-06 
0.0009337743863351506 -0.00040153490046425724 0.003069323986519868 
-0.000448952735554928 -0.0008777157416812523 0.00412046534535712 
-0.0005962741313708213 -0.00034309608628527513 0.0015172162721562264 
-1.6393506056682633e-05 1.6547084566266752e-05 3.35815667776801e-05 
1.5081489837965993e-06 -3.44425847951751e-06 -1.1641202984953315e-06 
-7.456533220216576e-07 -2.343750576333933e-06 1.4567032296812387e-06 
-6.128626422793645e-08 -2.7466600085226365e-07 1.7095939614113477e-07 
-2.190668887259605e-08 -1.709584993580899e-07 -1.5735116177317521e-07 
-6.399634450440153e-07 -7.366637343728334e-07 -6.340793319872898e-07 
-7.119030102636378e-06 2.5329849396320736e-06 -2.75276619896589e-06 
1.6854025781515552e-05 0.00010138607321162878 2.486741637159934e-05 
0.00011218484709938237 0.0004727498930755052 8.110202806317017e-05 
8.373833236949377e-05 0.0004860101780594196 -1.3118768222069406e-05 
2.2073788349549653e-05 0.0001200704602589565 -2.6786494492548902e-05 
2.981472947686159e-06 6.658901307421461e-06 -4.166498034202312e-06 
0.0007334351146930061 -0.0003301077081165754 0.003717493711425447 
-0.0002779654586530303 -0.0010244358389624453 0.0044558335017315775 
-0.00025023656340019546 -0.00021755683696460942 0.0016612284021243293 
0.00018340284670227257 0.000374299365830345 -0.000238072580842243 
5.3737659367053406e-05 8.245150058457343e-05 -6.197734109160457e-05 
5.967174280156242e-06 3.1996169241265855e-06 -1.7857235823782162e-06 
1.2566453729296235e-06 -3.2052866468343483e-07 7.613905266001717e-08 
4.95968037383298e-07 -5.039785251193424e-07 -6.026054920977395e-07 
1.2125573442427058e-06 1.0674835880738838e-05 9.704525572966252e-06 
-1.3370373770162786e-05 7.932148802788637e-05 3.757943741119845e-05 
-4.490612461287367e-06 0.0002182484416028297 3.957779425546853e-05 
6.613230734472822e-05 0.0005242519531041147 3.661499591226924e-05 
3.3405103131324033e-05 0.00040470528424419675 -3.187487281100076e-05 
1.7692490261473704e-05 7.167899055884018e-05 -1.1130131410698658e-05 
4.056375508407412e-06 1.3662725987060459e-07 7.600297792392411e-07 
0.00024771705542892854 0.00041781270900684113 0.003056622319050125 
-0.00033172002071389997 -0.0003578625258528049 0.002769908277727333 
-0.0003230543433205262 -0.0001608454062503109 0.0013098775252660907 
0.00010241096884678214 0.0004348699713000205 -0.00015285183884640062 
0.00010116422231931665 0.00015748833545770188 -9.54660137154307e-05 
1.3640171981369777e-05 -5.214557070792864e-06 -6.025738853487504e-06 
4.085930342245075e-07 -1.0548140935294639e-05 9.740292759963893e-07 
3.89886828717245e-07 -4.518737254861164e-06 8.430742449878757e-07 
4.059948451381773e-06 4.990344504797002e-05 4.3840273140282934e-05 
-1.659289399177373e-05 0.0002656071892328927 0.00015432937557510382 
-1.930429103978379e-05 0.00030357771619879707 0.00013710460300232546 
3.73473924305881e-05 0.0001771386999127318 6.50068624584838e-05 
2.323764032516795e-05 4.714594500165696e-05 1.99722275475414e-05 
1.256713860867825e-05 -2.1950927569032073e-05 1.7241686924609703e-05 
2.541468934930483e-06 -6.715887936812179e-06 4.1599504311196945e-06 
-0.0005897444266794918 0.0013013511488985385 0.0030374493300456976 
-0.0006630971909968772 0.0012026834996263017 0.0010682705493702815 
-0.0007070622718610819 -0.00012407959562412297 0.0009460309593456902 
-0.00039868291172154464 -0.0008244077495481467 0.0009085923717158523 
2.031902037019596e-05 -0.000308219346530605 0.00023393581617305384 
1.1124570566802515e-05 -0.00013858758107411853 1.9979796509149916e-05 
-1.1563289003169077e-06 -4.4069556978450436e-05 3.181891292290402e-06 
-2.2558342266931807e-05 -5.5786548123543025e-05 1.3784964697811952e-05 
-2.3510886631160333e-05 -8.443960295904992e-06 5.29098966970578e-05 
-2.3588979950687496e-05 0.00017371127320399274 0.00013186484937763115 
-4.7181948989310184e-05 7.765869717114106e-05 0.00013337002410574632 
-2.4178666931172314e-05 -0.0001155613200694174 9.637380529691386e-05 
-2.5116613584961426e-06 -0.00010997644481501709 5.06296934738124e-05 
1.5063480194276975e-06 -5.151946182950813e-05 2.4181743634365136e-05 
2.500826322118847e-07 -8.270903385369556e-06 4.444390767977382e-06 
-0.001625797219705169 0.001673691564883715 0.002579801113011789 
-0.001309310290692308 0.0026823624581165852 0.0004587634491894127 
-0.0010093673540192243 0.0009211160859062583 0.0005378236734571162 
-0.00131928576128746 -0.0017324548770171677 0.0018983912915248998 
-0.0007725867575805768 -0.001280347332882733 0.0009429239650973024 
-0.00026078376837568133 -0.00035427358838435296 9.217038331179022e-05 
-5.4692872430965427e-05 6.352958848720037e-05 -3.138320320418249e-05 
-0.00010328948929681607 -0.00011409175345068875 2.921759432684707e-05 
-0.0001151912470507483 -0.0002132804585189706 4.54480235818329e-05 
-5.354867134476282e-05 -6.299513562426501e-05 4.588897406179412e-05 
-8.929635306298726e-05 -0.00015794820706691113 7.461874724888339e-05 
-0.00011324705297417704 -0.0002106424939180663 8.185512489378242e-05 
-5.678094121737865e-05 -9.558625927169888e-05 3.458814373235524e-05 
-1.2086351173183949e-05 -3.333637375352029e-05 1.2384091077141158e-05 
-1.0952108108923604e-06 -5.420471895295663e-06 2.7438743965579135e-06 
-0.001211253564723719 0.0007870115142608212 0.0011478159445040478 
-0.0013297237244951528 0.0016303199923627977 0.0005237086299701432 
-0.0005700720581672328 0.0008352849537675159 6.588448658783469e-05 
-0.0009775681692889941 -0.0009028438105933179 0.001047655636617995 
-0.0010257524440765017 -0.0010402991866786237 0.0008342597983748579 
-0.0005023028384611682 -0.00012918711427612785 0.00011012838872018899 
-0.00013907131936968103 0.0004463835268642127 -5.474071873347915e-05 
-0.0001006053245090155 0.00022059325373462212 -7.498462204847192e-06 
-0.00010741794950487691 -2.0132544282582508e-05 3.515567998004475e-06 
-5.576080729356248e-05 9.021117855336065e-05 -2.8235932624642163e-06 
-8.482593576893821e-05 0.00011806678893047233 -4.248692797226262e-06 
-0.00012542545803655982 0.00010874721881410547 -2.0041149681647875e-05 
-7.272666636718285e-05 5.620323813546057e-05 -2.0063580979529094e-05 
-1.534496439311988e-05 5.326654951171723e-06 -4.2269160319168746e-06 
-1.150859271139223e-06 -7.384136882057766e-07 1.530887624154459e-07 
-0.00018518086199385153 7.856385399272021e-05 0.00013385715908029042 
-0.0004079479232805955 0.0002941762855688287 0.00017620704432513943 
-0.00022902955205675313 0.0003084130706071655 -2.558450559329503e-05 
-0.00038275833639127115 0.00019306700592280077 0.00010223274935949617 
-0.0005600181808518034 0.0002495888219959507 0.00012037461618828651 
-0.00040695392722624006 0.00046646987827369136 -7.902023309440051e-06 
-0.00019887871498824113 0.0006390662196872014 -2.240638553266806e-05 
-9.726904191969046e-05 0.0005141888227329404 -4.688519964708964e-05 
-7.10892573117679e-05 0.00029870341339463275 -6.05396236795638e-05 
-2.320549934959091e-05 0.00017158191540977605 -2.268528229356086e-05 
-1.9119383345474455e-05 0.00012289721986790607 -1.5437838420536592e-05 
-5.335801248817411e-05 0.0001251204779703112 -3.278245831362796e-05 
-3.356342513240174e-05 5.840956157927168e-05 -2.049624414725569e-05 
-6.814971064101694e-06 9.42288560897908e-06 -4.537344459704518e-06 
-4.7034881344675896e-07 4.1070970580915627e-07 -3.1523910876296297e-07 
8.1121324539779e-06 -4.356043008297685e-06 -5.862888484747742e-06 
4.0384190609531385e-06 -1.1107430265836415e-06 -4.674161687340413e-06 
-3.712656047474383e-05 3.511646528633677e-05 -2.56566738820606e-06 
-0.00016210892045583829 0.0001388029036874797 8.01415818042924e-06 
-0.00023057725113043268 0.00022801106052022964 -9.797390754378698e-06 
-0.00017591274762287975 0.00023946046632585699 -1.9730730365368366e-05 
-9.691678894202266e-05 0.0002312359337388087 -4.875139194545535e-06 
-4.0024754635019236e-05 0.00019433323760489158 -2.0804696430689077e-05 
-2.0912552798039866e-05 0.00012080041238150081 -2.8561020875656753e-05 
9.98736769907381e-06 3.1675134410409774e-05 -5.708017507050273e-06 
1.8756568279322967e-05 -1.3956308800403298e-06 2.9157549515383587e-06 
1.7919315451723502e-07 1.2977641785868517e-05 -2.994042139986425e-06 
-3.2746846520583233e-06 8.488507532180141e-06 -2.791726011361331e-06 
-8.036535753091063e-07 1.6063077884985397e-06 -6.851185968005009e-07 
-6.08663383354478e-08 9.518614310884551e-08 -5.9530258164425216e-08 
7.843942159473788e-05 -6.308552603933974e-05 0.00025938728222443244 
-0.0001425443075070143 -3.046723617847538e-06 0.0003957428336754439 
-0.00014728812911268883 6.82463143138988e-05 0.00012415300507182176 
-1.3581123748204532e-05 1.4557470258955586e-05 -3.2277386322016413e-06 
-1.7558623359192508e-06 -1.3282145245453427e-06 7.143426966256481e-07 
-4.82665984003679e-07 -6.325292110758472e-07 4.6559742724474755e-07 
-6.446393995963202e-08 -9.769444282775566e-08 6.838496801198547e-08 
-9.519527080906401e-08 -5.296674223164606e-08 -9.648934949598804e-08 
-1.8834081139297988e-06 -6.376054643570269e-07 -1.5398463306285308e-06 
-8.997100286242508e-06 5.204832339027237e-07 -5.145314127426862e-06 
9.359132284627344e-05 0.00010058111278092021 9.047044298402169e-05 
0.0005089449616604456 0.0005204594895851355 0.0003789919832487181 
0.0003779533851486581 0.0005109240088953006 0.00017907178166474882 
9.351618639390907e-06 6.581004876872985e-05 -9.268547012520126e-05 
8.850187596032375e-06 8.408186603531894e-06 -7.690679020082238e-05 
0.0003318593629990721 -0.00027207987207618356 0.0010995679695817336 
-0.0002823287369749794 0.00031918058316602466 0.001315542547469727 
-0.00022008758709537307 0.0008468311619276685 7.518084376992654e-05 
0.00010362822351146425 0.00034530591659173043 -0.00026655095384715485 
1.4490605716679103e-05 5.3053328492453625e-05 -3.578344868403931e-05 
-1.6186270341044591e-07 3.2303976322124836e-06 2.420592903364365e-10 
1.078754648512407e-06 1.2133090312006267e-07 3.4746551741348783e-07 
3.3951913656437535e-07 -4.8586890390827283e-08 -4.994685381738112e-07 
-1.1521328649275776e-05 1.903646010368177e-06 -3.0185449674174697e-06 
-0.00013431985677211586 7.194772942500666e-07 -7.59481254736221e-05 
-6.42471913306665e-05 0.00034675144837441763 3.1433990428256426e-05 
0.0006320082387324052 0.0017230361885040603 0.0005244481920318126 
0.0005162494804415718 0.0017036521543607585 6.136989944603276e-05 
0.00019064171239878847 0.0004198086563155226 -0.0002020752384278568 
6.188260939199669e-05 6.94907269057736e-05 -0.00014461140453632046 
0.00038130391922542445 -0.00018967716340275928 0.001444050985100337 
-3.393081975250345e-07 0.0013486081574855327 0.001158987216157469 
0.0002657631609518374 0.003004725776401722 -0.0009222186428916018 
0.000576257282523019 0.0022029280730133504 -0.0014335902310618018 
0.0002274912231587246 0.0007664656166865608 -0.0004584095056316146 
9.052295052174768e-05 0.00017685524575007292 -8.79724460610515e-05 
4.8902019953355564e-05 4.1769538980266084e-05 -1.7103294821647593e-05 
2.5495370089109395e-05 2.080173647069425e-05 -5.715591416912522e-07 
2.990695719245432e-05 0.0001566662057186645 0.0001583916725764697 
-0.00019819938568406718 0.000497279642574339 0.00024705861866040554 
-0.0002809010646518031 0.000638408350189924 3.4322234361911647e-05 
0.0004202538577940361 0.001548773191901583 0.0003029843302913282 
0.0004216571820416827 0.0011784128441013272 4.7609796483356805e-06 
0.0002431038345713575 0.00014093587677964717 -4.262185990037417e-05 
5.665852494291548e-05 1.845125104006553e-05 -6.071099278076846e-05 
4.50949327545358e-05 0.00043650121654429785 0.0013684113726177144 
-0.0007273619109546617 0.0025991285423616547 0.0004780234258961536 
-0.0009544339892640329 0.003969022036087455 -0.0009083575901617895 
-7.807089859320155e-05 0.0031401666377898685 -0.0015632726950113949 
0.00043347056303918996 0.0014569013300494722 -0.0008370338793008154 
0.0003504402736449041 0.0004981866700577982 -0.00027220494854922036 
0.0002591353196936837 0.0002610306582191944 -0.00010954705468110403 
0.0001768994859027526 0.00018976088012820065 -2.2245245462320664e-05 
0.000200516984010711 0.0007491150187121073 0.0006681845121977042 
1.7217552413463857e-05 0.002091469016596475 0.0014876790328524183 
-2.3310342038737955e-05 0.001334849656583472 0.0009475207070139737 
0.0004962812962063766 0.00029911435312197227 0.0005923228568947836 
0.00033829871205945643 0.00013412289891372511 9.130389051520936e-05 
0.0001216794498726853 -4.925497295639995e-05 -1.5717693911709938e-05 
1.924273661874593e-05 -1.4381824043536691e-05 -1.082880660024173e-05 
-0.0004465495423951627 9.133993257645114e-05 0.002041310059760909 
-0.0011837841420043738 0.0018344570417199186 0.00045995304001908194 
-0.0017953190100726164 0.0013691254187435994 0.00040859666724291956 
-0.0010665275883343667 -0.0007705646182761408 0.0010209541434231658 
9.35490339714273e-05 -0.0010799257153437068 0.00045803770691495507 
0.0003172372480872345 -0.0005702076002681291 -3.1100810493412887e-05 
0.0004097722194671234 0.00024008752482597255 -0.00018608196324624085 
0.00012872084888773238 1.1462286381429699e-06 -3.746499368618723e-05 
4.9924233164062295e-05 0.00043531208812647116 0.0006900023263070316 
-3.958066713365764e-05 0.0017662882991445043 0.0013684744767522659 
-0.0003319269689190888 0.00023003050812285715 0.0010775306647402023 
-0.00027460073024957246 -0.0012036315184040447 0.0008453238816744819 
-9.665653444839925e-05 -0.000527743496256834 0.00022460122925636178 
-7.16551505244899e-07 -0.00012741587279638277 -1.2782418782750259e-05 
-8.65161020310542e-07 -2.8667599339828948e-05 7.783167307054092e-07 
-0.0009606680549468175 -0.0005255414413882532 0.002367869989235452 
-0.0008022803568563264 -3.9344529757331936e-05 0.0008776861247726739 
-0.0010788480235727478 -0.0005192629277807645 0.0008369595876819508 
-0.0018431268228575916 -0.003280227540939159 0.002562568651125344 
-0.0017928487697493854 -0.004325219665556059 0.0021323796138204357 
-0.000955471221153463 -0.002517321380551903 0.0005414583531515929 
-0.00016489936714609785 -0.00030975275421938654 -0.00016012283501644874 
-0.0006928278416222337 -0.0012751666124449692 9.171695126130273e-05 
-0.0008178724211617512 -0.001677486587969369 0.00035683043855043103 
-0.00034305342443688696 -0.0003904640577924185 0.0003978670096952035 
-0.000692385047004019 -0.0013739822965672757 0.0005990308616774655 
-0.0010966804418271747 -0.001961048459696234 0.0007950220802404612 
-0.0006409448676781466 -0.0006893724391088731 0.00026746703376644143 
-0.00013724032079851891 -8.238872534305588e-05 -4.183517906278158e-05 
-1.2289716878489856e-05 -1.836268321206934e-05 -2.7482800190897923e-06 
-0.0010295206138730417 -0.00022041748695950754 0.0013467264126868252 
-0.0007673979003930548 -0.0004476610660047141 0.0008156660585431665 
8.062298501815279e-05 -0.0007111436290488712 0.00010854300351632873 
-0.0009503178191855666 -0.001784432889216957 0.0012017540797719852 
-0.0019694263007947327 -0.0027356383972867186 0.0015373072141390866 
-0.0014900184934354965 -0.0013321337572548744 0.000504947017023992 
-0.0005544791219958371 0.0007269599243708656 -0.00011827001340282244 
-0.0006103497516531707 -5.722147576080888e-05 9.323924636841369e-06 
-0.0006991526081826524 -0.0006634982943739191 6.75970755282286e-05 
-0.0003375721870482913 0.0004761192828892473 -2.101112841129682e-05 
-0.0005809971211461068 0.0008966763275869967 -8.767567971741923e-05 
-0.0011189797373526537 0.0012519672758710067 -0.00030645556873224854 
-0.0008045913089637304 0.0009525763194835003 -0.0003895098558742015 
-0.0001975918221029686 0.00023744177656421237 -0.0001698949429462613 
-1.500378943565782e-05 1.1966344168152121e-05 -1.561868567851844e-05 
-0.0002599605624324882 -1.3350143929398211e-05 0.0002353208268309208 
-0.00048005126855625796 -6.642435315560094e-05 0.0003516710242850111 
-0.0002403247414403311 -0.00012264876290415082 7.2414662734872e-05 
-0.000943924087132458 0.0001059245505979872 0.0003216193112972332 
-0.0014941364180509516 0.000497693767022845 0.00030250381918659613 
-0.0011428653109942302 0.0011773587956606974 -2.4789833138172054e-05 
-0.0004573726528740666 0.0017423154089734674 -0.00012404556764500016 
-0.00016055942627580394 0.0014643571843325279 -0.00022285146908857315 
-0.00022238463146152104 0.0012528151805912598 -0.00030648550677585956 
0.00010510438845236399 0.000895915193963941 -9.704519846950865e-05 
0.00010156213268754056 0.0007972952600906018 -7.840948419575084e-05 
-0.0004865942240976492 0.001388138509887274 -0.00039660375592144234 
-0.00041962760590697184 0.0008825516272458413 -0.0003365012625375298 
-9.34187279470626e-05 0.00017997264527247776 -9.529923004344547e-05 
-6.033690327235169e-06 9.781603670758936e-06 -7.727753540114728e-06 
5.20285898423824e-06 -2.807959170067687e-06 -3.7034076956112677e-06 
-4.362850313827007e-05 -1.2368494892688042e-06 2.373714427173195e-05 
-0.0003172182430228043 7.199247218824857e-05 9.42949265154255e-05 
-0.0009787069936608621 0.0003614958279218735 0.00020943896088681732 
-0.00123092904581778 0.0007382356420602542 9.01518136886513e-05 
-0.0007055988670859169 0.0008515531208088435 -0.00010970282936674514 
-1.990693244979802e-05 0.0006560472341045603 -0.00013210977206332304 
0.000280166360974686 0.000468027201279387 -0.0001594501162571197 
0.0001496051341465226 0.00044138805737429024 -0.0001635031493847413 
0.0004674924209456953 -8.823180233153783e-05 3.5688114790183734e-05 
0.0005410316555414141 -0.00030774709170705344 0.00014711857124526367 
0.00013170737414708767 6.121547453501023e-05 1.3171243017640055e-05 
-1.0395545451518003e-05 0.00010071350893082304 -2.699958914032473e-05 
-4.490959428793634e-06 2.044281641709058e-05 -7.025710233812376e-06 
-3.5593041503344865e-07 1.0549193264955082e-06 -5.660310828089411e-07 
1.6102396165211573e-06 2.3690296563607586e-06 2.0407481959329877e-05 
-3.120281405398574e-05 4.476232336274614e-05 2.9182513726972413e-05 
-2.9171302870388202e-05 5.4213664890749016e-05 -1.5826352845264e-06 
-6.478989770644541e-06 1.2849721594081876e-05 -5.349142539193589e-06 
-2.9212186755125068e-06 6.376696841894275e-07 5.105753853923878e-07 
-8.285192142107954e-07 -3.0960149507933987e-07 4.901098475685239e-07 
-9.333285804441568e-08 -9.243679875682545e-08 9.881034313845689e-08 
-5.237714162571156e-07 -1.9619264713285217e-08 -4.5837193673581353e-07 
-8.988236450821463e-06 2.476873089760762e-09 -6.832123211208426e-06 
-4.34169209739797e-05 7.431930029219995e-06 -3.316664472037919e-05 
0.00023369356038153923 7.344275559696993e-05 0.00016384429204172046 
0.0017006247205649614 6.26175758256381e-05 0.0011472429013521588 
0.0018577481620290527 -0.0004014665263651577 0.0008456585700083279 
0.0007571621229320643 -0.0004073469265092923 -0.000653840814001742 
0.0003315059477497261 1.3453853143814351e-05 -0.0006928948288824385 
2.96829568391414e-05 1.3267418550643546e-05 0.0001097602971838592 
-7.928623439918542e-06 0.000298496398073402 8.803475402132527e-05 
3.473840776956061e-05 0.00047758636190971347 -0.0001625192912633965 
2.9992330033692602e-05 0.0002296555360495208 -0.00014558328588149243 
-1.6464526269171576e-05 7.490244667438607e-05 -3.7089687306151686e-05 
1.4112319291307643e-06 2.0146369505718388e-05 -6.60018827445718e-06 
9.33955765136691e-06 4.157977891697398e-06 -1.798895963077371e-06 
3.455791931952944e-06 1.8718166762106151e-06 -1.705173587828573e-06 
-5.7896984303425214e-05 1.7544487454164862e-05 -2.232624969764497e-05 
-0.0005866175981148972 5.9921143220093985e-05 -0.00039545559298085394 
-0.000846239029195321 0.000310343237436987 -0.0006574087561867573 
0.0010816614601118074 0.0007428099078885218 0.0007570268896490776 
0.0015146371495512278 0.00033467441933447174 0.0005572231487843372 
0.0010340245970161012 9.082495920020167e-05 -0.0009894703189246134 
0.0006355527728264197 0.00044405719663491786 -0.0014373278568467675 
0.0001060112728074544 1.583197146104269e-05 0.00027949503506935524 
0.00018493495650595028 0.0006831604193013145 0.000159755343842884 
0.00023251197003281224 0.0016579865856409318 -0.0006538077016726811 
0.00014880130930949517 0.0014683546284265207 -0.0009067171185812226 
7.458927683839434e-05 0.000816974668779267 -0.000525146543894101 
0.00023072515155673568 0.0004203718245476679 -0.00022982969072037561 
0.00027191100892710266 0.00015267139499825953 -9.00839687712212e-05 
0.00019332270885415019 0.00010473618498397629 -1.3906418533838987e-05 
7.007202579402448e-05 0.00040219792409645276 0.00036930870745768385 
-0.001016072140337199 0.0007570545427688217 -7.290626857541296e-05 
-0.001705161415480094 0.0003820043940123282 -0.0010757882935908346 
0.00038460716027231313 0.00013826147370780105 0.0003200638391146174 
0.001329998482045573 -0.00048574851770701033 0.000558855730074392 
0.0009750442185961091 -0.00042172865935789436 -0.00020783278914307882 
0.0003663453957775207 0.0005391163397104534 -0.0010803150671213936 
-1.2672614862895004e-05 0.00010302874292701311 0.0004986078501212727 
-0.00046035442651521513 0.0016409100612922948 4.990642274555878e-05 
-0.0009599429896453016 0.00347447628515727 -0.0011818905342188858 
-0.0005535454988305887 0.0027668294803204485 -0.0015838523326004465 
0.00011725720585882039 0.0016769794832692739 -0.0011653362175483486 
0.0007386612231917561 0.0013173002555733771 -0.0007466001491920182 
0.001195385591780283 0.0008780561239442016 -0.0004546414603073014 
0.0012443514564246102 0.000983966085064755 -0.00015018266732199238 
0.0011508662209376895 0.0021602399933915942 0.0018261121024316781 
0.0003004854078194688 0.0030239599422162587 0.002673820379215113 
-9.749838557930861e-05 0.0005286064483758278 0.0011571682469938278 
0.001079035552946285 -0.0016912345448307524 0.0014990651699071846 
0.0012051195619100716 -0.0016711947741611059 0.0006160766615239451 
0.0005129764172295478 -0.0005473956565553734 -0.00022673429148395343 
2.1911957044926735e-05 0.0004031461752670611 -0.0005899770732193193 
-0.0002714343496509116 -0.00031820602949297785 0.0009227759630206129 
-0.0011628745126992632 0.0012843671686354552 0.0002900456429310253 
-0.0019779630105454145 0.003003085030390815 -0.0008693763534680641 
-0.0014075313210445296 0.0013680027198126879 -0.0006510966686484303 
-0.0006099104728465093 -5.701163651841354e-05 -0.0002627363284626646 
0.00015408523253318627 -8.942564054541073e-05 -0.0003389131665249793 
0.001151769027939086 0.0006517296504043374 -0.00048374931358294293 
0.001377964478809742 0.001024465162433319 -0.00021341043913602684 
0.001308040463408695 0.0021968745752790307 0.0018814605368811335 
0.0005273303826670087 0.0028960635759344693 0.0027116924551916673 
-0.00039420268468881407 -0.0008477723375704804 0.001840010717785055 
-0.0006622987746769393 -0.004118501211017296 0.002235945748543508 
-0.00037054223136928806 -0.0030379658604950148 0.0009472179233234145 
-5.990783603732346e-05 -0.0007740580361153479 -0.0002514593260999065 
-9.872070084555439e-05 0.00016182720129942225 -0.00035473055054795026 
-0.0003627382316744856 -0.0009982965736162691 0.001152817924987986 
-0.0007403474823454866 -0.0012653285726467907 0.0011376920157573633 
-0.001117708817283649 -3.915441874020528e-05 0.0002879907106628707 
-0.0011773485317693967 -0.0005382727943400566 0.0004147377610232341 
-0.0013338431934754973 -0.002034380520234063 0.0007859330863049696 
-0.0009317507052056008 -0.0023048925177929433 0.00039843963470749966 
-0.00015287471512300498 -0.0010469595389435626 -0.00010004417809381799 
-0.0006050623625249614 -0.0016697522967314177 9.059363849756551e-05 
-0.0007158309116693899 -0.0017211003202824357 0.0006569520205875288 
-0.00029435935104178993 -0.0003498652586320511 0.000707671410961968 
-0.0009727622651857417 -0.0021378309476149998 0.0009379723141572024 
-0.002156922783617435 -0.004117632055911978 0.0017824697935138593 
-0.0017578524113877718 -0.0027141983245914728 0.0010121091857027802 
-0.0005108768416946276 -0.0005435329784431626 -0.00020120078701085613 
-9.870127528928104e-05 5.475376188569803e-05 -0.00020359908503069781 
-0.00036166972620733234 -0.0005813618149939637 0.0006797986165287548 
-0.00035274960014118465 -0.001432242297055332 0.0009288678075454974 
-2.7535365837900744e-05 -0.001126711431707659 0.00041945817915230513 
-0.00034917691726796696 -0.0008144021256394985 0.00043757393505598936 
-0.0007783675088961638 -0.0010805698497572706 0.0005575881137645784 
-0.0007759614454969687 -0.001118350454178574 0.0003180465276286064 
-0.00043222414163294164 -0.00035628948757939274 -6.427668077933996e-06 
-0.0006192768909325432 -0.0008586875453096745 7.335984679504321e-05 
-0.0007209509796889455 -0.0010928201348269747 0.00012885430741007425 
-0.0002958403368469552 0.00017161568382357867 1.2237721984973554e-05 
-0.000628172326272089 0.0008753016623946771 -0.00012243959903699732 
-0.0018692298011713602 0.0019499516417310564 -0.0005144406767432352 
-0.0018096453191104754 0.0018972454912586246 -0.0008472366086363847 
-0.0005891277241689523 0.0007023547191434771 -0.0005912143312305769 
-7.541163447432903e-05 0.00010023682850304706 -0.0001333669121933803 
-0.00011196342519331 -8.210365545794946e-05 0.0001329588566199664 
-0.0002665106573863365 -0.0003104824717277354 0.0003132479161625694 
-0.0003899601463593378 -0.0003536633494256071 0.00024449642554087714 
-0.0012440088234036036 -0.00032038026606149043 0.0005224727057476092 
-0.0010348765813420983 -8.23394519543913e-06 0.00030100760807240737 
4.0281305281301624e-05 0.0003588987174849463 -0.00020069890307025965 
0.0004412430188283842 0.0004364256651202651 -0.0002674987803099561 
0.00019194468873014008 0.0002839217418605256 -0.0001924163459891214 
-3.368576928856242e-05 0.0004783034869043131 -0.00019118130902648356 
0.0008978556317217863 9.031809356640965e-05 0.00011681904137757389 
0.001344256382290369 0.00014929915890037537 0.0002873029542249366 
3.5589454789045766e-05 0.002085664400668477 -0.0004162226479037809 
-0.00040082526887890227 0.0019715160879992463 -0.0005447929205383527 
-0.00011188924134841044 0.0005469997773974184 -0.00019924487680422786 
-1.5000068479497069e-05 4.5481706018586036e-05 -3.117916893523553e-05 
2.493174086504731e-06 -1.2918526947651638e-06 -1.4386530868497864e-06 
-5.4398027067881834e-05 -1.2786227381690173e-05 3.3424848721360116e-05 
-0.0004571084299534547 -2.4639278924223906e-05 0.00016612254734501945 
-0.0014369862772425218 -2.5540444018412264e-05 0.00046177788913750496 
-0.0012460688581507093 9.633866596936956e-05 0.0002579294297939943 
0.0006047773545320078 1.295580037286026e-05 -0.00036387822669101295 
0.0015415801373824187 -0.0005943470510364722 -0.0004929373125831266 
0.0007671884416911995 -0.0009235564689087077 -0.00025098978610666595 
0.0001222543314466501 -0.000590084460169036 -9.292203415803627e-05 
0.001869658358255418 -0.0012989410872987495 0.00037291157236501483 
0.0027724755014121426 -0.0016211694677239694 0.0008614757426509655 
0.0015070841385355846 -0.0004649780199917977 0.000500197173818764 
0.0005592788182788144 5.295832469330228e-05 0.00020838301111556049 
0.00011086120338275841 2.997818891040463e-05 6.189479696003123e-05 
5.420269824942133e-06 2.3840665849866795e-06 3.946699894306931e-06 
-7.372206344442557e-07 1.7280931886374074e-06 -2.3452453105129566e-08 
-3.210106106188917e-06 6.947592369588995e-06 -9.64241065780293e-07 
-4.226415548578373e-06 9.08062717879535e-06 -2.3317750265172492e-06 
-2.886937270488109e-06 4.479866705824425e-06 -1.1956843059705697e-06 
-1.5021455607745003e-06 1.2802440529247482e-06 -4.970442284692334e-08 
-4.359841202534879e-07 2.392790078103097e-07 1.2099599467494874e-07 
-3.580272769438706e-08 1.57682450897221e-08 1.7024514803927142e-08 
-1.123969922548469e-06 1.7599312378288654e-07 -9.511634544854232e-07 
-1.57151211387934e-05 2.6175622216779374e-06 -1.1689343495945239e-05 
-7.006339789882249e-05 2.0061512268583926e-05 -5.807536997107633e-05 
0.00016910353099286262 -1.9088428112498798e-05 1.1286724392091559e-05 
0.0023342391311418336 -0.0009460418347066778 0.0012054104191557592 
0.003725688416153391 -0.0022078475353859766 0.0012022082709717283 
0.002315454761529924 -0.0014168979999670608 -0.001107492559305135 
0.0009294298561957903 -0.00017398259303603655 -0.0013062903254510059 
-3.846390902525034e-06 1.4857662034433063e-05 -1.0764219787789606e-06 
-7.87259023438667e-06 5.072829508900975e-05 -1.0304232635794785e-05 
-9.41148507881042e-06 7.505743848993112e-05 -2.8246017783571626e-05 
-1.7076360011993724e-05 4.764679310229362e-05 -2.3078952373489802e-05 
-1.591349924059626e-05 2.106824451760993e-05 -9.347626713109784e-06 
1.371177640886021e-06 1.0336993051637077e-05 -3.687071397066516e-06 
1.154093144425418e-05 1.013036243084365e-06 -2.4961037432445632e-06 
1.6522279312272139e-06 7.321691323108596e-07 -4.911586976497705e-06 
-0.00010181440186730537 2.5745583467666738e-05 -4.448194144476664e-05 
-0.0008188995393943624 0.00020564814685799116 -0.0005595540331484912 
-0.0017551649430820851 0.0006244721377227482 -0.0016250280586780422 
0.0008862856046505793 -0.000294631405437543 -2.0894870423129874e-06 
0.002559151081289828 -0.001437232206154165 0.000687740869641653 
0.0020415321432425007 -0.0004931147829584856 -0.0019218521802587011 
0.0017195565662160755 0.0007313037762424479 -0.003550680221677047 
-4.825416556521666e-06 4.062973539664487e-05 6.3721413014954196e-06 
1.905990053911082e-05 9.783423762017688e-05 -1.9739133501213944e-06 
3.681664914159384e-05 0.0001585035993643914 -8.273940886322092e-05 
9.793899334581326e-06 7.621223007355047e-05 -0.00013160600282516484 
2.159003620056574e-05 5.278124680658126e-05 -0.00012044623763678847 
0.00015950693078090375 0.00011626083834225453 -0.00010761912512347271 
0.0003269622609905782 -1.010245716221987e-05 -6.770070228797177e-05 
0.0002946212370824419 1.8004984315123725e-05 -2.0107971195249333e-05 
-0.00020219833185889605 0.0003066823709315441 7.316856031451156e-05 
-0.002065185555478256 0.0007430530749230196 -0.0010369076713661477 
-0.0034280080529321437 0.0011877844373724498 -0.002613797076230014 
-0.0009559741560347767 0.0002894627954496561 -0.0009127147653295586 
0.000716208170069706 -0.0007878385911831375 0.0002654778874374977 
0.0008831908366172796 -7.475316921409054e-05 -0.0010194007799891524 
0.00108305106854973 0.0018478193516389685 -0.004205934253176877 
-2.2826140698655297e-05 3.2834702266351385e-05 5.6632534462065136e-05 
-6.8674683443605e-05 0.00012191023823638204 5.1513277854064836e-05 
-0.0001498045547489845 0.00026867864929973275 -0.00015758106514707085 
-5.520001983617658e-05 -5.030026588824553e-05 -0.00026945466280510564 
7.813988101122629e-05 0.00010235558921410648 -0.0003642884107778266 
0.00045645287696016897 0.0004486342544874622 -0.00042095839944669873 
0.001441155554788763 -0.00021587719694163982 -0.0001778884037042194 
0.002031056979048412 0.00021845414866825813 0.00014718934600550272 
0.0012495125443080526 0.0014893929471591885 0.001200145936565907 
-0.00043372832555446834 0.0014126304536320154 0.0005933853154248582 
-0.0008875981351348398 0.0003436900831176614 -0.00038535975894577195 
0.0001675237168177043 -0.0011755999836220144 0.00048294308830783587 
0.0006877725678362985 -0.0020590128699903816 0.0005654496555309615 
0.00033498348012960324 -0.0006802488046853571 -0.0004683411842146077 
-0.0002066174781510735 0.0020302900754045894 -0.0033802912887901425 
-7.308661281171368e-05 -9.103928472804806e-05 0.00015987413793565938 
-0.0002848961695683834 -0.0001010061217999569 0.0002124438235784603 
-0.000555150431476803 0.00011991546939616989 -7.228103115105612e-05 
-0.0004504432290245129 -9.482355582006614e-05 -0.0002387090190339048 
-0.0004665307991469302 0.0006672879575687889 -0.0004984602490424464 
-9.535199423343563e-05 0.0007227761416414048 -0.00048276300173478136 
0.0013477053153462797 -0.0008968168712266827 0.0001436538128387452 
0.002341508929574713 -0.00038000679879209714 0.0005954178176959327 
0.001799443785129402 0.001400336211053144 0.0015390260646049314 
0.0005210577590701202 0.0010322645747617588 0.001156014635881394 
-4.955033384311828e-05 -0.00048593471983850644 0.0005033233060033563 
-0.00024047955496095223 -0.002237676757125426 0.0010212019537436993 
-0.000236466836925563 -0.003080753132270472 0.0008343752695659234 
-0.00031922037385782084 -0.0011427719002217469 -0.00048808787706200126 
-0.0009063467436275612 0.0013989252552042025 -0.0026205023442976497 
-8.508855010842852e-05 -0.0002487973518699614 0.0002208683802931655 
-0.00026760748403045526 -0.0007468711594760093 0.0005019310987634442 
-0.0004931516007593397 -0.0008772448600590391 0.00044168053227332943 
-0.0004678559132254949 -0.0007425663083131875 0.00027800997999588616 
-0.0004858084399904268 0.0004714296824905647 -0.00012223972044604278 
-0.00010181366736116901 0.00022247292050696713 -0.00017901694969000084 
0.0005777503153616033 -0.0008090691638978926 0.00018065128705104135 
0.0005104570825184025 -0.00037235072928820494 0.0002414743842089756 
0.00017921171046268985 0.0002988903707544146 0.0002966417830331659 
3.744554097443462e-06 0.00020377630860864962 0.00026020852797295534 
-0.0001841456436711946 -0.0004686205330506237 0.00023614932729451718 
-0.0006801218964711229 -0.001514969392432371 0.0006663450027605544 
-0.0009183805446881122 -0.002086397245063012 0.0006971760827818095 
-0.0006727796853704081 -0.0006532903935448035 -0.0005334543468346847 
-0.0006753540730769364 0.0006975871865382501 -0.0016600327576206473 
-5.555945352807442e-05 -0.00014980730976900912 0.00012431204790991856 
-0.00011610954738195496 -0.0006041049389736318 0.0003642312488917523 
-0.0001364070537733745 -0.0009642248940206688 0.0004699208890215287 
-0.00021751594622191478 -0.0010118086283378474 0.0006020521466380425 
-0.00010544194314273704 6.952136369296584e-05 0.00035591861350971546 
0.00027528126950602323 0.0008028170666944928 3.244812053732754e-06 
0.00045603096096304835 0.0016412281066225266 -0.0002793814578897283 
0.00023479954536340109 0.002190835546256551 -0.0005192309835589876 
1.280085149856381e-05 0.0014504085421822915 -0.000494438978861745 
2.0329953372074782e-05 0.0005537640885907961 -0.00016852532179780812 
8.302676346321793e-07 0.00026482979590049423 -1.575532503976973e-05 
-0.00030455029549867566 0.0004680620604538585 -1.1765022669599874e-05 
-0.0004526340028669709 0.00047496003469257083 2.2769893838255322e-05 
-0.0004940443605155938 0.00039323717903365363 -0.00047354866598584705 
-0.00038943306653409834 0.00030777047165844534 -0.0007189409788645568 
-1.2579738737840082e-05 -2.1600295651161088e-05 2.0144583860200817e-05 
-4.9609542992336796e-05 -0.00011738763429903348 8.548200110320477e-05 
-0.00018275207214191874 -0.00024070186354171672 0.00015523623606289796 
-0.0006919917264987877 -0.0005019982200818599 0.0004885248065284401 
-0.000492127773564343 6.177204186052707e-05 0.000451881333184731 
0.0003233126848527783 0.0014013605949204175 -0.00011486940056497363 
0.00010226307712495747 0.002236734827558604 -0.0004748477233175244 
-0.0007336967016611795 0.0020256955166958563 -0.0005830128049962935 
-0.0008958767333621526 0.0011333945544859643 -0.0005168381855022667 
0.00015008222959077798 -2.8476598823230087e-05 -4.953703155828951e-05 
0.0014775299644462433 -0.0005704193464866321 0.0004898082162400892 
0.002080393928203181 -6.019556177752627e-07 0.0007805517264163654 
0.0019175607261816899 0.00042761441947003487 0.001144821019648426 
0.000520907411452682 0.0002380554697255996 0.00042135140831583984 
-6.442818751855282e-05 6.677660566986772e-05 -9.446544008663658e-05 
1.9993980478109316e-06 4.210380329440883e-07 -1.5863961061392774e-06 
-7.850228438075098e-06 -3.9909344085447824e-06 4.747778234692442e-06 
-0.00015841426957647307 -4.5115557191329104e-05 6.379710729051587e-05 
-0.0006343033990762349 -0.00022270995069918146 0.00028531005186957286 
-0.00040485838942600546 -0.00021527276869992887 0.00024972095259552605 
0.0007616045762860913 5.6603941064570576e-05 -0.00022019994744778768 
5.093928308661996e-05 -0.000490832917173948 -0.0003279803791345665 
-0.002431736704770822 -0.0013379367710206862 -0.00016819720137549454 
-0.003040222790444278 -0.001384175648355369 -0.00011039214776378814 
-0.0001020507405362827 -0.0015050209286936577 0.00026279826964469705 
0.002766163412867676 -0.0015863539491780382 0.0009706493152430232 
0.0032315001387599775 -0.0010221163041517697 0.001213437395657285 
0.0021385749537771344 -0.00035741620436137433 0.0010741417481718862 
0.0005189241785093039 -4.80333461518722e-05 0.0003697679596528468 
2.647184852453251e-05 1.5342966030896122e-06 2.4485391467414562e-05 
-5.8649456092891983e-08 1.3701065406978304e-07 -4.169636441669807e-08 
-2.3574286178278218e-07 5.468263303434431e-07 -1.7109523437272034e-07 
-4.0143933649317525e-07 9.172571961381338e-07 -2.7886058347229694e-07 
-3.71719262592948e-07 7.510794560167666e-07 -2.0382149960002874e-07 
-2.40941206874414e-07 4.018492032949673e-07 -6.808469111553451e-08 
-8.504149989048728e-08 1.379531816665637e-07 -3.915377556650105e-09 
-2.1794671714082552e-08 2.842814738580446e-08 -1.6409588393066083e-08 
-7.601776129923078e-07 2.3241190703575642e-07 -6.207847169862685e-07 
-1.0051327143774299e-05 3.2600673013910355e-06 -7.472379856167976e-06 
-4.784126371707321e-05 2.0760227494636232e-05 -3.655736027888821e-05 
-2.697324276739366e-05 2.9377671773986617e-05 -8.76776712161343e-05 
0.0008820041547535129 -0.0004875574865219989 0.0003082687568205563 
0.0016664742886842428 -0.0011601571861713546 0.0004425474319171424 
0.000884410384560436 -0.0005872534378010413 -0.0004118054775670791 
0.0003851502947403041 -5.406152426980747e-05 -0.0005911015712179429 
-6.592489602643189e-07 1.7831647439514865e-06 -6.428893618936954e-07 
-2.3267737671149506e-06 6.830249007539701e-06 -2.4081436193397667e-06 
-4.013481334010888e-06 1.2160329947357256e-05 -4.238737584618217e-06 
-4.519915332335342e-06 1.1236813466092059e-05 -3.852540472527281e-06 
-3.556296282859979e-06 7.1322901872926714e-06 -1.8287938520535514e-06 
-3.2632125166746774e-07 2.985507022811288e-06 -6.520729511424937e-07 
2.3007556779496875e-06 -2.966926305115272e-07 -8.453567305296471e-07 
-4.504861125634405e-06 7.282947647912943e-08 -4.131829835635576e-06 
-6.408615724737043e-05 1.3072011390054413e-05 -2.849651314444136e-05 
-0.0004449707625912607 0.00016977712217521935 -0.00028438662330052575 
-0.0013959154153923908 0.0007803879599145645 -0.0012020524624879111 
-0.0003255725179931654 0.0004391379149061743 -0.0006684238946975916 
0.0005171630477015768 -2.2662149462698844e-06 0.00013874963298411702 
-0.00015669075353295404 0.000795071115752076 -0.0010537761204577785 
0.001057387630529709 0.0005934800781576544 -0.0027728567482171833 
-2.924013813525991e-06 8.757835252109716e-06 -3.2094104984537842e-06 
-8.282621361479657e-06 2.8964453783379636e-05 -1.0366327207388438e-05 
-1.1786625721938102e-05 4.67018811346821e-05 -1.9646729756914776e-05 
-1.0461089975259977e-05 3.552740589729555e-05 -2.132277135488725e-05 
-3.4169186261788238e-06 2.0732178349902044e-05 -1.452826143745245e-05 
2.49341408818143e-05 5.155026777631281e-06 -1.1413333856188348e-05 
8.600500963061087e-05 -5.3229441653631894e-05 -5.3191012626856225e-06 
8.931917560818037e-05 -9.287054133887731e-05 1.981832606553646e-05 
-0.0001925240039763337 -6.959395559460058e-05 -6.129313128077404e-06 
-0.0013208452922466966 0.00045675001300275134 -0.0007252631729406274 
-0.002771901607210591 0.0017276300894101086 -0.002161598318784985 
-0.0014592545024947612 0.0013255893056601884 -0.0013626992715123284 
-0.00042018025569962904 0.0004928808725395448 -0.0001864795633409258 
-0.00017000821220543132 0.0008068799987842878 -0.0011046380013255506 
0.001788656816273747 0.0011897031426356813 -0.005618546849100003 
-6.625688100315961e-06 1.7489350716504837e-05 -5.363207809061162e-06 
-2.0544555843891122e-05 4.8849553390697205e-05 -1.6165130383237225e-05 
-3.036199249040379e-05 5.738849075540624e-05 -3.3410781317867494e-05 
-9.855954374244231e-06 -6.601783197810384e-06 -3.497389961175634e-05 
6.446433639728196e-06 1.7690435007268815e-06 -4.431959078673466e-05 
9.796984749201433e-05 -5.388947236643817e-05 -3.966258479282201e-05 
0.0005121987546644017 -0.0005960053055093029 0.0001323019207657805 
0.0009992678723873974 -0.0010805060791838818 0.0006056730666195731 
0.0008432452030869477 -0.0011792490247020618 0.0011033426474608143 
-2.7748648882823523e-05 -0.0005054061756213026 0.0003160626930249835 
-0.0005273569464950591 0.0006457573365169743 -0.0006433263919857612 
3.9139168514397416e-06 0.00015707652722111304 -0.00033752851993454434 
0.00021321871071818942 -0.00047598319087068615 2.1423274450728435e-05 
3.9654450396891736e-05 0.00019734597017876396 -0.0009381452667064697 
-0.00011803972044919717 0.002044514100082798 -0.0065664438180293395 
-9.441248469344512e-06 1.2566351420693467e-05 -5.519468404911862e-07 
-3.5684987132708114e-05 2.1729691622028753e-05 2.8084813384111635e-07 
-6.141494906907667e-05 -3.1221104565842616e-05 1.3151261032064328e-06 
-4.7878490738543665e-05 -0.00014297672977176088 9.489234294141492e-06 
-9.409248325990111e-05 8.122960514145793e-05 -7.954833501923531e-05 
7.581571402724262e-05 -0.00016532037122619567 -4.548859301164911e-05 
0.0008040766264369949 -0.0017141122016609903 0.0005389799322619061 
0.001420935982734065 -0.0028170352179083084 0.0015610381788060956 
0.0011275919512542037 -0.002616502348819015 0.0022744371427454654 
0.0005610842680739223 -0.0019737729021122013 0.0015187926860793025 
0.0002729181754185493 -0.0008617991030429976 0.0004577608995789111 
0.0001351358611137762 -0.0004878732197647882 4.4294666520277616e-05 
-3.1764114507327166e-05 -0.0004829161437591382 -5.891626822007387e-05 
-0.0006467793055595222 0.00034131139426847763 -0.0015354901479496235 
-0.002289641053372698 0.0020845320930945443 -0.006575691743283431 
-7.896992297307955e-06 -5.027772399065e-06 7.933921011284958e-06 
-3.2111066279905804e-05 -4.7632472516084996e-05 3.5165892036570566e-05 
-6.779026218516819e-05 -0.00019979901848965852 9.154143491007984e-05 
-7.080649201529794e-05 -0.0004182093501860244 0.00018026257417640395 
-4.5939334913965534e-05 -0.00025211099680500404 0.00010566535922603044 
0.00035171294815127853 -0.0007849161179911872 0.00013446491898279518 
0.00097512877429334 -0.001554246696279158 0.0004552133074953186 
0.0009058382319528588 -0.0008691830754238138 0.0005715999244479131 
0.00016186946773994945 9.115844346048625e-05 0.0004958508316510804 
-0.00027245018881804327 -9.101954516638287e-05 0.000534476165698506 
-0.00024385422071387854 -0.00014087858311706385 0.0003402776197611139 
-0.0002158308217710288 -0.0003271998114985984 9.07873008497307e-05 
-0.0004394243209683464 -0.0006688371131009616 -0.00016717620990191855 
-0.0012545647508449727 -0.00038349797129034503 -0.0019666128777860938 
-0.002128416631290155 0.0006198634071786519 -0.004849413175361475 
-3.784229974857613e-06 -6.072524636899359e-06 5.577530208122847e-06 
-1.530802734707021e-05 -4.460393686872159e-05 2.910155770793107e-05 
-3.878033602011254e-05 -0.0001753896123706214 9.4314611026262e-05 
-7.039197966638528e-05 -0.0004187821775409931 0.0002676520944781425 
7.528096651818195e-06 -0.0004567178031371741 0.0003685366010662862 
0.0003810577688019134 -0.00031475069603979517 0.00031386406089373847 
0.0007704961177633473 0.0014011515329833786 -0.0001165607137942875 
0.000864045312663585 0.003898893014571513 -0.0010668977524301692 
0.0007076653572257018 0.004602447379542586 -0.0017783723214582318 
0.00032555320237109484 0.0030754936961863728 -0.0010477384105810894 
1.1415268699857366e-05 0.0016110652510704208 -7.50777902440514e-05 
-0.000384417236707818 0.000179313126958105 0.0002268668876932809 
-0.000933848711245619 -0.0008571562066736187 -2.032589265992587e-05 
-0.0018373703362444395 -0.0010363779707991475 -0.0014831467832921805 
-0.0014868993945813358 -0.0002633182213124738 -0.00221841187128787 
-3.8128829348283826e-07 -6.623128006515897e-07 5.378619985220255e-07 
-3.050091070331282e-06 -6.761490338791907e-06 5.051967875232437e-06 
-2.685064888008088e-05 -3.5821185942410023e-05 2.814730643859722e-05 
-0.00013441369000277356 -0.00014167246195198255 0.00015531886811402662 
-0.0001774467249099146 -9.563415782723461e-05 0.00030932883978605395 
-7.739434213039059e-05 0.0006521618862986214 0.00019406484383404157 
-0.0001633221375452838 0.0023582419049049085 -0.0002951511197966123 
-0.00039311045569232535 0.0038333777225213125 -0.0010563309878478455 
-0.0003822976283959891 0.004051828298017753 -0.0016669892030511894 
-0.00017429935874181852 0.0025173546857405497 -0.0011275698467416526 
0.00021936629923841435 0.0009907003501906666 -9.724423558760131e-05 
0.0004136956400208309 -0.00023383648712763626 0.0005958694039525959 
0.0003125765150365136 -0.0006618111769654683 0.0008789955706638808 
-0.000575611495026108 -0.0005586511372228306 -9.998185054847786e-05 
-0.0004437850119368 -0.00012894732550111903 -0.0004279960864546411 
2.8705918306197574e-07 2.040419434653962e-07 -2.7071294218246376e-07 
6.317965815911771e-07 7.731414220156735e-07 -5.799993511381335e-07 
-1.246106562015608e-05 -3.3715091824236066e-06 5.694974122900931e-06 
-8.123518823017995e-05 -3.645580084256383e-05 5.0842184294892334e-05 
-0.00011669609825125192 -4.3191286048550014e-05 0.00010816582141918909 
-0.00017151413038803826 7.487413249352651e-05 7.273777151983046e-05 
-0.0008911098934262312 -2.5351943168400864e-06 -7.817221289029876e-06 
-0.002050186174078962 -0.00021653273317640996 -0.00016004725818898752 
-0.0024576578431466925 -0.0002216773440470634 -0.000335098312634681 
-0.0015130611264731171 -0.00041744527342253007 -0.00017967315503919848 
0.0001321250221512412 -0.0004975769642811337 0.00020803748179331477 
0.0011780515573135636 -0.0004490541504056818 0.0005758500538073346 
0.0010560900940873481 -0.00021370556759978294 0.0006888186637038721 
0.00022261522844058915 -6.633014051698029e-05 0.00021684832848044983 
-2.739143469886052e-06 -3.836979441760804e-06 4.118136907376281e-06 
-1.045559877822024e-09 2.6070024402725336e-09 -8.498380092505363e-10 
-5.277824375640332e-09 1.3111241517143704e-08 -4.068009349937388e-09 
-1.2244545784847812e-08 3.00373498107466e-08 -8.802516262906215e-09 
-1.5866071121728105e-08 3.7535199070647126e-08 -1.0087229469187315e-08 
-1.2538116439416487e-08 2.9232313268750846e-08 -6.086983545320073e-09 
-5.064529814119118e-09 1.2840922416990056e-08 -2.06735962640519e-09 
-7.696224731487013e-09 8.945732108492012e-09 -7.186033388502024e-09 
-1.8207255931392156e-07 1.0389738844521706e-07 -1.5452270675220963e-07 
-2.6343567979964093e-06 1.4262897048720794e-06 -2.051282418316806e-06 
-1.5023951737800774e-05 9.452403106576809e-06 -1.0548903673108655e-05 
-3.322886636169224e-05 2.744738863625848e-05 -3.0238892879296464e-05 
2.8162898643608507e-05 5.364891227011351e-06 -6.294559394959341e-06 
-1.4779273416080712e-06 4.362344972868096e-05 1.9871972929479467e-05 
-0.00016734977955138505 0.0001628324236281507 -3.316032483678417e-05 
-2.3690092068483302e-05 5.543117100188658e-05 -7.76135024568715e-05 
-1.713319409214476e-08 4.6754188586003846e-08 -1.6954827621349776e-08 
-8.811121426548474e-08 2.4026985376455445e-07 -7.995122589559435e-08 
-2.228588672932528e-07 6.022686043881957e-07 -1.870334439019558e-07 
-3.2788993801160016e-07 8.649248557718173e-07 -2.45465560490888e-07 
-2.837833523378456e-07 7.762784545427106e-07 -1.7497296716160528e-07 
-8.627068046755591e-08 3.6839100003866314e-07 -8.552642794439696e-08 
-1.2180440369571467e-07 2.464413728787188e-07 -2.701700157560633e-07 
-1.7224287545497908e-06 1.1337509164672593e-06 -1.4307206205233414e-06 
-1.2239953373087252e-05 4.643424284268712e-06 -7.427128779269009e-06 
-9.026947734757512e-05 5.4638041483513755e-05 -5.935023177024374e-05 
-0.00035056564623993716 0.0002771082563677572 -0.0002752752181076779 
-0.00036688651344921486 0.0003822796143008525 -0.0002706974194964639 
-0.0006534306731892994 0.0007089617353864411 -6.422242011350221e-05 
-0.0008852230636679226 0.0009297049923839076 -0.000220981257484619 
0.00038228569141323873 3.303529862682536e-05 -0.0009686423065890307 
-1.1528359932083848e-07 3.382887767379599e-07 -1.298827248636575e-07 
-5.82761684862257e-07 1.6950361052596148e-06 -5.906529756368807e-07 
-1.5209464205562967e-06 4.352347444890132e-06 -1.4369789837454013e-06 
-2.3530672030879865e-06 6.734185120070489e-06 -2.042576251991968e-06 
-2.0609956008190465e-06 6.663807578794479e-06 -1.6480819700251712e-06 
1.0042910691299251e-07 2.6610332371848164e-06 -9.769896308683307e-07 
2.5179499550009158e-06 -2.1089304321165667e-06 -2.285197997312467e-06 
3.2089754644568634e-06 -1.660598759292421e-05 3.7457253428474567e-06 
1.5299728775372383e-05 -0.00011362227108638627 4.870352105460488e-05 
-9.855437060713595e-05 -9.678168753721877e-05 -3.355391676134454e-05 
-0.00041562399596770105 0.0002954888901701494 -0.0004545155741757616 
1.9640681672740412e-05 -0.0002125315181592865 -0.00032095661175213924 
0.0002313450862792693 -0.0007777833986634293 0.0001752269131695067 
0.00039229414164656043 -0.0005088281903817549 -0.00030518729292630404 
0.002134276870299304 -0.001077376923752111 -0.0034872774502581376 
-3.301622486728553e-07 1.0394576967715833e-06 -4.0514424766968753e-07 
-1.7240723933943267e-06 5.117994562745673e-06 -1.8648149180911516e-06 
-4.6934484373092256e-06 1.2985288491665485e-05 -4.581409656633919e-06 
-7.557347218722875e-06 2.051091039754532e-05 -6.528170985119214e-06 
-7.709957803168977e-06 2.2712852941250264e-05 -6.07016201377254e-06 
2.634884262927789e-06 2.3008577609767505e-06 -2.387128718688448e-06 
4.049915931053286e-05 -7.172983975957978e-05 1.589432576726148e-05 
0.0001495485557258727 -0.0003373434603587733 0.00018292108434083939 
0.00046654197825163855 -0.0012563838394275945 0.0007264234050561101 
0.000841220364223785 -0.002164633934415367 0.0010519530674428282 
0.0009979189782497455 -0.0018899528827649517 0.0005349803436128491 
0.0012700812861692785 -0.002060746310449315 9.39592769825812e-05 
0.0011070887022684144 -0.0016133448937454562 8.220737287857258e-05 
0.0006819873140940487 0.00018598535484860542 -0.0006858504451869862 
0.0006630636464957599 0.0003502291458444347 -0.005484834091771647 
-4.523511855272219e-07 1.3791228536972733e-06 -5.128985833177871e-07 
-2.4622362423493353e-06 6.873030182611023e-06 -2.52387515735504e-06 
-7.030495628571227e-06 1.675414023690321e-05 -6.083666524543243e-06 
-1.2611627856561236e-05 2.681896795578202e-05 -8.213537808749341e-06 
-1.581537449968449e-05 3.610222547518018e-05 -1.0581686349771789e-05 
1.537573825314487e-05 -3.118579489088573e-05 1.7848044720128855e-06 
0.00012313522651445977 -0.00029464478461203327 9.09513129538598e-05 
0.00029509442021566313 -0.0009703823030012782 0.0005158417999582719 
0.0005384271500706987 -0.0027005220784633186 0.0015993986709580943 
0.0008635942969863679 -0.004741516435047952 0.002434599090030993 
0.0009329991825422781 -0.004551089813404144 0.001714135211764438 
0.0007589917640132169 -0.002769674684708897 0.0002191499714858233 
0.0003429019808448789 0.0002569837611350878 -0.0007889584462857676 
-0.0003007962591527486 0.0025903740147995256 -0.00210674697215997 
-0.0018834324059369507 0.0020413196899931527 -0.006233106113618962 
-3.125260221074344e-07 5.613213062349363e-07 -1.2683781366393137e-07 
-1.7180883031339728e-06 3.1487844782557168e-06 -9.427018969424931e-07 
-5.53918232901365e-06 7.277233637098232e-06 -2.0346482387628945e-06 
-1.0541832801686099e-05 7.157607213425279e-06 1.9961266238533695e-06 
-1.1700020849117693e-06 -1.9618979864837436e-05 8.21403041660054e-06 
8.913316516532556e-05 -0.00018166482971665508 3.982415173565479e-05 
0.0002592869506962518 -0.0003871210892657504 0.00011505114348089873 
0.00033910203400734987 -0.0004981797045098169 0.00023909365549285412 
0.00016449948274694292 -0.001115941093714399 0.0007007169083861828 
-0.00022114561856855994 -0.0024604156860186313 0.001494202176616559 
-0.000507433548046804 -0.002914851488980078 0.0014630088807680297 
-0.0006285790314254115 -0.002677281407568524 0.00040746938235594263 
-0.0009613645439561676 -0.0017909543268127964 -0.0009636988927620646 
-0.0017471262319036082 -0.0010479956833953467 -0.0029613918375808275 
-0.0023322950605496502 -0.0003960697426972585 -0.004935320523504587 
-1.355454602369248e-07 4.7098713483100723e-08 4.9138281688550317e-08 
-7.651881113791248e-07 3.5976566020056457e-07 1.5649020547400646e-07 
-2.7873078541690698e-06 1.1551121747501693e-06 9.849208084265236e-07 
-6.2752520691085095e-06 -2.4615769723790423e-06 1.0353941473269517e-05 
7.713885088229174e-06 -5.8569873079721544e-05 4.081969636306529e-05 
9.569290997551473e-05 -0.00018799109930371758 9.600899314613637e-05 
0.00022181707587350585 -7.974221799163673e-06 6.007104188544051e-05 
0.00031786584396663493 0.0007073000257858952 -0.00026593060816784524 
0.00043140408619649073 0.0015973629075348716 -0.0007830375195031318 
0.000320619888092219 0.0019204487102096272 -0.0006143494281151598 
-0.0003119483687832915 0.0012789741207904506 0.0002724074506893909 
-0.0015987209852316164 -0.0015138392233476437 0.0004371506930762048 
-0.0029250283521947036 -0.003701514799804774 -0.0008156280747961923 
-0.003236009391703016 -0.003436890063387193 -0.0023929387310574826 
-0.0017705388080655857 -0.0013049222673643859 -0.00221618159531009 
-9.424981951556235e-09 1.708085500683526e-08 -4.417438444001098e-09 
-1.1387699291587836e-07 1.5618577469877735e-07 7.768814296408918e-09 
-1.2158868981842824e-06 1.5786097820037343e-06 2.469192642957785e-07 
-6.080553314982478e-06 8.1603556870549e-06 4.624325571434451e-06 
-1.1807485033989498e-05 2.4611791231766208e-06 2.9986329501448445e-05 
-1.7614417092126893e-05 1.3348167215450736e-06 6.803495239098706e-05 
-4.317884969468473e-05 0.00021049827720610176 1.1635719799262152e-05 
-3.8745591794373674e-05 0.0007478829939578996 -0.0002594737517768019 
0.00013315735255518693 0.0015879027763360779 -0.0007578445460747615 
0.00034329114007909016 0.0020814856820953864 -0.0008784676718393723 
5.551004512904202e-05 0.0015482689808794404 -0.00023905394386838517 
-0.001108402009259015 -0.0006163905078009121 0.00017638062023919883 
-0.0018930155095153618 -0.0018764431297063587 -0.00023217185921827962 
-0.0015038227533729137 -0.0013604014226986719 -0.0007246193672179467 
-0.00047753428206006926 -0.0003271610849069086 -0.00039846123746579065 
1.1525372465946741e-08 1.2311602234442332e-08 -1.1885506727594459e-08 
5.670849443581023e-08 9.32354219404004e-08 -5.392638829370659e-08 
-2.040744206003518e-07 6.717180378178611e-07 -8.014806669172433e-08 
-2.0373365267369455e-06 5.266860013935175e-06 2.310906612070014e-07 
-7.289589199053483e-06 1.8070678432293927e-05 4.259672850771465e-06 
-4.570448148879624e-05 2.64357635823163e-05 1.3192273115883294e-05 
-0.0001682038307096621 2.45221262611681e-05 2.2792981673679623e-06 
-0.0003124556216855453 7.771464891453896e-05 -6.0928132545283367e-05 
-0.00036181428503376104 0.00020479335622201975 -0.00016515241912917799 
-0.0002819336190628295 0.0002216938983040425 -0.00017137807190475496 
-0.00015078749282693323 0.00010642910198376443 -5.300284585514452e-05 
-0.00016123117302276838 -0.0001779284837551973 3.8148317763353826e-05 
-0.00017693889011114307 -0.0002243786801464599 3.348996564722477e-05 
-0.00010620402535658834 -9.610337374171439e-05 -2.419498785567742e-05 
-1.506891581306957e-05 -7.306695963775489e-06 -7.440826500442735e-06 
-5.042362746298741e-12 1.2570650123372976e-11 -4.246796796596969e-12 
-3.183734793653607e-11 8.091521525157686e-11 -2.475888837158955e-11 
-9.597726418768675e-11 2.431327336643633e-10 -7.02468128651553e-11 
-1.6709401694081468e-10 4.2021924042433714e-10 -1.109768766280448e-10 
-1.7411659774055188e-10 4.478935185519593e-10 -9.611261676596118e-11 
-1.3666926285218008e-10 3.1825741141512305e-10 -9.294060663672922e-11 
-9.573517246211566e-10 1.5117372727956842e-09 -1.0166552805577676e-09 
-1.5091081173614836e-08 1.7168038389618007e-08 -1.4344460002776865e-08 
-1.9266410959427912e-07 1.6725309614561134e-07 -1.5755683475193017e-07 
-1.1754296991733233e-06 1.094191246721482e-06 -8.198415798286493e-07 
-3.0041797370872576e-06 3.268635247158895e-06 -2.039600414573432e-06 
-4.582255830154063e-06 5.8271346923226405e-06 -1.8751454082996557e-06 
-1.8000968792100365e-05 1.794549229310131e-05 -1.0014388713060901e-06 
-2.7270835190106122e-05 2.3980463958296963e-05 -1.639029145194073e-06 
-1.9313900520758084e-06 3.92991439073702e-06 -6.639935235052747e-06 
-1.101724480508886e-10 3.0819480373953267e-10 -1.0812905514830637e-10 
-7.265881955952464e-10 1.994072749947913e-09 -6.400175766100478e-10 
-2.457340367752767e-09 6.6298937347965474e-09 -1.981396786756712e-09 
-5.022904051415027e-09 1.3533281989269977e-08 -3.5997524905122174e-09 
-5.9087353524228155e-09 1.691835003877172e-08 -3.733996294459492e-09 
-4.4527982624625046e-09 1.2912637316161114e-08 -4.446041787575297e-09 
-3.4268918810046586e-08 6.172925098857408e-08 -4.2640444243327776e-08 
-2.741622019577619e-07 4.941531615943292e-07 -3.1640221706242257e-07 
-1.2381041992053324e-06 2.0303481470055016e-06 -1.237750471094184e-06 
-5.43821380867378e-06 7.410024171031264e-06 -4.213491047676576e-06 
-1.5834805346557073e-05 1.7709974976999975e-05 -1.2405040271721017e-05 
-1.1089681228111832e-05 -2.917528233818475e-06 -5.330557443447093e-06 
-3.78888149157818e-05 -4.12107307551585e-06 1.8570292348066633e-05 
-7.132638383002248e-06 -2.419618295732614e-05 -1.475104407881473e-05 
0.00017316640117076348 -0.0001317318548904262 -0.0001650885523685878 
-9.671853445711313e-10 2.8846352515974986e-09 -1.0682513258833796e-09 
-6.653413845312489e-09 1.920043577880754e-08 -6.459840686000887e-09 
-2.5120439909009796e-08 7.013551716667562e-08 -2.1549316609739762e-08 
-6.053403040165174e-08 1.6673017449144109e-07 -4.384880799368018e-08 
-8.249177390164348e-08 2.3761820771727463e-07 -5.093466213121369e-08 
-5.7241966577697566e-08 1.8119423858817747e-07 -6.719120947180839e-08 
-3.804147612591843e-07 8.244252702623585e-07 -6.153928064203094e-07 
-2.299439638418509e-06 5.235327072288047e-06 -3.298967366543318e-06 
-2.599622227447484e-06 7.54666700478084e-06 -4.362604151358098e-06 
1.1451573836867126e-05 -1.9701603157747712e-05 7.2590667780437536e-06 
8.022085569284881e-05 -0.00014734253187043784 3.085129152323408e-05 
0.0002863147750308565 -0.0005607160503274728 0.00010803166338520026 
0.0004907454676545088 -0.0009437665493334888 0.0002426974202100621 
0.000657459790239233 -0.0008151465284851993 6.130793097723804e-05 
0.0008759460527614739 -0.0006711261827716487 -0.0008513251916634889 
-3.4291158162541637e-09 1.1223440352429326e-08 -4.305971840084318e-09 
-2.5797711038686752e-08 8.03372784922622e-08 -2.8537487841400743e-08 
-1.1336124131415513e-07 3.3330138982099765e-07 -1.0677569781989457e-07 
-3.282859786195748e-07 9.269455505602446e-07 -2.449126730021416e-07 
-5.303014780859138e-07 1.4873321305460004e-06 -3.132756055335752e-07 
-2.712332403416366e-07 1.0135436982287845e-06 -3.3145013818706436e-07 
-3.255884204025442e-07 2.206118312896954e-06 -2.1873316804959445e-06 
-8.027408972766015e-07 6.212670984917023e-06 -4.635678019003062e-06 
2.8994626073261716e-05 -8.435398923634351e-05 4.215637457339881e-05 
0.0001634576041672079 -0.0004971498250673806 0.0002193365678415781 
0.000454602691003366 -0.0012377254842829409 0.0003847845948890111 
0.0007837603151747033 -0.0018644541372995864 0.0003125086103943945 
0.000802037186975222 -0.0009739469668430274 0.00016895197439250297 
0.0005259822966142014 0.0013683535870400183 -0.00026504734717244186 
0.0003687418859896598 0.0014703972001098332 -0.0016101517140238476 
-5.458797862604461e-09 1.8537270833187627e-08 -7.107414923001571e-09 
-4.515833750809647e-08 1.5260837470487596e-07 -5.657166015775826e-08 
-2.3324492497732812e-07 7.721382023031955e-07 -2.5960320438818927e-07 
-8.15627975761754e-07 2.637684489497123e-06 -7.320866610614833e-07 
-1.5452939770366544e-06 5.01984123256837e-06 -1.1635641527005028e-06 
-5.514162187688608e-07 3.784307609435621e-06 -9.274410945406823e-07 
3.014875075654864e-06 -4.671301222496002e-07 -1.5839272326842915e-06 
9.914569234374034e-06 -2.3374930547638955e-05 9.511590243120253e-06 
5.604423461247446e-05 -0.0003140449410739826 0.00015416442932496364 
0.00020907442352811407 -0.0013577666815793696 0.0005935097018764518 
0.00042450752433300125 -0.002784629000853343 0.000902917650408795 
0.000559616012069724 -0.002858178250158513 0.00037997220505610416 
0.0004042285481020945 0.0005599060107673675 -0.0005255503025935332 
0.00034341724709345545 0.004663594057804921 -0.0011593313012446954 
-9.78328224181626e-05 0.00370928921348394 -0.0018093970032321566 
-3.922845908655404e-09 1.059042403175282e-08 -3.558179241471965e-09 
-3.455948309100176e-08 1.2472879535637614e-07 -4.687044578460566e-08 
-2.1093829541796856e-07 9.27824693683092e-07 -3.256394604970474e-07 
-8.701477467997386e-07 4.253953507329075e-06 -1.2569594816449977e-06 
-1.5927853996217945e-06 1.0148083321411142e-05 -2.625193791688469e-06 
1.5469671035786247e-06 1.2345726193721741e-05 -2.490840945776021e-06 
1.182306591363158e-05 9.451177555568957e-06 -1.2050131907570798e-06 
2.4394352171797757e-05 -7.450982521488341e-06 5.049418836342479e-06 
2.797648277630784e-05 -0.00022617232753817737 0.00010766895454672855 
-2.7402547181399305e-05 -0.0010756503847646325 0.0004891763113173892 
-0.00021436933547662462 -0.0024550072753346894 0.0008700890400032933 
-0.0004421479316653078 -0.0032530278144505976 0.0004827787568117757 
-0.0005849135856501905 -0.0018393334640136993 -0.000602823906547003 
-0.00044578643389462866 0.00033145873148075246 -0.001308811984549213 
-0.0003946937094301585 0.0006692588243535514 -0.0013552630178864933 
-1.6283700545313236e-09 2.1655789986453776e-09 -3.039897691195646e-10 
-1.390988706789355e-08 4.8524031094611395e-08 -1.637088734927325e-08 
-7.447316268661714e-08 6.444199908731462e-07 -2.2510498581799195e-07 
-2.2946086639137603e-07 4.4052427696632575e-06 -1.3401392487504587e-06 
2.221422532333413e-07 1.4447634608945837e-05 -3.592953528370806e-06 
4.672252929518013e-06 2.757778830977043e-05 -4.319368734275295e-06 
1.4103929748850673e-05 4.303779000422336e-05 -6.471599635050407e-06 
2.4330224084534923e-05 6.449208717993557e-05 -2.111175671853509e-05 
3.7815096183594146e-05 9.089863047907223e-05 -5.1311374092862655e-05 
1.696665515806082e-05 8.660177586773806e-05 8.411190886986567e-06 
-0.0002394643234871598 -0.0004275096559610654 0.0002667190301034201 
-0.0009159428470396202 -0.0018973965181024064 0.0002979019198453038 
-0.0014528885292039787 -0.0026414055772672335 -0.0003543582321771507 
-0.0011890690642652564 -0.0017415450540715716 -0.0007924954561392009 
-0.0004570208004173711 -0.0004893622446340328 -0.0005163561554900357 
-1.1900247150089042e-10 4.2162351959473444e-10 -1.495402678359326e-10 
-2.510294460991549e-09 1.2508217479901123e-08 -3.7197982261535135e-09 
-1.1378594878423957e-08 2.746653566041738e-07 -9.080713823183493e-08 
1.7178731768241827e-07 2.808102171584955e-06 -8.60962525025684e-07 
1.574187863435578e-06 1.2711632056394708e-05 -3.09523799943894e-06 
4.75227514506477e-06 3.1114829591518196e-05 -5.2415876751156964e-06 
7.079191714251927e-06 5.3218354629458995e-05 -9.878078121458415e-06 
9.408987113848698e-06 8.02682210368407e-05 -2.4568998906018596e-05 
2.4395012582283644e-05 0.00013986153320132708 -6.478870532237248e-05 
6.657182158008979e-05 0.0003015160846950972 -9.827324999396028e-05 
2.334130362017942e-06 0.00025745119755143583 -1.58258443322069e-05 
-0.0003514812343423145 -0.0003863341427316456 4.86144683884103e-05 
-0.0005879973252428958 -0.000755985383079091 -9.383306406450878e-05 
-0.00037337748018988616 -0.0004405391213068993 -0.00016292723181305312 
-8.319673380964419e-05 -8.210154179308176e-05 -5.812073488645111e-05 
1.376370604625491e-10 1.7858875135699048e-10 -1.4563228672912092e-10 
4.908384042365402e-10 2.602772294396472e-09 -1.0128119987660766e-09 
9.657419730014078e-10 6.193701174093647e-08 -1.9039643746732943e-08 
1.1755222123533048e-07 8.679243535304789e-07 -2.6714932408522797e-07 
9.65105082559344e-07 5.146626214864918e-06 -1.361009925186762e-06 
2.0381088494358156e-06 1.5198834903516998e-05 -3.3109620570471052e-06 
-2.683502066504949e-08 2.856960864057448e-05 -6.490602813348372e-06 
-4.119617385166163e-06 4.3404774425647e-05 -1.2282123381156734e-05 
-5.385446663967196e-06 5.521961396616181e-05 -1.973084410340026e-05 
5.945822977596266e-07 6.44338019076054e-05 -2.0075644646929818e-05 
8.730068320962799e-07 5.021549689662383e-05 -8.079896782496707e-06 
-2.459947063550572e-05 -1.1169382119439173e-05 1.1833361920671106e-06 
-3.083710261353662e-05 -2.759721213664633e-05 -6.971062733599279e-07 
-7.985829380889663e-06 -5.519671997128081e-06 -3.3706422309368443e-07 
2.8918784500080813e-06 3.3343940697448488e-06 2.6486723293434173e-06 

0.0010782953177113086 0.0006622541695833206 -0.0002629627524584066 
0.002375652256887406 0.0012756059295497835 -0.000731357533368282 
0.0008819508948363364 0.00044769976375391707 -0.00046108778042253107 
7.406244912999682e-05 3.655829823401291e-05 -6.65958177705761e-05 
2.0389182395774696e-06 8.020227966198945e-07 -2.5115493542671175e-06 
-1.1539023514473001e-08 -5.791753202727401e-08 4.5428233397259987e-10 
-3.217483768454786e-09 -5.343625300927024e-09 2.911641152031179e-09 
-2.387124083472192e-10 -1.4403716695927937e-09 -7.11109436092594e-10 
5.970850536218819e-09 -2.4033953716084966e-08 -1.7534392132700916e-09 
8.617195845772585e-10 -1.0879784895223565e-07 8.43088852064966e-08 
-5.403458374075853e-07 -5.738884851780313e-07 -3.0347948154485493e-07 
-5.992323792725074e-07 7.055293281155173e-06 -3.7721788999078854e-06 
3.146067115267215e-06 2.8926495701853128e-05 -1.0365158914282802e-05 
2.905787198415055e-06 2.086944914481137e-05 -1.0188513670073007e-05 
5.995925391744095e-07 4.436684776010225e-06 -2.9090167288359225e-06 
0.001956647203769535 0.0030206922092474997 -0.0017855813493952155 
0.004876623279415071 0.005834860261529684 -0.0033637580927461386 
0.0018939262663479894 0.0020755704899784178 -0.002105008636135608 
0.00015105849161045626 0.00015340366371674463 -0.0002759843919193372 
2.1113256138960423e-06 -8.20792308786622e-07 -7.393577561742859e-06 
-5.884226105812296e-07 -1.553399412657086e-06 6.137658694893577e-07 
-9.692896012214458e-08 -2.2467027671613238e-07 1.0074227554945914e-07 
-9.689583857497297e-09 -5.426025201371587e-08 -1.521645377755565e-08 
5.621012544310133e-08 -5.180251001490888e-07 -1.7806867980141305e-07 
-1.6003879466097715e-07 -2.7496525945025496e-06 5.7009330589608e-08 
-5.021949334604869e-06 -1.0795331149893173e-05 -2.4311672461863054e-06 
-1.0409066590000293e-05 1.0773954727483215e-05 -1.4618843806601944e-05 
-6.459323856233823e-06 6.74508182783029e-05 -2.8331586236163275e-05 
-2.2960815329042816e-06 4.0466455175192095e-05 -2.094764977300656e-05 
-4.7558514282286524e-07 7.2847816454668646e-06 -5.1208168088123784e-06 
0.0001251083886018023 0.005058873852249235 -0.0031837661517784 
0.0013514753809431568 0.009400862734764814 -0.0057855648919939995 
0.0005961426286376081 0.003431415418162942 -0.0038495882181450725 
3.740334386748145e-05 0.00022386788805306423 -0.0004877872997894883 
-2.990242933265108e-06 -1.6749847304708965e-05 -9.417012961421278e-06 
-3.095611390335762e-06 -1.1307599663723522e-05 4.080032198316985e-06 
-8.694631308259204e-07 -2.577075228771264e-06 9.580356019611713e-07 
-1.0371540073994545e-07 -5.230461255223418e-07 -3.36919638854738e-08 
6.188923222794074e-07 -1.9344529960108048e-06 -9.437336334627844e-07 
3.576654350467834e-06 -8.935309494972898e-06 5.312317625794094e-07 
2.62562707575853e-07 -3.972557540521393e-05 1.7388015294272918e-06 
-9.738752169141662e-06 -2.3404013631989073e-05 -7.163252575992374e-06 
-1.409473520652682e-05 4.059517596033402e-05 -1.9495953097248275e-05 
-6.7278094775247155e-06 2.313137747478322e-05 -1.2534831057564588e-05 
-1.1430945932033865e-06 3.703900461005105e-06 -2.784976828706931e-06 
-0.0016460115439258516 0.007113164872862399 -0.0003439785539285367 
-0.001797970151528716 0.010854329913854599 -0.005494443001225591 
-0.0006198612500156742 0.0036224742652848363 -0.0042478194809518754 
-9.176719322567806e-05 8.260168215201702e-05 -0.0004786648423760198 
2.2369031285052188e-06 -4.583603140417836e-05 -1.1085202004323946e-05 
-1.561531689731055e-06 -2.841177865775535e-05 5.511323877271934e-06 
-1.5713914649495564e-06 -9.900102895699092e-06 2.4177469839514742e-06 
-4.86535185473258e-08 -2.0671417217954513e-06 1.0322434373932765e-07 
1.6828798976575854e-06 -2.773102494302293e-06 -2.143002291177254e-06 
9.226907764059433e-06 -1.166962773169189e-05 -2.874421625165269e-07 
1.950085925273015e-05 -4.080499957126449e-05 9.49224158830475e-06 
1.2920328344989684e-05 -3.8786319237260614e-05 1.3875505487703776e-05 
2.1305204711552506e-07 -4.409817961459339e-06 4.045221999149362e-06 
-1.4023332397528065e-06 1.0578363571767113e-06 -1.2292269957470126e-07 
-3.17022973206349e-07 2.69634853111711e-07 -2.3925925773937706e-07 
-0.00389489735243842 0.00817412103060633 0.0027677993202814832 
-0.004440945689566433 0.011470904340967536 -0.0032079368247650564 
-0.001328703190665692 0.004106472944840789 -0.003129157703369856 
-7.203737186500803e-05 0.0003118869117315626 -0.0003676984997582622 
5.189870353206061e-05 3.097757144132629e-06 -4.6475109229504596e-05 
1.2290235645195935e-05 -4.254307623341447e-05 -3.16621617457713e-06 
1.7277213828492677e-06 -2.0234723251633113e-05 2.9028004746578517e-06 
9.986699325281734e-07 -4.915063300359179e-06 1.1103065844508819e-07 
3.1419363608620188e-06 7.54938753289025e-07 -2.004137115818594e-06 
4.711736778517661e-06 -5.732947499836882e-06 2.5088411348406225e-08 
1.182184519166185e-05 -7.268526815096266e-06 5.915365363762248e-06 
1.2412821888574399e-05 -3.414588974237631e-06 8.520767892150616e-06 
4.800887154488009e-06 -5.117292516843008e-06 4.77845721036374e-06 
6.5114589631321e-07 -2.8024024345540965e-06 1.6891462735202367e-06 
1.062604132462397e-08 -4.415374217359158e-07 2.7338850827618444e-07 
-0.0031090566189959645 0.004688297267421149 0.0018753315816866234 
-0.00401751312892884 0.00834113841119688 -0.0005115501844557002 
-0.0014139691193122417 0.005918358840062865 -0.0013100216783641372 
-9.484862857789267e-05 0.002990822831634432 -0.0007379132807727729 
4.025597354484489e-05 0.0009072890024981461 -0.0003966177609981969 
4.984218321624212e-06 8.44101668917574e-05 -7.095343016771949e-05 
-3.2377847674069926e-06 -2.2302906018012436e-05 -1.0729538644227432e-06 
-6.275088423990383e-06 -2.428280959065887e-05 -1.499734139542852e-06 
1.8484711290511768e-06 -4.60802256441184e-06 -2.1195043444777184e-06 
9.736712627272937e-07 -3.6868618380481166e-06 7.739315037724737e-07 
2.920716042353888e-06 1.2478132703108713e-05 2.664495923454524e-06 
3.887546654368634e-06 2.0340847186162136e-05 1.663036073296098e-07 
1.6455647937618778e-06 5.376869921747129e-06 -1.1201404959138017e-06 
2.14503995010773e-07 -8.294560984722921e-07 2.060922952296096e-07 
6.470940450142848e-10 -3.210575965084672e-07 1.6257852664125494e-07 
-0.0008832327548589092 0.001091424870537594 0.0005123983792145737 
-0.0017901315441122279 0.003330578183522448 0.0004304114045226015 
-0.0016145165027410258 0.0052228399872547016 -0.00020137681713094935 
-0.0010038031177828088 0.004691316222306341 -0.0009356606497021858 
-0.00035850626409228425 0.0019453410932328552 -0.0007399254900519736 
-7.611273031216115e-05 0.00041705321382323746 -0.00018306606216356158 
-2.464173257976654e-05 5.886145117983688e-05 -1.490334307163721e-05 
-1.3756610769632971e-05 -3.3544892403369886e-05 -6.813044706177607e-07 
-2.2594690562982578e-07 -3.217875951122551e-05 1.5912454713884472e-06 
-2.7440455596661195e-07 -2.3400956706609577e-05 2.5723390990606276e-06 
-5.220984462539491e-07 -3.4203561654067016e-06 2.4989829796595586e-06 
-1.3486271654983284e-07 4.24574727730942e-06 7.769033345539356e-07 
1.5237745287777216e-08 1.0282242328685243e-06 -3.003793835887336e-07 
3.696249883944347e-08 -4.925779251152562e-07 1.0688539475722791e-07 
4.852119483977901e-09 -1.442925618988511e-07 7.018590686413972e-08 
-9.367614984512329e-05 9.471043995290529e-05 5.5654061725363135e-05 
-0.0003110156503680628 0.0005003108162782155 0.0001170888690467109 
-0.0004589591499097878 0.0012232650005898904 -2.200912967964541e-05 
-0.0004150595996179618 0.001440089035895653 -0.00032628735698381206 
-0.00021924009888607543 0.000776882196078077 -0.0002922592539107427 
-9.385146404383704e-05 0.00030641867124359123 -8.98008702279185e-05 
-3.2450916933157714e-05 0.00010553064566920511 -9.612211215426214e-06 
4.388155957713025e-06 -1.831188637879677e-05 4.47916318080388e-06 
1.3782525456917938e-05 -4.557262263915618e-05 7.241904427246482e-06 
6.11078786505459e-06 -3.156679599669587e-05 4.818691650143592e-06 
1.2510949716215691e-06 -1.0480007176738582e-05 2.806764143770124e-06 
6.601473501177679e-07 -3.1318123774326523e-06 1.6105138911370886e-06 
2.904427809369281e-07 -1.0357825068751936e-06 5.066102204409617e-07 
5.62424317118726e-08 -2.694028342631327e-07 1.1781931164023263e-07 
5.010865548882304e-09 -3.4536742354873695e-08 1.865142362778016e-08 
-3.2102192051297607e-06 1.87367146509132e-06 1.6357984691239835e-06 
-1.5404947703245853e-05 1.4700793599331519e-05 5.532422562737338e-06 
-2.3577702904731268e-05 4.3678378006006824e-05 -2.2521625169247272e-06 
-2.1895755708101206e-05 6.396470917024999e-05 -2.3800205326551804e-05 
-2.1049304677944747e-05 5.691501519322628e-05 -2.419188956537255e-05 
-2.3406115133184358e-05 5.423722495834227e-05 -1.0457574262545677e-05 
-7.901949402366881e-06 2.156040682166349e-05 -2.1153028342268954e-06 
8.54891663948365e-06 -1.709004516214918e-05 2.3118168428482022e-06 
1.038665152464091e-05 -2.4029123323998647e-05 4.228845455145347e-06 
4.598595296556596e-06 -1.4178136098053074e-05 2.602043366550788e-06 
1.0591020398464934e-06 -4.423476553938599e-06 1.2031760618924636e-06 
3.590437493983245e-07 -1.0327237589535798e-06 5.418955240088508e-07 
1.2158910944748413e-07 -2.1903100666520459e-07 1.4530365977094561e-07 
1.9421445118794622e-08 -3.821496397105051e-08 2.3084988830246456e-08 
1.4211578064533825e-09 -3.2601185193277538e-09 2.244480596172438e-09 
0.0014846230042167008 0.0003951939506805502 -0.0007460861961590126 
0.00419969653012231 0.0005573813105002046 -0.0016042783099692315 
0.0019705263257492334 0.0001503192415839294 -0.0010160341917071491 
0.0001957981803570874 6.4154303345276276e-06 -0.00014582294534193352 
3.6759360000360175e-06 -2.5527612734776994e-06 -3.7565720845122996e-06 
-3.8779661837295976e-07 -9.146173831631188e-07 3.991899875099847e-07 
-5.1207304091471784e-08 -1.264631932507143e-07 6.179098192837795e-08 
5.871402142254567e-09 -2.5734282371736583e-08 -3.5382250462845377e-09 
2.8458327250291404e-07 -1.5829556376800724e-07 1.5967312094744557e-07 
-6.57122726011039e-07 -2.97376303137753e-06 3.590447903434324e-07 
-3.1236819268087856e-05 -2.9883940896979766e-05 -2.9404980523395352e-05 
-4.5488377509173006e-05 0.0001413607933500316 -0.00013595443215308478 
0.00011351834837114438 0.0007549558195023565 -0.0003096956352237612 
0.00011612651906034444 0.0005802813648188021 -0.0003044704153580824 
1.9770610833802493e-05 0.00010604379031065037 -7.634691837665741e-05 
0.0018164488428737968 0.001695583894615993 -0.00418839167105034 
0.007689153426326811 0.0024714873579796404 -0.006193313514813781 
0.004208767903037369 0.0008883680056896992 -0.0037224358529783785 
0.0003749194474949036 6.669593130936846e-05 -0.0004599163949023932 
-5.87275835073342e-06 -2.890500445573707e-05 -8.574576781938958e-07 
-4.752666242779924e-06 -1.713753460563794e-05 6.840177746880727e-06 
-1.0335037048392337e-06 -3.6704300043766125e-06 1.5526058660952913e-06 
6.874553193370048e-08 -7.574131490883929e-07 -3.5226227268481125e-08 
5.327660630882747e-06 -1.980319780159334e-06 2.2135296262604243e-06 
1.6859632751220488e-05 -2.8271245582800475e-05 1.6429959941888228e-05 
-0.0001624229585104331 -0.0002819178416757495 -0.0001265203027287498 
-0.00037384477491286816 0.0001752363987179706 -0.0005054340654169209 
-0.00018948567230836488 0.0017052129696821794 -0.0008549533231416717 
-5.418439923232654e-05 0.001048125974193681 -0.0006120128309703432 
-1.098963662116148e-05 0.0001602898737473879 -0.00012799425167031586 
-0.0009272424795199186 0.0021893306693527848 -0.006375704426318407 
0.0015098733711056411 0.003406579518923536 -0.007568926899693906 
0.0008154796337294101 0.0010073486773762852 -0.004114952200325206 
-0.0002159238574677147 -0.0001837375748436898 -0.0002510155754862353 
3.533295966917649e-07 -0.00010484975064173341 -2.2292665562417824e-06 
-6.0134225350338966e-06 -0.00010094956599004945 2.668012234607886e-05 
-5.223936591747247e-06 -3.393110290872414e-05 1.131685286281936e-05 
1.6323900808856706e-07 -7.465550709184754e-06 -4.501927719502419e-09 
2.4559906933063758e-05 -7.4776271503651515e-06 -2.533740826038411e-07 
0.00014099531927058706 -0.00010259641021548305 4.20724245486781e-05 
2.921005943790078e-05 -0.0008916570532164769 -5.028926534578204e-05 
-0.0002876263461075723 -0.0005298615033098031 -0.0002923841093434021 
-0.0004063537053298205 0.0010956067417282611 -0.0006255022990444559 
-0.00019607879767136183 0.0005948705511400476 -0.0003777690690185409 
-2.88652363451547e-05 7.853673014324158e-05 -6.787593974877382e-05 
-0.0019729643827304244 0.0030083275632932782 -0.0026009102002717555 
-0.0016521008219569921 0.004097384982742369 -0.005528581794351339 
-0.001919985494168941 -0.0009972800762625411 -0.0024631409905850887 
-0.0011279460159130394 -0.0021549090215557953 0.0007719754212303087 
-0.00013596355711342767 -0.0006042842733222642 0.00015350996909546666 
-2.7851878257934004e-05 -0.0003060559192817891 5.238961148279486e-05 
-3.3128853829111904e-06 -0.00010082857625093311 1.8140462998417206e-05 
1.018817170006514e-05 -2.054537299045478e-05 -1.4959769316646998e-06 
4.466857535589952e-05 -2.4791451323835645e-05 -3.485682282189373e-05 
0.0002313615768798627 -0.000310239925966016 -8.392306335736066e-05 
0.0005196939746383578 -0.001097668045986211 3.000862488988787e-05 
0.0003804509760811925 -0.000866889749886468 0.00022667111261398531 
-2.4110604499583133e-06 8.053542842390016e-06 1.186644658446312e-05 
-4.6054641643422656e-05 5.152313315193169e-05 -3.210951035725884e-05 
-7.763227586110588e-06 6.357116944855079e-06 -6.188442057464272e-06 
-0.0035111587349092588 0.005019875301513821 0.002977073352667503 
-0.003884775855112821 0.007255710079334676 -0.002386533422395587 
-0.002745202655205503 -0.00018321197421755642 -0.00113450046046637 
-0.0016088672273326665 -0.003504653286654502 0.0016194316667679232 
-0.000561213575565489 -0.0017566002788953483 0.0006239747308427468 
-0.00017763313007890247 -0.0007970287842908874 0.00014685696078231558 
-2.0926157503708964e-05 -0.00028355886115605244 1.3032732567808125e-05 
6.519990893139038e-05 -6.175861562951468e-05 -2.4955237449830747e-05 
0.00014850978186586872 0.00010614225720928516 -5.8103149058297276e-05 
0.00012137559861002956 -0.0002415589997326606 -9.648685227148235e-05 
0.0003390833517187275 -0.00015658201300539076 -1.7883197870105505e-05 
0.00035901544470107183 0.0003633079177234322 -3.0636729206889868e-06 
0.00013143619798938744 0.00016709879855625331 -4.0332313801627606e-05 
1.646396685828222e-05 -1.91557701327838e-05 9.215301361109596e-06 
9.949976487177992e-08 -7.401149332508794e-06 4.806163588000345e-06 
-0.004371612623799592 0.004950449394527823 0.003551577916368842 
-0.005487501301104203 0.009893787442706525 0.0007406822551274672 
-0.00259735164581798 0.008762115961872041 -0.0008656089485157281 
-0.001040521208778955 0.0052327502053231 -0.0007708876219112426 
-0.0008711806804058142 0.0011169316712766886 -0.000602482381509617 
-0.0005273097922326997 -0.00041125000279862434 -0.0001161861073342152 
-0.00031595911059412174 -0.0008311640995088965 -1.539121194582549e-05 
-0.00010091058902617078 -0.0007093212852851138 -8.245530216299812e-05 
0.0002078178986266721 6.654343178524869e-05 -9.091646734304959e-05 
5.7051076396419376e-05 -4.494974928093143e-05 -2.383035098318942e-05 
7.893957626947667e-05 0.0005675225693266839 2.875825884984806e-06 
0.00010767845014925115 0.0010408702364657074 -0.00017037615180015564 
5.102331851958297e-05 0.0004756846174132079 -0.0002019442617893219 
7.73631154515897e-06 4.415120565681718e-05 -3.594745066948235e-05 
2.571280788288277e-08 -4.553718099487014e-06 1.986280949495267e-06 
-0.00212538248160854 0.001737443933961913 0.001625513075850904 
-0.00390746642369777 0.006405085965525359 0.0014650252414867282 
-0.00297761830734089 0.012078713218215853 -0.001050036182277836 
-0.0023892237222753465 0.013521082699298859 -0.0035534444032236934 
-0.001823553662688937 0.007609055406646803 -0.0030836296209599823 
-0.001080086443835171 0.0031436620629392564 -0.0010741748264990747 
-0.0005910679906264704 0.0005322227661963552 -0.00014226779603632167 
-0.00021502554591279477 -0.0009331969558843412 -1.769988284650026e-05 
9.900956501951441e-05 -0.0005716114974347875 6.591844794456847e-06 
1.9870089090545662e-05 -0.0004268509496796469 1.9363934370630886e-05 
-1.572976998431841e-05 4.2668931200751103e-05 3.4788998164003715e-05 
-1.092458910534333e-05 0.0002448436862323433 -2.1504492906387895e-05 
-6.854229013697477e-06 0.00014974148507462814 -7.215321966214105e-05 
-8.093658721008978e-07 1.978314139705617e-05 -1.7004800611175597e-05 
2.883856287105857e-08 -1.6809340195322875e-06 6.788693553971825e-07 
-0.0002817898421199061 0.00018542355974204838 0.00020265635248506442 
-0.00041120727837551385 0.0010034991428256035 0.00014791548892389983 
0.000991938984952867 0.0023912877368275076 -0.0010288284538546577 
0.0014846305712126195 0.003626604040618986 -0.0020928343146806583 
-2.1618325263261795e-07 0.0036644126812461764 -0.0017171061044791713 
-0.0010611799552862067 0.0036033069773111492 -0.0006819400950917043 
-0.0004988617438357323 0.001945035794051364 -4.664746666094288e-05 
0.000186147604836151 -0.00026293800328858197 8.951766358222812e-05 
0.0003087733166466933 -0.0007191899348981678 0.00011559105359992827 
8.986714601633139e-05 -0.0003916510977433063 3.407090707696625e-05 
-7.096781587279111e-06 -5.510923438123427e-05 2.13585749406775e-05 
1.6897929526749067e-05 -4.922476819047006e-05 3.521799408190418e-05 
8.211788497192174e-06 -1.6676600353093818e-05 6.738792535543325e-06 
8.450430466488967e-07 -2.0231924509062083e-06 -6.476284397649579e-09 
8.265787476702258e-08 -4.5501604972741916e-07 2.372228635749707e-07 
-7.82597521720163e-06 4.206312155474734e-06 2.774029553620494e-06 
4.9811822464107536e-05 1.0812300388352014e-07 -3.104939969489351e-05 
0.0005140412904438563 -0.00014531627493852284 -0.0002054733331533498 
0.0008913515193853527 -0.00024922305419750046 -0.00030005704707036784 
0.0003773886783164926 0.0001432276112609543 -0.00020065618309672573 
-0.00024961810413515195 0.0007230220071505755 -8.620487733423943e-05 
-8.247548248618841e-05 0.00041937136120395735 -1.199683356389869e-05 
0.00018935591651825234 -0.00026458485808689147 4.298422936699353e-05 
0.00020173349912511185 -0.00038895485340617597 7.203527275123633e-05 
5.826963206345681e-05 -0.0001612525029486278 2.346978794776078e-05 
3.7055269785923883e-06 -1.7454211047152057e-05 1.0360733767811325e-05 
1.083516735889134e-05 -1.2646281248862579e-05 1.2050815485054045e-05 
3.6142143926554127e-06 -4.630310911579727e-06 3.3222126631926585e-06 
3.3236138108350133e-07 -5.80583908948995e-07 3.407759514573172e-07 
1.7689504305806736e-08 -3.9887353420198224e-08 2.4610637083810616e-08 
0.0006705417181365192 2.149659883343702e-05 -0.0003893333487212658 
0.0026202451554127038 -0.0003264639234430433 -0.0009896587289404124 
0.0016693501675035805 -0.00030009721012902446 -0.0007439133332809433 
0.00019540951325325295 -4.550948506221175e-05 -0.00010913235382759012 
6.511626224892098e-07 -6.562754720107478e-06 -6.533215923809621e-07 
-1.0768803804239724e-06 -2.836375351478182e-06 1.3206100675233756e-06 
-6.748003755774334e-08 -6.639849985390356e-07 2.9891386854608015e-07 
7.261110113176983e-08 -1.0547468676236349e-07 -5.6874483789215446e-08 
2.6172790512646316e-06 7.86827229148912e-07 2.013993025684613e-06 
1.5065721754581318e-06 -1.3107607628626283e-05 2.247307861580339e-06 
-0.0002698421558307018 -0.00022759160492569208 -0.00025379564158356516 
-0.00047405011719092727 0.0004943087697029114 -0.0008853512917994522 
0.0007935452995297965 0.004329438801505603 -0.0020024569530505687 
0.0009766113980731461 0.004144964334045653 -0.0023773201755830087 
0.0001584673025263328 0.0007936312358651776 -0.0005986154683341738 
0.0008020282257348299 0.0003599942701839609 -0.0018743640976026654 
0.005348406848497689 -0.0007497873739339411 -0.003150803269818425 
0.003790240385569632 -0.0006203688681125641 -0.0018956375861307606 
0.00021840455883648247 -3.291309985797852e-05 -9.082040196517482e-05 
1.2230317224748433e-05 -4.658088437281549e-05 -6.688796929665841e-06 
1.1681157047860324e-05 -5.005974117011647e-05 9.923007610268542e-06 
5.084473741590045e-06 -1.7243627667085093e-05 5.583922302321298e-06 
4.606840676046886e-06 -3.1107865936519374e-06 5.352694074645115e-07 
6.009486969560385e-05 2.0037700323882746e-05 4.476004596654093e-05 
0.00028255026700207964 2.3434004106093198e-05 0.00024493563250871375 
-0.0009573538573022233 -0.0013312205555848777 -0.0008414932090090588 
-0.002464848672389053 0.00026900036027655005 -0.0030103680328466 
-0.0010789681691676378 0.008418910554610193 -0.004920223786029965 
-0.00037576248359982856 0.00647396661224775 -0.0043678293004632 
-0.0001044838800225989 0.0011005687920260243 -0.0009747276562848128 
-0.0007314732065424323 0.0007654039363842458 -0.002609186281915754 
0.0008315179729834199 -0.00012251402949914336 -0.002097749267704785 
-0.0008130381174851209 -0.0008915660437196493 0.0010110301664099097 
-0.00140527100302279 -0.0006347484886646271 0.0011403674725443125 
0.00027783481345977634 -0.00025823977193795145 -0.00017020813538692892 
0.00020674506413342897 -0.0003267400461481884 -2.5644050765549764e-05 
0.00012074708865839057 -0.0001423822541255504 1.448624607292004e-05 
5.505129911398399e-05 -3.713413218520145e-05 -8.18335877283971e-06 
0.00018681922938412754 -1.7118884670708212e-05 -2.679888712009415e-05 
0.0010613230406306684 -0.00033959113716264255 0.000188634789083153 
0.0004340985615272075 -0.00340722210239619 -0.0003033694811165333 
-0.001403970760293305 -0.0020083111594431102 -0.0014804021921008825 
-0.002301471191458404 0.005652002320857719 -0.003591783461160958 
-0.0014935830913600512 0.0038675315663567744 -0.002888708864702494 
-0.0002599036706669722 0.0006512945510621648 -0.000597268452111166 
-0.0010746586922323331 0.00017588777700439095 -0.001213939394801855 
-0.0016118735948111862 0.0005057334201410413 -0.0005241687031229958 
-0.004149641492404044 -0.003684000577777624 0.003534400835633278 
-0.003464904730208218 -0.0043327342718839645 0.0029722604667767882 
-0.0008441201352979988 -0.002359679725486785 0.0005596186383627355 
-0.00019680015975609422 -0.0014771014539292082 0.00017645150364842266 
0.00024129688972607255 -0.0003633812884800136 -2.2534089112014044e-05 
0.0002183630897434341 -7.064347880714195e-05 -2.677940392459277e-05 
0.0002949453701148741 -0.00028672190092038363 -0.0005118408880662173 
0.0011402694653952494 -0.0028529077244456857 -0.001825517218094319 
0.00276002666214481 -0.005780833773314953 -0.0006944725173525512 
0.0024357452057302 -0.003789497190155089 0.0013266024470794946 
0.000221049296669662 7.17691145837307e-05 0.00015076319687068462 
-0.0004130610905122012 0.0006091479444876313 -0.00046026366180740297 
-8.885195711627603e-05 0.00018023175806547442 -0.00012338702435954474 
-0.000535187020432204 -0.0017716187285259366 0.0019925475935451686 
-0.0016649894387228414 -0.0003667070996016264 0.0011981453280895948 
-0.003573341586161405 -0.004620992811396718 0.0029815813177265227 
-0.00427901233342709 -0.008069921866990626 0.00420067337108776 
-0.0031361420296889264 -0.007226404617540538 0.002714063972234726 
-0.001525051033240743 -0.004123380233068019 0.0009475667029619217 
-0.0003247455751989037 -0.0014773198054172099 3.839396231342107e-05 
0.0008146163891069591 0.0001069999416358769 -0.00012420211214703158 
0.0015549797972198576 0.001194509255583398 -0.0005462110857479274 
0.0005584100326814223 -0.002678551376448013 -0.001716591592412442 
0.0018808302120305598 -0.0019820871530100703 -0.0009521203464828432 
0.0024450455675832927 0.0030712499283254147 -0.0006427351618185639 
0.001077578985132277 0.0020183221204206347 -0.0009516427526250482 
0.000122317213936185 0.00020015329937450588 -0.0002245103969471529 
-1.2609301847987808e-05 3.93499849451473e-05 -2.4972829123726115e-05 
-0.0017860534717328846 -0.0019184848497388884 0.0035248526837676764 
-0.002628561109304428 -0.0008474319474771619 0.0031737968238303438 
-0.0017763998403097503 0.0003040845622308552 0.0012347039009910077 
-0.0022802017148251252 -0.0025821000890573487 0.0017387001280440018 
-0.003273037844337523 -0.006705193896777928 0.002341307408642024 
-0.002559027576353401 -0.005416068248450756 0.0011253671837039292 
-0.0019456432783044875 -0.005218856269493699 0.00010123384345206432 
0.00020773385767824948 -0.002763317432254553 -0.0004779890186910052 
0.0022769337228965014 0.00171848273021169 -0.0006123164639575407 
0.00046412759184022434 -0.0005769138952018693 -0.0004392592527437955 
0.0004177340206297231 0.002307289047166705 -0.00018837829702533782 
0.0007403152194456197 0.006246206350624561 -0.0015332124312408268 
0.0004118728102184832 0.004106240114197135 -0.0022764430614188313 
7.182171975728124e-05 0.0006679462094325572 -0.0005776583566330373 
-9.722884897200856e-07 -9.794075594982132e-06 1.416865416103974e-07 
-0.0017648209468461573 -0.0009574164287187159 0.0023685056949034333 
-0.001963648828677833 -0.0013245269074104726 0.002843949187081307 
0.0016492495124111883 0.0013384533813223243 -0.0006115186843089759 
0.0017985294689424336 0.0040218374924734235 -0.002539671753766015 
-0.001260583070688881 0.003254725714214146 -0.001858618517871946 
-0.0028483307105489075 0.003591192187741399 -0.000916004239115864 
-0.0024456192913930863 -0.0008726172964088619 -0.00019365953630767763 
-0.0006583168615179602 -0.004654618373024277 -7.30004976503551e-05 
0.0008960120030678809 -0.0028269370668567717 7.140743400668725e-05 
0.00023440979566657916 -0.0026097629306605086 8.148105916916393e-05 
4.088638524990529e-05 -0.00044113583862781525 0.00028306341846473515 
0.00016051834973040968 0.0006450691143982112 -3.0124552722554654e-05 
1.028194856189657e-05 0.0011263511842116714 -0.0007847567030694336 
-1.3634907418236253e-05 0.0002896766527555883 -0.00024588787346147 
2.48875880970445e-06 -1.4003991054778453e-05 1.3870932889403775e-05 
-0.00026596745010465384 -0.00017246429706574418 0.0003440339060034603 
0.001121385648730211 -0.001240520621649921 5.4816409829072654e-06 
0.007483768975362182 -0.0033250913256779313 -0.0023278363805729896 
0.01012088218703866 -0.0027590692625381052 -0.003154838690534234 
0.003722012566868216 0.0022263710270635784 -0.002158103248802945 
-0.002315829857252538 0.008385594061110169 -0.001172382733784616 
-0.0011388240964151919 0.005011807312257588 -0.00019720563432201743 
0.001266169361770153 -0.0027972147800028324 0.0004027914983453229 
0.001743270899169147 -0.004576719249598682 0.0007449451950378716 
0.0004277867265045643 -0.002217391098383814 0.000166510850249324 
9.540211976855062e-05 -0.00043223582906648517 0.00022821975289843976 
0.0004528588324319571 -0.0009274445765186101 0.0004798119334736839 
0.00010331417433917522 -0.0002587740891613066 2.9630933568114415e-05 
-2.0456865058804397e-05 1.684371363808168e-05 -4.459750198293477e-05 
-8.369118349449423e-07 -1.4298864243755816e-06 7.618484687554883e-07 
-1.2865538110418129e-06 -4.128635055167251e-06 1.9429739950282965e-06 
0.0003741101536434144 -0.00018266220558871282 -0.0001505348054706701 
0.0023798925685696304 -0.0011051259934902191 -0.0007174001148086973 
0.00410648895194754 -0.001950237638084218 -0.0008274860592791811 
0.0020019256917294115 -0.0005665879161824705 -0.00031530387605016585 
-0.0006120913894847035 0.0019471888663247228 -0.00016943748050834984 
0.00015519358566962183 0.0007424440264003351 -0.0002431969842291437 
0.0006602494686376303 -0.001918282825499773 0.00013855775250704028 
0.0007748309290036559 -0.002369748894125223 0.00042932112410198897 
-9.518626575300004e-05 -0.0006827564793638885 8.804423123365268e-05 
6.867339834570885e-07 -3.182533509971108e-05 0.00013100935393595137 
0.00023405536921927705 -0.0002466224214003887 0.00018717351485975087 
6.269081495702267e-06 -3.780893894145265e-05 4.570290002448019e-06 
-1.7758417925506365e-05 1.0414699545435724e-05 -1.646557848289376e-05 
-1.3657785444820547e-06 1.0415200506486144e-06 -1.54766527771244e-06 
9.530695933790412e-05 -3.036778869613954e-05 -3.8840836168674286e-05 
0.0004599878957378678 -0.00017585772275197087 -0.00015056859047035687 
0.0003483782274997793 -0.00013608707376988605 -0.00013567102723754942 
3.7986213555996073e-05 -1.744648125168169e-05 -2.0097496644666535e-05 
-2.4239468530140584e-06 -3.000749416059989e-06 5.936434774866939e-07 
-8.092442840279546e-07 -2.576824257971566e-06 1.3392971354164729e-06 
6.50751026398666e-07 -1.0802301915191492e-06 4.3134675964395797e-07 
4.027433249120804e-07 1.4981527129975802e-08 -6.17375064848602e-07 
4.590503522194922e-06 4.900992280454375e-06 2.693789610930253e-06 
6.006994954077527e-05 -1.451350726711098e-06 4.6104709326755255e-05 
-0.0002817845670506358 -0.0003205465654900763 -0.00023139751488088223 
-0.0008891402831068262 0.00017420086078345776 -0.0007523753884015605 
-0.00036075839307159185 0.004906576839857735 -0.001997298728383612 
-0.0002906812587752938 0.00644220007234253 -0.002640115038957447 
-0.00020901545212836936 0.0015051596710691229 -0.0005635230627376586 
0.00015436192916240543 -8.345214155269787e-05 -0.00016173041149158962 
0.001080881047528237 -0.00062938267365098 -0.0003686220516101457 
0.0006834667146904394 -0.0004442472127266228 -0.00010626289440551773 
-7.76828128437046e-05 -0.00013048385153524578 8.431982132606208e-05 
0.00010417465819045901 -0.00011504181020427495 -2.9943679692223668e-05 
7.20900961823645e-05 -7.933357665024232e-05 7.501403160858899e-07 
6.0099463979668144e-05 -3.558915750545566e-05 2.442923630496807e-06 
4.563395486911759e-05 -3.63735273367638e-06 2.9546224595833337e-06 
0.00020063579722773284 7.178115811257157e-05 0.000142973629408516 
0.0009715962805785239 0.0003209695096302312 0.0008116700337268412 
-0.0007384260243270546 -0.0009971263498300686 -0.0008157256379490718 
-0.003433596939430572 -0.00042308191768825054 -0.0032648887718096375 
-0.002438972514937632 0.006917255523148924 -0.004590010423271451 
-0.0020206214248901233 0.007783041801303625 -0.005011399160139263 
-0.0005596322735073045 0.0018935558618977666 -0.0013431116822175682 
-8.556021202821285e-05 -4.4568006615008926e-05 -0.00018802469276124611 
9.456364568904974e-05 -0.0005085614393465221 0.00015362245903816074 
-0.0011429638252593577 -0.000776262953877449 0.0012865113094449043 
-0.0007017638272373006 -0.0011517148232087493 0.0006577133317478001 
0.0011677981092361733 -0.001095093903131783 -0.0003937273577321321 
0.0010866034281207249 -0.0009114971617236733 -0.00017014105105772614 
0.0011495019284666341 -0.0004317557904869318 -0.00012665835674852133 
0.0006929161900188774 -7.652429121662863e-05 -3.198050853825407e-05 
0.0008085704321274534 1.4225501217879355e-05 -1.170163886854425e-05 
0.001985624257940799 -0.00020321706324466504 8.284288924187422e-05 
0.0009730556048452854 -0.0019796213891822845 -0.00018088774595526047 
-0.0012617318716365844 -0.0018593455897644162 -0.001122316811233759 
-0.002670745278010145 0.0042003573616966605 -0.003422978683374822 
-0.0027880370980710723 0.005343979122699238 -0.004513644438702613 
-0.0006929563496669289 0.001835575036238879 -0.001492629642598331 
-0.00014847918646410108 -0.0005174611287657171 0.0003464803603492328 
-0.0005676319560734555 -0.00042397796642035246 0.0007781530730426311 
-0.0021191185514908284 -0.0014627212658524513 0.0017795258900150657 
-0.0022816677228547633 -0.001815606839954853 0.0009011846268549562 
-0.00022766115580452606 -0.0030644023790955544 -2.7851085178554058e-05 
0.0013919393240939826 -0.00349426013417542 1.6232486814260483e-05 
0.0029296376296770177 -0.00137698368052952 -0.00042031537304865196 
0.0019000129723281134 -0.00030701113792019896 -6.41490041743964e-05 
0.0012692326490650885 -0.0006490836676675826 -0.0011988161713816226 
0.0011369292624294758 -0.005205559078603983 -0.005074020707979798 
0.0027894912636838853 -0.006077272933907807 -0.0014974417863413692 
0.0032786806696094573 -0.004630674375221133 0.002681993617443368 
0.0008998311241157353 -0.0024380870163440704 0.0011016346979886293 
-0.0009737068685353734 0.0016901285853236914 -0.0016936108586378396 
-0.00044572268234333023 0.0016578844224568456 -0.0010521760414121673 
-2.804523319355212e-05 -0.002309104718733579 0.0017738781461957842 
-0.0007678361580474302 -0.002484730677679181 0.0022153613390401006 
-0.0023723117483314127 -0.0013299474958330393 0.0013164224801585078 
-0.0039289171691052616 -0.0006046192720532417 0.0005529664340429008 
-0.0028032558038830757 -0.005195629317313433 0.0013999059156049043 
-0.000707821105606854 -0.005458576939417981 0.0007912469154689461 
0.000561221590032801 -0.0024042402510531247 -3.0057126423344016e-06 
0.0019009773677680641 0.00033094073296524584 0.0002795291075017303 
0.003081428414589027 0.001956103471457027 -0.0009722838876768947 
0.0003163518849760294 -0.005079879949335009 -0.004277979722246528 
0.001647715165745467 -0.003920154529623687 -0.0018436743412166834 
0.002987607047543861 0.0021090046502649784 -0.00048294186126440763 
0.0017404588325007353 0.00033195456489920616 -0.0011924393475055695 
-1.4464912965195253e-05 0.0005068312166258693 -0.0013305742759257555 
-0.00029619811175507493 0.0012809725594706833 -0.0010312106242054142 
-0.0007039721676846966 -0.003484840941382572 0.002816124528180808 
-0.0014144088745524641 -0.00617850199341774 0.0044500515214167535 
-0.0016154415789060295 -0.0031100234482437372 0.002166069229133427 
-0.002318237180588767 -7.492699660360813e-05 0.00018204277148470283 
-0.00217326486017555 -0.004252116690622643 0.0013186159449105617 
-0.0016463095671497285 -0.004733942449092865 0.0008871146128512919 
-0.0015860649291425943 -0.004338968661613762 3.256002673879266e-05 
0.0014703359502163948 -0.000760046299546957 -0.0002640337770571932 
0.003989618155173957 0.003521601582178846 -0.0005899565003346652 
0.0006579177411367709 -0.0009686473640613258 -0.000905939843505621 
0.00032497804932063445 0.0005783942178823054 -0.000348426285199821 
0.0009408118785358965 0.004984819795936346 -0.0018160284962505102 
0.0005384008109103888 0.003928137244656682 -0.003340295283123851 
6.344690336845815e-05 5.183764733374119e-05 -0.00058613350847736 
-5.446163777378388e-05 2.2215208446141332e-05 -3.200583341822494e-05 
-0.0009657056871219538 -0.0022395349806174636 0.0020680944253399502 
-0.0015930274676065892 -0.007563618244603276 0.004994844362954609 
0.00020271106041036546 -0.00830780400428921 0.003809095040196553 
0.0008119591257127468 -0.0030852772761136293 0.0006019185821060091 
-0.00041547766886651516 -0.0009286898784921505 0.00014331938291434199 
-0.0014862888201605529 0.00059656649682438 -2.536833108024439e-05 
-0.001636901986785233 -0.0015302028477890417 -0.00011152529782521015 
-0.0001937221095431596 -0.0029346582014113665 -0.00011516119411680847 
0.0011241784086450934 -0.001873897825134918 5.7308403484057635e-05 
0.00027890620549442247 -0.00248437887057662 9.154537110589445e-05 
0.00035763439518632367 -0.0015799516186234541 0.0006053508841432631 
0.0008303980575874448 -0.001247273525223136 0.00040426707710139453 
4.274174716556445e-05 0.0006190218264237046 -0.0011145297903567553 
-4.91918035550043e-05 -0.00031848042272031307 0.000284364286926575 
6.531079998239875e-05 -0.00030028601986487047 0.00036563498360919766 
-0.0002328976770513691 -0.00048189997687586583 0.00044252583393245004 
-3.5353004932403564e-05 -0.0033242737408727407 0.0016034139407565817 
0.002794262116367463 -0.007880677934736013 0.001718275401799474 
0.004128752509132028 -0.0075149593176320195 0.0010177059539273614 
0.0005060454714111984 -0.002711835637455806 0.0011385821271687746 
-0.0020313753047958016 0.0023078344529494643 0.00030988388243713416 
-0.00026834142045117915 0.0011899600212927908 -0.0002771512399704079 
0.0010835763532668352 -0.0025713539216667414 0.00017259095329791307 
0.0015188169199973345 -0.004019325831905007 0.000645465828711167 
0.00021794525673612952 -0.0020750523544847965 0.0002412400208413601 
0.0011776189021475147 -0.0015912147937342525 0.0010666315647540614 
0.0017081654514186084 -0.0028075616573914886 0.0013425485230982304 
-0.0006312578625511378 -0.0002783398376777768 -0.0007819971069693565 
-0.0006207835717759735 0.000243371760006994 -0.0005905206380703021 
-4.0105900552589446e-05 -1.935500745275931e-05 2.6170018827542663e-06 
-1.4016554246154556e-05 -2.4719094199099345e-05 2.2774590888730017e-05 
0.00010111805886481307 -0.0003522829447319964 8.934588458942017e-05 
0.0009904635226121172 -0.0016136929334606975 8.616718696430326e-05 
0.0014044259150978178 -0.002836365078110248 0.0004938844849675661 
-0.001489527930971235 -0.002218830049969256 0.0016398519946960732 
-0.002633353229612112 -0.0006693899579204299 0.00092866563500138 
-0.0003691997844725847 -0.000785741773142945 -0.0004284229362383485 
-0.000941355392569676 -0.0011330191045999527 -0.00010787969222292304 
-0.00039718131301924586 -0.0013682331191375852 0.00023489879094995558 
-0.0014743987703695893 0.00015548165538348258 9.30057285586372e-06 
0.0005090561753604561 -0.0004653948490158655 0.0007524530992668588 
0.0008136492833727971 -0.0008851413149386644 0.0006294473350862972 
-0.0008359785715583712 0.0003637417539721355 -0.0006239119684323668 
-0.0004290370361559326 0.00023289419050342985 -0.00039523871510027675 
-3.373704657860799e-05 1.8799481722453493e-05 -3.645731311507916e-05 
3.3145594500183506e-06 -2.4362541495293044e-06 -9.146291404249496e-07 
1.7148817505585612e-05 -1.097867550470255e-05 -5.850218485647929e-06 
1.1962325174863508e-05 -6.123101456978475e-06 -6.4880985632953525e-06 
-7.147888254621648e-07 1.9015077441508765e-06 -2.0185891855817317e-06 
-1.0135024695046013e-06 1.2589194966494688e-06 -3.385900413377385e-07 
1.7966092968890734e-07 -2.9284258573625266e-07 3.6440673323312467e-07 
1.5486809843423543e-06 -6.827571645828812e-07 1.8082328567814443e-07 
8.308162477987935e-07 5.018732078809762e-07 -1.5859642417126452e-06 
-6.080685125198215e-06 7.991520192263124e-06 -1.0201596523984335e-05 
0.00011918895324924961 -9.894698450807482e-06 8.886989235179499e-05 
0.0003950426835217513 -0.00021918209677096456 0.00033899313712026924 
-0.00041992514161393046 0.00018589484534459189 0.0005441316170617938 
-0.003988417738582939 0.0038051755909691565 0.0002887120936065912 
-0.004891164600849152 0.00508069722854998 0.0013908982509747148 
-0.0011308540924801491 0.0011143100709887221 0.0007835650758352131 
4.930978434458666e-06 -6.126735570433084e-06 -4.078718802702497e-06 
3.61049072807873e-05 -3.558818752935622e-05 -1.4607293451263104e-05 
-3.0860201150062494e-07 -1.630527913221158e-05 -5.997598236717749e-06 
4.067003146701609e-06 -1.762378087732941e-05 -1.118702220992418e-05 
5.912262167839799e-05 -3.4866592613980174e-05 -1.82228468474932e-05 
6.739747459505452e-05 -4.0993203583639115e-05 -5.612259883491788e-07 
9.669232713349629e-05 -3.346182984387269e-05 -2.007603725928675e-06 
0.00011718431051122025 -1.2566083285037166e-07 2.4522665626136586e-05 
0.00040374102536588907 3.944409036193974e-05 0.00024094011314446107 
0.001435117912478745 -3.9831240428611636e-05 0.0011169880162924528 
0.0015099379234015942 -0.0005900219548493624 0.0007201750995591283 
-0.0011652522371150553 -7.104891119524837e-05 -0.00036972458474338055 
-0.00465937665239835 0.0033508523483760655 -0.00034050276735797524 
-0.004758752053021453 0.004048707953188568 0.0011002516839653254 
-0.0005367214325815439 0.0007549690781161189 0.00046646257396787405 
-7.108872978278669e-06 -2.0695006242021918e-07 -3.4949079008583794e-06 
-1.359636235065409e-05 -4.146696301177144e-05 1.3772241800324991e-05 
-7.647185429959791e-05 -0.00017581929569132626 7.442482456099242e-05 
0.00024079518334474415 -0.00040653656469658017 -3.970337274949998e-05 
0.0007609358654008247 -0.0006255129701457918 -0.00015813713980605826 
0.001242968712176662 -0.0008289265679195523 -6.72255118843168e-05 
0.0018458068079780787 -0.0005743413203163072 -0.00016997392413031776 
0.0017275451100431383 6.273386316024698e-05 0.0002937882072728826 
0.003136944375000894 0.00027958489408774767 0.0016862281408975832 
0.002970013942103833 -0.0004172286717221141 0.0014758628676645458 
0.001165746827609837 -0.000765340228099376 0.00035511376336216927 
-6.617294275201857e-05 -0.0009907620915328152 -0.00018012526561506093 
-0.0011456975189503282 0.00016677720486768521 -0.00031153730378719047 
-0.001766284229233861 0.0016962908557616174 -8.391001028940082e-05 
-0.00031760124329593964 0.0008634754340164363 0.0005842598620802164 
-9.52612981564016e-06 -8.8917811808642e-05 7.087285121087916e-05 
8.154165698215365e-06 -0.00036111270310357213 0.00018124289636034518 
-1.1225449270568788e-05 -0.0006609223783016205 0.00017078634118661284 
-2.8861482860520482e-05 -0.0001971804304048419 -0.00024391469196416438 
0.0011484300484880805 -0.0018617943860590458 -0.00013399837189354002 
0.0035497264470905066 -0.0036516590043902397 6.038672290742397e-05 
0.005496462748851627 -0.0020785772940143943 -0.000521266107170959 
0.004187024693237618 0.0008188070933101699 0.0005324662051862106 
0.004973840128513984 0.0011483235866762698 0.002357911260332912 
0.0024761665845289826 -0.0019247830496169627 -0.0010663325374480337 
0.0008054655481828377 -0.002006399736274034 -0.0003833845548797399 
0.0013907389075029641 -0.003090812766458839 0.0016416562284575775 
0.0007372526160907 -0.0033566057099960744 0.0011191737139597535 
-0.00075746257789433 0.001578236580826342 -0.0009182664014133479 
-0.0008231152896769345 0.002842560934368521 -0.0008425741689279675 
-1.743326174619142e-05 -0.00042707605462055653 0.0002976402174681425 
-6.743334597558714e-05 -0.001179336104542017 0.0006410861387848854 
-0.000552340890862979 -0.0005326378159224987 0.00021936272969469428 
-0.0012717917343252338 0.0016149419825524092 -0.0007580739911645651 
0.0008088408503681421 -0.0027286296244710684 0.00027858989778906107 
0.0025937790633179247 -0.0045244875364005566 0.0004979588557034731 
0.002350840892177075 -0.0018694546815822832 9.922454046318308e-05 
0.001105078132241033 0.0009134481661021709 0.0005840062513016164 
0.001609063045179937 0.0014938114982214756 0.0004836791194975376 
0.000297961407341063 -0.0015329310044762678 -0.0017238302389159799 
0.0003347490601299796 -0.0013529630959965289 -0.0005866764113306999 
0.0007612903573317453 -0.0012762141413986683 0.0004921701620332897 
0.0004802811236004345 -0.0030808394076302648 0.00041754357516765594 
-0.0005857044889125973 0.0011363342637196183 -0.0018528791260905564 
-0.0011898086740984581 0.0041551325703039765 -0.003549439337803051 
-0.0001249883121943185 -0.0007864204362704186 0.0005590981709246989 
-0.0003271773530286737 -0.0024611027911305428 0.0014850563020445406 
-0.0008330752280016895 -0.0014929785393178463 0.0009691509185358882 
-0.0012638046609936282 0.0021651446586474776 -0.000796810956671834 
8.813317981548607e-05 0.00026715907733887434 -0.00012472819071263075 
0.00017747152014635503 0.0026089007733389735 -0.0006684422751277452 
-0.00013164864503778517 0.0023597622639499605 -0.0007084539392963052 
0.0005101578617541236 0.0005296721938066185 0.00016133084682223853 
0.0010275191307300702 0.0008608100761193782 0.00015893683303147554 
0.0001210633636219427 -0.00016859285824466497 -0.0003020252916030586 
5.288098873279523e-05 -0.0001714975842332933 -0.00013875776494387537 
0.00020648326972150244 0.0001809168024919927 -0.00022733304649591446 
0.0001514960895292461 -0.00130863965023309 0.00030283810338005424 
0.0002488846657797694 -0.001999445797991939 0.00195106711180415 
-0.0003544643986970186 0.0009180362685583532 -0.0007407960947602987 
-0.00019527363110682927 -0.0006492258908110671 0.0005092504798085429 
-0.0007098023052094504 -0.003299443196738139 0.0021484735916601494 
-0.0012202270845591556 -0.005252665723673999 0.002947645843960345 
-0.0013949480489827693 -0.0022843419574201107 0.001223057508468628 
-0.001027374433760997 0.00018719607032835484 0.0005738220643252134 
-0.0008941864925873233 0.005116257583722472 -0.0010411880975880194 
-0.00041677506669657305 0.004837432177737355 -0.0015274769393727183 
0.0003259424411226064 0.002593598561361432 -0.0008932544442359358 
0.0003488594084046781 0.0012538496521301568 -0.0004466488171601668 
0.00014236627976060845 0.0003249592427891912 -0.000195293399883667 
0.0003851939782180125 -0.00026488074217922986 0.000207721910555847 
0.000759069444029592 -0.00020576914948833291 0.0002891166659537703 
-5.5454642279073596e-05 4.4127635192126036e-05 6.784003198845312e-05 
0.00021023221779614687 -0.0016032590283430181 0.002524412062484771 
0.00020276539726182818 -0.0005328006809577346 0.0010338662541471422 
-7.950243252707878e-05 -0.0001911598737933673 0.00015892433293629438 
-0.0005189709845581092 -0.0015953621768858284 0.0010537426642258652 
-0.001681507783359848 -0.004770226252730936 0.002524952869862318 
-0.0032902840903261676 -0.005996380030410364 0.0031534951413050294 
-0.004613724726368673 -0.005213810363784432 0.003741182037629187 
-0.003666240780148655 -0.002308770315721631 0.0017457164358347654 
-0.0009872890077531338 0.0007725225295871496 -0.00027464970480650663 
0.00039863112033344805 0.0018640548805706203 -0.0005985531606711447 
0.0004488901613513008 0.0005830783920828253 -0.000260585647993139 
0.0008134462404996157 0.000533477432327345 -0.00012125503417337313 
0.0023265791533049196 6.585931987501681e-05 0.0009079487062990665 
0.002088336061206064 0.0009988963138312101 0.0007460352353518829 
-0.0024077289453998674 0.0027852716739289463 -0.003057263733353466 
-0.0023415128234773874 0.0010422227605886292 -0.0022295222734101117 
-0.0002673975577636156 3.068601290578954e-05 -0.00013296414545038715 
-1.032654040500347e-05 -1.7058329717656306e-05 1.5345537121902453e-05 
-9.60016905082739e-05 -0.0002083770505123539 0.00013477953325491399 
-0.0005133338963787537 -0.0009894151080516167 0.0005129366836627014 
-0.001918609646963887 -0.002189060440286994 0.0014242406614357606 
-0.0051805933471769094 -0.0037676669962820597 0.0032194007362704724 
-0.005729782325033739 -0.004195334040559828 0.002358206606004387 
-0.001956273255927954 -0.00110410968773067 0.00015432466170750558 
-3.647702396847308e-05 0.0010076574981212616 -0.0001261690049432218 
0.0008399550570175052 0.0006011582590872422 -3.0818628147244453e-05 
0.001102284761145711 0.0012054322505719028 -0.00019176159912603907 
0.002726790669839829 0.0009059558069566265 0.0006622607834287919 
0.0012342341942712665 0.0015364037826657295 0.0004241998540237546 
-0.0022980704088695347 0.002137294264684897 -0.0020667913486249745 
-0.0014453437115662382 0.0007106902558007278 -0.0014247698018152732 
-0.0001433797624486033 6.360240604408318e-05 -0.00015422962133015972 
2.7570465910287112e-08 -8.099814152728868e-09 -2.5752262711176144e-08 
1.124055053480788e-07 1.2592025200319767e-08 -1.4028487527184552e-07 
-1.0279097040211127e-07 4.0491791075680794e-07 -2.5193146691027124e-07 
-3.206374259434597e-07 7.487045490250921e-07 -2.430673022857377e-07 
-2.751249752463991e-07 6.271157637627311e-07 -1.1442776692849321e-07 
8.206418300460427e-08 1.4390942482123137e-07 3.743923404631033e-08 
5.980424973017762e-07 -1.7813224140184047e-07 5.9260067519772974e-08 
5.071229338682315e-07 3.93493650108212e-07 -9.68973751014346e-07 
-8.982142844615737e-06 7.967568762978772e-06 -1.2877890185336582e-05 
4.8532634536968544e-05 -1.2986231013201177e-05 3.1232750188792124e-05 
0.0003865523904096335 -0.00022977350454311818 0.00027229631086811423 
-5.624546611215919e-05 -3.800366403083899e-05 0.00042478652540012263 
-0.0026105393553734757 0.0017980349948629737 0.0004107243148609996 
-0.0026144450457650237 0.001836545328842476 0.0008360648353686884 
-0.00013751481674262322 0.00010385386121924967 0.00014190795627655461 
-1.705595327194942e-07 5.359865085097226e-07 -2.960296476423041e-07 
-6.740231981439138e-07 2.3445880117378692e-06 -1.2281599097718754e-06 
-2.477677014667279e-06 6.821784381827456e-06 -2.819637089146454e-06 
-2.0956453568032885e-06 1.0596541301310936e-05 -4.450118694876437e-06 
9.965888239094056e-07 8.928325996748754e-06 -3.246527484179751e-06 
1.1174311566719553e-05 -1.4147260571917286e-06 3.825877854524151e-07 
2.7389654405851616e-05 -7.800953994774318e-06 1.0830651930859858e-06 
6.981245041970396e-05 -6.41766814624134e-06 2.643295653115274e-05 
0.00031556689282297157 -5.259814679448027e-05 0.00016189510279218666 
0.0011528691975399852 -0.0005868113657925278 0.0008347942784894258 
0.002409817767329514 -0.0019121875520795584 0.0014059921959415078 
0.00107417197432369 -0.0016725603491067886 0.00071759894490242 
-0.002329683629795909 0.00030732015147805214 0.00043879270378965884 
-0.0014015551714692265 -0.0001241899299202487 0.0010702182771638036 
0.001254682312719524 -0.0010263512667734176 0.00010466715320944786 
-1.3446701920827309e-06 3.858476105733644e-06 -1.5904529888643992e-06 
-5.253289657503046e-06 1.4305455806606915e-05 -5.846219664817909e-06 
-1.0599821962387068e-05 3.136291093142063e-05 -1.4406876971406746e-05 
1.2296750355744734e-06 5.0936907427967526e-05 -2.865122814910137e-05 
6.141248741187155e-05 6.780479452572763e-06 -2.032226541359705e-05 
0.00023448068986908766 -0.00012366641021799296 6.707985221510171e-06 
0.0004579091946652625 -0.000127494692151231 -1.699242375252652e-05 
0.0008430177840637043 9.644592864788137e-06 0.00038161005977599416 
0.002873304227250628 -0.0004952699318891973 0.001803116756491363 
0.0037114490987733006 -0.0023777980863997072 0.0026192544610239565 
0.0029633763479068875 -0.004249213496223092 0.001989592332392931 
0.0015458010602742434 -0.002964284154586494 0.0005068852915428579 
0.00025132071459665895 -0.0014824739191681147 0.00033893942600116134 
0.00010047946125268936 -0.0011994658270850778 0.0020156861864961684 
0.00020302453776821494 -0.0011494545033201575 0.003637269255705178 
-3.047290590529883e-06 7.876686936469923e-06 -3.0304181564133614e-06 
-1.1422261195548344e-05 2.4293318347190507e-05 -1.2382775366859278e-05 
-3.175124857079936e-05 7.398501111310907e-05 -4.1378598325536586e-05 
-2.026466972893104e-05 0.000134038164105732 -7.631600965396501e-05 
0.0003130922996206209 -0.00037414595135487616 3.911723615601659e-05 
0.0009275803349737544 -0.0009481651650276035 0.0001211764792969916 
0.0013735175671172328 -0.0005121677531860769 -2.1862815628992394e-05 
0.0017249071970582008 0.0005990435020066798 0.0009205230162478983 
0.004598600440658629 -0.00012309927842579782 0.0032974446075968444 
0.003953798848669976 -0.0023376643657684326 0.002485578617779538 
0.0020356514578452334 -0.003961842958233319 0.0015536007995251566 
0.0011381333315512165 -0.002661684135091491 0.0006169936095830053 
0.0003918667425750755 -0.001253223090316169 0.0002857038489310071 
-0.00016933977894950658 0.0003029888030141592 0.0015340311219915748 
-0.00029579761758213863 0.0004372518742457032 0.004542896873317659 
-3.163461400390588e-06 -1.0543135431362316e-06 1.0736384865595028e-06 
-1.6440649233118165e-05 3.801684215432033e-06 -8.00647831056267e-06 
-7.899682123024832e-05 0.0001489370915805921 -7.855892181396484e-05 
-3.306395228719339e-05 0.00016611127648502588 -0.00010794618719955906 
0.0007362982432823628 -0.0012392372591421008 0.000261730863712728 
0.001126218805438839 -0.0012724645785056055 0.00018541378085501492 
0.0008917404447856825 -0.0007574011688120663 0.000224999530473724 
0.0004294217796996236 -0.0006280028028413653 0.001127221155911684 
0.0011530340270837769 -0.0009006650652736425 0.002051337098237127 
0.0009033484784595203 -0.00034487381344661117 0.0007678943802602589 
0.0007373720727628097 -0.0012018558336421847 0.0004641348496079445 
0.0005691350379493088 -0.0010499822674319148 0.0001394036808051169 
0.0002632815594552085 -0.0007929808343760669 0.00010189753083977848 
6.154706352390349e-05 0.0012697438833129127 0.0003333413915243 
-0.00012830132618546486 0.002797549299430102 0.000500367721542716 
-3.9099397781683365e-06 -3.073547486565076e-05 1.7293275959673338e-05 
-1.227658481184335e-05 -0.00010807705984916538 4.5987937483005226e-05 
-6.571659105247818e-05 4.10025822930038e-05 -3.4726952435448766e-05 
-4.571992394630797e-05 0.00024737411877140403 -0.00010693634976632893 
0.0003564041689969599 0.0001224674197146669 0.0001182644919026643 
2.587439666967839e-07 0.0035220684949308634 -0.0007922039367258549 
0.00016163938562385738 0.0026857508928515017 -0.0008545778691768646 
0.0006951154791750014 -0.0009168806136585772 0.0005957622961432207 
0.00044202475692145526 -0.0014137218240648508 0.001359341957140714 
-0.00026495708152651787 0.0010060949716717005 0.00023678329307585955 
-0.00021265147370286286 0.0008101633284240961 -0.00011289474787190557 
0.0004483662123675458 0.0007330580847337842 -5.137559446666273e-05 
0.0010725570609793067 0.0007526195840910077 0.0006192795262904838 
0.0014696224825456738 0.0008341625216417015 0.00229756289627403 
0.00012406829046085477 0.001725207970594056 -0.00025671522598713636 
-8.915152875488275e-06 -4.6098029997665435e-05 2.953699873842197e-05 
-3.99786567868432e-05 -0.0002675331325008301 0.00014352353537105955 
-0.00012060619337717071 -0.0005669348465744406 0.00025373838434461504 
-0.00027293786843074486 -0.0006352161872200668 0.000341355218552053 
-0.00041889074782375246 0.00013676297385245562 0.0004027128452435136 
-0.0008972431678557768 0.004446194740012288 -0.0009056749695446342 
-0.0005734831502195448 0.005766995484009385 -0.0018153572455048561 
0.00043519023165572435 0.005871129920706153 -0.0019658348173834383 
0.0005931874620728195 0.005807974375784397 -0.002053074538707733 
0.0002955514064524323 0.005645542521961033 -0.001897500580525957 
0.0003780725437536603 0.002079201163724065 -2.8474391001509503e-05 
0.0024874979280866683 0.003257601987570524 0.0011232652905164286 
0.0029812059365212917 0.004450076725333929 0.0010756513802334666 
0.001585745019838214 0.0018448496120981872 0.0020894049666821957 
0.00014279119204729795 0.0004369367907202104 0.00031133205629885197 
-6.663271619800071e-06 -2.0768919966940302e-05 1.4470823316514725e-05 
-5.644798022785835e-05 -0.00017425003534299321 0.00010213832956651459 
-0.0002723957586567849 -0.0006634298069911893 0.00033421162152080797 
-0.0008289923425763845 -0.0014839716022834182 0.0008199556905310601 
-0.0017231057863682508 -0.0026482660323381424 0.001604862103704363 
-0.0022469828836619854 -0.0022915713489055634 0.0012026699259877205 
-0.0014043886912986636 0.0006734925555065274 -0.00012319174129515886 
-0.0007066544785629958 0.0035353279090486467 -0.0012653939629672095 
-0.0009966896323021501 0.003088796278461814 -0.001530133857158944 
0.0008160108991432935 0.003972451173467562 -0.0013518690539058298 
0.0029097473016008735 0.003130928729660809 0.0010946524853352457 
0.0064462380250915885 0.007200117222964764 0.0027206124213989824 
0.0031943899593898095 0.006987159664276987 -0.00033945087488973513 
-0.0010750150540843606 0.002078680496197194 -0.0016489351128257113 
-0.00041119413799606264 0.00022173016259330325 -0.00036485359305515885 
-1.5277117881851154e-06 -3.1510316773619707e-06 2.3455481255041377e-06 
-1.5975900168996304e-05 -3.242669572500745e-05 1.9513487131916918e-05 
-0.00010206480692431796 -0.0001636029192013666 8.919660240280791e-05 
-0.0004840015949412191 -0.0005586709376075305 0.00036954965617042035 
-0.0016554066314711235 -0.0017525320872664452 0.0011095557420048863 
-0.0026072696200571954 -0.0028581139631569386 0.0012101081083528697 
-0.0014597944682464004 -0.001239695935510099 0.00037600297946482897 
-0.0007652883723494597 -0.000305935103824595 6.191368447616696e-05 
-0.0009816150995902717 -0.0012285288539715111 0.00016392275938414969 
0.001338378875516355 0.0005088113539386541 -4.65393895865418e-05 
0.0034544910595286638 0.002297335595358163 0.0008967671419668477 
0.004062075837282464 0.004531183236395009 0.0015820522094145417 
0.0010512758599361405 0.003228957124520093 -0.0004051160503877327 
-0.0006787870661355555 0.0006920096348039806 -0.0009257750207325444 
-0.00012508501094998792 6.811030289100017e-05 -0.00013763863171334378 
-3.4560125594662594e-10 1.080896708943735e-09 -4.0702627412177866e-10 
-2.0355623089884922e-09 6.363086196836676e-09 -2.43551786550944e-09 
-8.78656487846019e-09 2.2239942637503063e-08 -6.930462231012624e-09 
-1.959664680528661e-08 4.44724225778792e-08 -1.1075063695992204e-08 
-2.2541071897919096e-08 4.919711738297569e-08 -7.69882080417679e-09 
2.956317968205724e-09 1.7154807907537872e-08 1.7389045620097576e-09 
5.801243530001443e-08 -1.8447146699074324e-08 9.486402274827554e-09 
8.523421968220646e-09 1.5714739731720329e-07 -2.891464276899569e-07 
-4.307797894398391e-06 4.018891786472523e-06 -5.2858114258924616e-06 
-9.876073818304576e-06 9.645669706515037e-06 -1.1202494533790741e-05 
5.247438093647361e-05 -5.093618528917432e-05 2.6673329557524994e-05 
5.819673970108852e-05 -0.00011845117842312902 7.172827463364229e-05 
-0.0001594936547917314 -5.056436930317432e-05 7.681336865061894e-05 
3.928395017283037e-05 -0.00017224776092916727 -1.6140862499014474e-05 
0.00021922695100329292 -0.00017679773998224846 -0.00010030390330939554 
-6.611852676474683e-09 2.1116265430665138e-08 -8.295193481763774e-09 
-4.031370548496227e-08 1.2282143546649138e-07 -4.4879337718350953e-08 
-1.5191050239948822e-07 4.348022306643884e-07 -1.4369808010172846e-07 
-3.431177111323791e-07 9.61743612748478e-07 -2.6919098594646584e-07 
-3.497235709915003e-07 1.1383851332702477e-06 -2.1587629683850196e-07 
3.770704637418021e-07 3.253142608627968e-07 3.304706996942741e-08 
1.8194948907535036e-06 -4.881343329543597e-07 3.292647363650758e-07 
1.009639481708291e-05 -2.1182288065801913e-06 3.677317948813652e-06 
4.919465209241025e-05 -1.5211340269161155e-05 1.3582221072283573e-05 
0.00025426342472201213 -0.0002284106594743207 0.00015250220167217776 
0.0008289820980280638 -0.0010196864895988256 0.0004625065776053816 
0.0008897634688764811 -0.0014125679153949022 0.0003572915156837553 
0.0007844073697924614 -0.0017080201068893075 0.0003216180484741926 
0.0013238586252555251 -0.0017692471155896783 8.436787175014615e-05 
0.0009201332286465913 -0.000749535858631134 -1.988550866371952e-05 
-5.065818114990961e-08 1.776315701196296e-07 -7.32613303910945e-08 
-3.2397595894906317e-07 1.0210539542754304e-06 -3.9224631009915356e-07 
-1.2421962694020294e-06 3.610660598951654e-06 -1.266943375100027e-06 
-2.6591425807964697e-06 8.069738100857649e-06 -2.427132848481506e-06 
-1.2444029380276334e-06 8.474464038954466e-06 -1.8087836508584587e-06 
7.6839899065817e-06 -3.138943611702416e-07 3.1312544024331146e-07 
1.868773222213349e-05 -2.028843731238794e-06 3.692393875098787e-07 
9.229377974406816e-05 -1.7964964172278997e-05 5.7804305470199324e-05 
0.000514811763423495 -0.0003027021011803299 0.00031894024868961424 
0.0013289359776536003 -0.001672326047810202 0.0009395427850904525 
0.002054446147667477 -0.003809504961282073 0.0012786666338797659 
0.0012257549387868494 -0.0027414910146035254 0.0003518198791425675 
0.0008513643406331539 -0.0018025306053459644 0.00047429674305021763 
0.0009594523580744863 -0.001352786086499691 0.001318563474342227 
0.00046280039532575756 -0.0009700778173282743 0.0027594490675255656 
-1.6121067503149789e-07 6.75025809471208e-07 -3.131530466049526e-07 
-1.1975740079606112e-06 4.1701991904119495e-06 -1.8139281507956184e-06 
-5.003217950161343e-06 1.4849078411316441e-05 -5.830582097132719e-06 
-8.84068776940694e-06 2.764750320238818e-05 -9.394936682838306e-06 
5.454147867567372e-06 9.281568054575473e-06 -2.4851644866430433e-06 
3.601366825023433e-05 -2.4555249183322303e-05 3.034694088910328e-06 
4.558202726911986e-05 -4.8561223593424074e-06 -3.211068360542413e-06 
0.00017542235218570568 -7.835853466531262e-05 0.00018422206630930305 
0.0009927079663611948 -0.0009293073089793324 0.0008265097567345947 
0.002160601899959147 -0.00340332486666739 0.0016815925482660532 
0.002917874080594629 -0.0063207680359482765 0.0019699589465744793 
0.001586013415362686 -0.0034583147244120482 0.00042082805885002017 
0.00044982286635786295 -0.0005157252890057862 0.0005036023649154231 
0.0007047209655866027 -0.00032569398172199726 0.0021310197189450264 
0.0018294930341653526 -0.0023763938806951046 0.006433254340663552 
-1.907868467654339e-07 1.0870977362742451e-06 -6.056216115268853e-07 
-1.815573988039887e-06 8.545946798221848e-06 -4.350085305304674e-06 
-8.454386517087187e-06 3.280631290181191e-05 -1.4937867035769159e-05 
-8.424148063568282e-06 4.5421267714118585e-05 -1.902240273921052e-05 
3.6432977140066214e-05 -1.6203550330828875e-05 2.8706381272058934e-06 
6.910581578267738e-05 1.2827915270463564e-05 -1.883693684590071e-05 
0.00010257105986966053 -0.00010895697778323665 1.0318472050130367e-05 
0.00021787330479128286 -0.0008272536215372384 0.00046143464714987203 
0.0006526518918690272 -0.0022138762869872153 0.001356270571704954 
0.0012302090908633545 -0.003246069943998009 0.001685369345068466 
0.0019374649709789082 -0.0049107198137789965 0.0015771627658978105 
0.0015481917653232813 -0.0026440205983817577 0.00022234430070966482 
0.0007243425134220161 -0.0004557645515887998 0.0004344800836406648 
0.0006000730500090867 -0.00031301179114961997 0.0024374162894673645 
0.0020103163551539183 -0.001757949241437018 0.0063623712048865855 
-4.973790246332044e-08 2.1186556864449813e-07 -2.686882112357125e-07 
-5.093137547262927e-07 7.042132153856073e-06 -4.663132358473376e-06 
-3.771508190197892e-06 3.9363193536701147e-05 -2.1281952285789885e-05 
-5.402728788794775e-07 6.289747580012772e-05 -2.6403482024761615e-05 
2.6761405933939386e-05 0.00010843439304153435 -1.5708149476267863e-05 
1.3063327060081065e-05 0.0005234932614257559 -0.0001572150576976128 
0.0001528447392047383 0.0003421188739594072 -0.00020952149861841463 
0.0003954601015720982 -0.0006046387716196477 0.0002739562887654756 
0.0003885601181536913 -0.0013357853749766946 0.001031282386975363 
-0.00020953413331881166 -0.00013573793694376945 0.0007176542421802878 
-0.00017242673493456095 -0.0011113439686596394 0.0006205293466337025 
0.0011134902306366712 0.000733633991330862 -5.5007185437716544e-05 
0.002019682142417878 0.0016205646097660065 0.00010679668048396707 
0.001741759479045868 0.0005838825600221753 0.001812837435863912 
0.0008474023779854178 -0.00021964064217172563 0.0020839188946411014 
-1.2871257126789715e-07 -1.0724025614194943e-06 5.22527074053869e-07 
6.595473678316921e-08 -1.8187683963333257e-06 -3.235394387957058e-07 
1.3797246083413484e-06 1.2430296919774264e-05 -1.0560278496996034e-05 
-1.4644865586888045e-07 2.67943469225429e-05 -1.0542355084908195e-05 
-1.9075017917202786e-05 9.758945998328272e-05 -8.628958312328905e-07 
-8.809399150777608e-05 0.0005098050169181079 -0.00013335839321371168 
-3.989771721535362e-05 0.00097679125610739 -0.00038145625148899853 
0.00011705464567057788 0.0021190603729337454 -0.0007365288911387324 
0.0003846837644232437 0.004439122858457267 -0.0014602446753997356 
0.00019590940792113543 0.0066079741809517145 -0.0021054465460110805 
-0.00036878428363706917 0.0014465285930782557 0.00019442860502749681 
0.001981919282115996 0.002516936045140028 0.0014095808583078906 
0.0033218010794371367 0.0038371437694877386 0.0009209558193106204 
0.0015648112166672945 0.0012551876716315746 0.0006034480175003409 
-3.522617043927312e-05 -8.125559543259442e-05 -0.00021594495046883821 
-1.9061474143544643e-07 -7.522631335632468e-07 4.4503883955826495e-07 
-1.0858293535420671e-06 -4.421650203312311e-06 1.8915979467237776e-06 
-4.073315722052939e-06 -1.2304183655942325e-05 3.713246769621037e-06 
-2.094364754157141e-05 -4.3591375288087875e-05 2.187363861594349e-05 
-9.204504021909088e-05 -0.00017917869263328612 9.234952449332923e-05 
-0.00024334742920473218 -0.0003975103609263897 0.0001615443325135857 
-0.00032043966348282993 -7.166450086515397e-05 1.1271196854067966e-05 
-0.0005227760411798954 0.0009686120902188122 -0.0004250153433531523 
-0.000379686891392339 0.002835291437804699 -0.0011884605628438294 
0.0007283239392563701 0.004942469320667442 -0.0016543059900868684 
0.0011343759979354218 0.0019177092472091317 0.0006291346653597429 
0.003778683429118246 0.0038094131741672754 0.002170414139982313 
0.0031392399105243385 0.0037300672847777605 0.0009717223874758929 
0.00021109147928655148 0.0008237656438723207 -0.0002592173404991627 
-0.00019301583233755082 2.7168876840732992e-05 -0.00021415282390080392 
-6.397705631933093e-08 -1.5707201894699097e-07 1.0239507020060046e-07 
-5.3607358552199e-07 -1.35834721959327e-06 6.79514236878731e-07 
-2.8649282057813252e-06 -5.732227123189659e-06 2.613219635350106e-06 
-1.801489088393282e-05 -2.5170853405143134e-05 1.4588096746592782e-05 
-8.969722694018856e-05 -0.0001238382246810943 5.989801502437331e-05 
-0.00022111862199380994 -0.00030861145933158696 0.0001060979047906585 
-0.0002659388701431453 -0.00025971862487494946 6.799723632866517e-05 
-0.0005400124809966655 -0.0003252437600167468 3.037341230083257e-05 
-0.0007480711210519075 -0.0003587368646549294 -3.9570790249854326e-05 
0.00015337437798734754 0.000556684666662477 -0.00013727991972700693 
0.0010071400611195713 0.0008542630821466446 0.000512702448759228 
0.0020134245714871213 0.0018442919827066362 0.0009941020398400724 
0.001196361452457495 0.0012306834069022443 0.0003294340640422888 
5.0923656090162694e-05 0.00021685485262423754 -0.0001163128588359541 
-1.1219239240745082e-05 3.239102898078272e-05 -2.1903648530496866e-05 
-1.9498953867520447e-12 5.2486574453531644e-14 3.0223226115600004e-12 
-1.6365312240874063e-11 2.8242390549696253e-11 6.477773801751e-13 
-8.768653167391845e-11 1.7118801142531215e-10 -3.32650916462843e-11 
-3.119418302225535e-10 5.557544410024658e-10 -1.0721221772104798e-10 
-5.4093478025867e-10 9.021526246313569e-10 -1.1138457483214344e-10 
-2.2739254663256547e-10 4.1697910640840774e-10 -9.602105894256086e-12 
3.0536979195305847e-10 -1.9639682588556973e-10 -4.732644588723023e-10 
-1.7741657476477712e-08 2.6351444915029276e-08 -3.397481190825502e-08 
-5.505488189783136e-07 6.616144432314286e-07 -6.345184857536879e-07 
-3.622992039709061e-06 4.477774609767948e-06 -3.4272169386895257e-06 
-8.545542414140073e-06 1.1154609637742396e-05 -7.1402048433810705e-06 
-1.2107099792046938e-05 1.3357403076952323e-05 -6.8350736910360865e-06 
1.4541801647283137e-06 -1.0051517165265977e-05 -1.526142114016693e-06 
3.182781074428931e-05 -3.497685611364432e-05 -9.542333600620623e-06 
2.0808986391784856e-05 -1.3794842743664049e-05 -8.836286383484548e-06 
-4.610044456263972e-11 1.25930311107626e-10 -3.5605307017558155e-11 
-4.144671775924147e-10 1.1840689132305848e-09 -3.6656004756075236e-10 
-2.255963196199501e-09 5.859778849648389e-09 -1.704455411988444e-09 
-7.595345279803878e-09 1.782577062001134e-08 -4.186254017480434e-09 
-1.1295306884262502e-08 2.7615915970669036e-08 -3.9117021809198516e-09 
2.164664059112198e-09 1.1893001639062817e-08 4.5958642447274656e-10 
2.8437604937536776e-08 4.478712067879087e-09 -5.847999862140796e-10 
2.938394274565326e-07 5.278287318333241e-08 -2.9982366811509564e-08 
1.2289511914787e-06 1.2250382042111596e-06 -1.428659061275539e-06 
8.59027613842045e-06 -2.514706466172356e-06 -3.0889166282577207e-06 
3.516350489007891e-05 -3.976353764301166e-05 -8.397164492635056e-07 
3.621863652369939e-05 -6.14186137681827e-05 -1.173677810584195e-05 
0.00012981209147255868 -0.00021149180247448385 2.700747427297756e-05 
0.00024735729675740004 -0.0002785035176202655 1.6690741176716983e-05 
0.00013999841030454263 -0.00010911714343819767 1.5367274954769528e-05 
-5.066777284193358e-10 1.8358141920700455e-09 -7.09043291257077e-10 
-4.327954175598059e-09 1.4254833442112202e-08 -5.158359292663228e-09 
-2.3848442866347686e-08 6.81375542793683e-08 -2.220715237047366e-08 
-7.505565036147743e-08 2.033768894404986e-07 -5.3407689715179174e-08 
-8.922029293145783e-08 3.0220689772875176e-07 -4.984534074381486e-08 
4.761371386052815e-08 1.6696949067807054e-07 -2.6843421707667403e-08 
-4.4523588371703227e-08 6.652592281497505e-07 -3.1317347293224884e-07 
1.2898664181193453e-06 2.1325616899048327e-06 2.1849700715392828e-08 
1.998138122871751e-05 -1.298533970839344e-05 9.669472092355136e-06 
0.00011738144530681893 -0.00017513096099719405 7.001904896242195e-05 
0.00028029254463035613 -0.0005183731773286127 0.00011899430319317617 
0.00014677554281661287 -0.0003053882683161646 -2.0353578292997554e-05 
0.0001577426155563444 -0.00017213495448231697 0.0001311351079493761 
0.0007289095083251595 -0.0007492923177778721 0.0003066689532715827 
0.0010273241787217557 -0.0013881302438676357 0.0003050087107112631 
-2.104947069078711e-09 9.984133304830056e-09 -4.4846213192659135e-09 
-2.0680747003787303e-08 8.052622887944061e-08 -3.3459776324629154e-08 
-1.2426298220957754e-07 3.9613845936870007e-07 -1.4817852914128515e-07 
-3.603351066416849e-07 1.107885900353267e-06 -3.416491871632843e-07 
-3.6716607354492226e-07 1.540736292326983e-06 -3.385333151584291e-07 
-7.0614305514027365e-09 1.6045284212395927e-06 -5.973861192387631e-07 
-1.5789849732161798e-06 6.838651785301408e-06 -3.523447027475868e-06 
-1.4334876254906703e-06 1.624329229343857e-05 -4.4277866209085914e-06 
4.78061156172771e-05 -5.727325515181292e-05 3.810476482613012e-05 
0.0003150529373669997 -0.0006452671077568084 0.0002605110057629645 
0.0008049449825193733 -0.0017802984220907092 0.0004877111641690135 
0.000685363746015355 -0.001407499861670658 0.0002257730084238574 
0.000382834579795599 -0.0006081423489376903 0.0007217910460894927 
0.0012985827052034438 -0.002667897380888462 0.0011196714185643941 
0.002595037978608161 -0.005706475814804435 0.0010702468644012697 
-2.9842062848617346e-09 2.3811295754572193e-08 -1.2506701445313961e-08 
-3.821409209903148e-08 2.292802010472883e-07 -1.1017550521907893e-07 
-2.6831990951325935e-07 1.261123397711117e-06 -5.482696670000564e-07 
-7.917302546900373e-07 3.7389295712841886e-06 -1.3721774081432159e-06 
-8.923458807430507e-07 6.421932880584791e-06 -1.9480006159255936e-06 
-2.0013293067222548e-07 1.079531330105965e-05 -4.595926668571337e-06 
1.2449827409000136e-06 1.9741959704333567e-05 -1.1961791869907756e-05 
9.717499096950633e-06 1.9866274669766426e-07 2.241006086478592e-06 
7.412306331389118e-05 -0.00022423155678552575 0.00012300803700782126 
0.00034988254265044816 -0.0010960299769067205 0.0004528977681275137 
0.0008912740086088888 -0.0026764104841277003 0.000756223380449228 
0.0010796571732498705 -0.0027078023413196206 0.0003984560607932508 
0.00046089607712929137 -0.0023231760424096137 0.001007064536679536 
-0.0005484081921167672 -0.004379307269118726 0.0015811634220881388 
0.0003946943179471418 -0.006644491106271744 0.0017856336198747158 
6.651395712963144e-11 2.229234555284343e-08 -1.4573906054193841e-08 
-9.78605100253327e-09 3.214033430509744e-07 -1.8029451309686806e-07 
-1.4268651420817902e-07 2.201543281898921e-06 -1.0841788373738837e-06 
-5.026941547470187e-07 7.756990058283009e-06 -3.197821150990876e-06 
-6.150978322239098e-07 1.778423779796867e-05 -6.2650961041299524e-06 
2.0455299818422645e-06 3.397168529772898e-05 -1.4243334135244368e-05 
1.782372763159401e-05 4.647862442652695e-05 -2.6602255729812896e-05 
4.959940952176112e-05 2.7900623535970226e-05 -7.450942575815134e-06 
8.37635416246485e-05 -7.066430407576263e-05 8.18129992694594e-05 
5.002481339033693e-05 -0.000510430138092488 0.0002645119238877669 
8.938706741901115e-05 -0.001918808906339109 0.0005883467965759337 
0.00047847228415776044 -0.0017590053612366319 0.0001668806689849589 
0.00042061135172843933 -0.0019062563078477979 -7.78747780714184e-05 
-0.0006260150039452128 -0.002551402780227363 0.000228886550758034 
-0.0005901169934077188 -0.002381249203608604 0.0005663876072503626 
1.2209818781028225e-09 1.3043967572734516e-09 -3.7156711180097446e-09 
2.9579637628174282e-08 1.7704933608087003e-07 -1.2389237502574701e-07 
2.1357243085162736e-07 1.8552746041677892e-06 -1.0214060139901449e-06 
8.615930724431564e-07 8.542485602447414e-06 -3.902869508465301e-06 
1.8279222331329947e-06 2.419680788534606e-05 -9.561219201259519e-06 
4.3600116441666614e-06 4.206287121633068e-05 -1.633104596976409e-05 
1.908431568153901e-05 6.876337283756584e-05 -2.80508907053445e-05 
4.5367423808784224e-05 0.00017274256106247776 -5.49743836018024e-05 
0.00010854569518414792 0.0006725067896695691 -0.00023399613564834 
4.8853946282179095e-05 0.001100776542443782 -0.00040555519990448374 
-0.00026496861937630456 -0.0006452561356127262 0.00024304963881149888 
5.765267997048795e-05 -0.000889018177986145 0.00041802301711868495 
0.00026753597194328904 -0.000921795261092484 -0.00010185993551203865 
-0.00010260133421979845 -0.0010893993894569576 -0.00031021238828543574 
-0.0001590804022271186 -0.0004953089737682603 -0.00012485592742450535 
-7.606288619788071e-10 -5.4042444547208746e-09 1.970986825139409e-09 
8.143779761660142e-09 5.864756236206858e-09 -2.1687665441305626e-08 
1.6478549369480788e-07 5.484329719251946e-07 -3.60376589014777e-07 
9.750063441060774e-07 3.805772109899408e-06 -1.874687285408072e-06 
2.696034016480553e-06 1.2748828794428846e-05 -5.38344220046838e-06 
3.2296138670062646e-06 1.9943434381275438e-05 -7.220494353532558e-06 
4.2929787014145404e-07 3.3953896036109654e-05 -1.2119687426093151e-05 
-3.146987364743836e-05 8.226931913668523e-05 -3.151673445245251e-05 
-6.11113864579238e-06 0.00046804067642369773 -0.00019084204541286454 
0.00012829428942495724 0.0009622031575418077 -0.00037517798773478717 
4.615125499185524e-05 4.491640720516443e-05 8.829971511659096e-05 
0.0003026959238923155 -6.674526957795024e-05 0.00039155063132056966 
0.00028602220118045807 -2.8046226361766458e-05 0.00011217342762392946 
3.410445060580969e-06 -0.0001502038212493062 -6.109732203185558e-05 
4.34472894994542e-06 -1.728641291265376e-05 -9.6708390628919e-07 
-4.90546350935539e-10 -1.5700559628448185e-09 7.863502618152274e-10 
-3.071432108647798e-09 -1.3918526775569262e-08 3.534996573240079e-09 
1.186571640943157e-08 1.3716816127384845e-08 -2.8003241503427034e-08 
1.287836184360458e-07 5.015205033487291e-07 -2.5811723958213406e-07 
5.29477517829946e-07 2.639383410496521e-06 -1.2472459616219567e-06 
1.1932929737668019e-06 7.656506397779594e-06 -3.17752756018308e-06 
-2.2891586013429333e-06 1.5272817108780146e-05 -5.662748890244984e-06 
-3.568888507743395e-05 1.84040595740953e-06 -5.167375604742119e-06 
-5.5151079322968144e-05 3.9796931105229305e-05 -2.990058419527486e-05 
3.322503289382439e-05 0.00017422175278625218 -6.225612014532089e-05 
0.00011517408711370081 0.00011017533688573167 5.353113283490529e-05 
0.00021998115880705882 0.0001256490395462606 0.0001353501097582921 
0.00015532888573943637 7.705675488978159e-05 4.6574066118409974e-05 
4.07425055755084e-05 2.3575333443659474e-05 3.1290373954107054e-06 
1.5340855611611914e-05 1.4845561395304685e-05 9.089925754324213e-06 

-0.0019894737051799893 -0.0009504505142103881 -0.0005078791436972097 
-0.002812420600093901 -0.0013760422298219055 -0.0014372258156072348 
-0.0004689414272434078 -0.00024436184321530163 -0.0007942666479721083 
4.434573412481768e-06 1.9651335740888953e-06 -7.407599241560092e-05 
1.1616566553129815e-07 2.239292484773614e-08 -4.477977313399606e-07 
-7.938501633830697e-09 -2.3942061999626674e-08 3.731168463083634e-08 
1.6548891866238757e-09 -1.0444219553876893e-09 7.052002659667204e-10 
-3.0737427360316705e-11 -9.077558635328664e-10 -1.0248347934171953e-09 
3.9294433262782036e-09 1.2868945686861366e-08 2.6765141214468713e-09 
-5.2814483869623174e-08 5.2923407878324724e-08 -6.156461596074081e-08 
-8.330679293067078e-07 -5.894102415027191e-07 -8.055770379655769e-07 
1.7979346011998132e-07 -1.2270292018001783e-06 -5.068702648713952e-07 
3.6868562176550768e-06 -1.2684679404628696e-06 1.6153316977352006e-06 
2.4184508333746635e-06 5.804663771868945e-07 1.3455582070776018e-07 
5.010105184055647e-07 5.626763588395534e-07 -2.7545515624005645e-07 
-0.003912793996278197 -0.004053482494782656 -0.0016250456392299384 
-0.005484419642016292 -0.005742625100538135 -0.005129496305016801 
-0.0007761777160339989 -0.0009066905913641676 -0.003478911763522774 
2.5898117030465073e-05 3.171547632518923e-05 -0.000384417267923709 
-3.485757815724355e-07 -5.823146338457263e-07 -2.7297276119497837e-06 
-8.04076605298576e-08 -3.4611787924632154e-07 2.8437233012823526e-07 
1.1538783539766229e-08 -1.7931063966969418e-08 1.063854906946382e-08 
-5.28320737158694e-09 3.2661493509777983e-09 -8.816420704604866e-09 
1.416549277877266e-07 6.207605807162508e-07 2.3561828399465412e-07 
1.1542614473114554e-06 5.794809226244979e-06 1.6156497082420174e-06 
2.6250575473341087e-06 1.4984882355406626e-05 2.4167610543912588e-06 
9.326843269263918e-06 -2.0666470845753793e-07 6.114968684300948e-06 
1.633643398690765e-05 -1.7940813222594443e-05 1.3152168037322554e-05 
6.1865660541116085e-06 -6.206553734955378e-06 4.70580846467783e-06 
7.080233999090524e-07 -1.1300735991426336e-07 1.2178178465660494e-07 
-0.0015757218352518976 -0.0064139654859900475 -0.0028991029103053734 
-0.002376596035901457 -0.007894143520388752 -0.005291921435855329 
-0.000507723176269792 -0.0008924372668843716 -0.004210209590382874 
-4.664847585900134e-05 7.06190041910304e-05 -0.0005049208702985197 
-4.751903929900436e-06 -6.0799936250077735e-06 3.1237009352480527e-06 
-2.7680522407536046e-07 -1.8824402019390618e-06 1.224123838738933e-06 
-1.3869670523192212e-07 -2.99246754598137e-07 6.697997134708089e-08 
-1.8967644987988308e-07 -2.036914517056232e-07 -7.871075125009952e-08 
1.0084380264174797e-07 2.688271479200921e-06 8.898848307126173e-07 
1.822811967144844e-06 3.0431195057190052e-05 8.677332459683385e-06 
3.1615632565262786e-06 8.712964063306572e-05 1.5864821762079373e-05 
1.1383879808590791e-05 3.865105827571824e-05 1.165623268661875e-05 
1.7621343204154982e-05 -2.0307293254973047e-05 1.5513163020841603e-05 
5.682036885445996e-06 -7.48169441067148e-06 5.455557015920931e-06 
6.10813540191657e-07 -5.656402208842337e-07 4.56432510453908e-07 
-0.00012075109043507837 -0.007538020494394004 -0.008150016539730132 
-0.0007121789967641234 -0.00644188083242625 -0.005208143382333219 
-0.0006524630916828755 -0.00068001335603185 -0.0022539938800036907 
-0.00011233597257387373 -3.4544296795502305e-05 -0.00017495935753686354 
-1.1980976239556185e-05 -3.557412924237724e-05 2.508230204512074e-05 
-3.7766761202817634e-06 -1.3501048627517775e-05 6.1302256426643e-06 
-2.080597802489592e-06 -4.830406595601744e-06 1.121476302046176e-06 
-1.3880243301400697e-06 -2.721579626552284e-06 9.300697723091389e-08 
-1.3516985220007882e-06 1.924240905282204e-06 6.799858809358739e-07 
-5.739716044672605e-06 3.5038082614846644e-05 9.287610510000377e-06 
-1.870570656592463e-05 0.00010033761645900086 1.587028577887395e-05 
-1.255912229680689e-05 5.801706220154301e-05 2.8511346386039804e-06 
2.5128670131380204e-06 -4.038716042487067e-06 5.174052262191253e-06 
2.0876491078070103e-06 -5.018893318720075e-06 3.1716002411030786e-06 
3.3658846643191964e-07 -7.436510003344665e-07 5.279237615951615e-07 
0.0011065072030760348 -0.005088241887278855 -0.006405449821613729 
0.0007240844424813986 -0.004026223949040286 -0.003103254595771432 
-0.00022367080964613706 -0.0008957496902439743 -8.637359132990241e-05 
9.632624642108567e-05 0.00018364173592999578 7.454892329405993e-05 
8.812882151687518e-05 7.631311018485576e-05 -2.8047281375620514e-05 
1.2099198102077935e-05 -2.0727262381114997e-05 1.933203748194501e-06 
-4.232090532241273e-06 -2.3248806428455282e-05 3.434426389503642e-06 
-4.408472250361228e-06 -1.5666759054511203e-05 1.6699173386314214e-06 
-2.9556855452028685e-06 -8.043367529353418e-06 7.816396134785464e-07 
-5.042397290822009e-06 -2.2942094801692292e-07 3.460213690686942e-06 
-1.1311687785564573e-05 1.2080115993740037e-05 7.6081617521595035e-06 
-9.01559880617242e-06 -2.4428445613011718e-06 6.098660378484055e-06 
-1.9775124329157734e-06 -1.4945935618015938e-05 6.298091307144205e-06 
-2.941590082627954e-09 -6.106984727693998e-06 2.9883466385882684e-06 
4.112594487182264e-08 -7.525813563447059e-07 4.6815704379810086e-07 
0.0010263752192258835 -0.0017747734382282943 -0.001543219987070188 
0.0013754978426732123 -0.002187810663599521 -0.0010576221393421292 
0.0001487840199843049 0.0008052856428548694 7.770914817228913e-05 
0.00021953678515274078 0.0020742897177115083 -0.0003823435981757939 
0.00021504063442989718 0.0009182211942970753 -0.0003824369050562382 
5.798385973321274e-05 0.00015484954928979278 -9.288600995205343e-05 
3.1006793506094255e-06 -1.7815884348237887e-05 -8.164894097717479e-06 
-4.843641136176302e-06 -3.031619417015463e-05 2.6828115551325027e-06 
-3.202433447313524e-06 -1.896858520922251e-05 7.81487642598222e-07 
-3.134644856572777e-06 -2.4927637127802882e-05 2.086885388052906e-06 
-3.5723847986446344e-06 -2.4256613414763706e-05 6.168312040699675e-06 
-3.963329618272837e-06 -2.037898502749158e-05 7.741040349174e-06 
-2.517797355494622e-06 -1.591942827872117e-05 6.073500131265064e-06 
-7.247531819132291e-07 -5.308238101520146e-06 2.4496037553944916e-06 
-7.656411860068602e-08 -6.019298002257756e-07 3.5183833890783944e-07 
0.0001850951521191746 -0.0002294844452990219 -0.00016640305693726987 
0.00015482321032322943 0.00010216815280728042 -0.00033214170252904296 
-0.0005502118146978319 0.0020605739700840786 -0.00020460726136661833 
-0.0005479586316141649 0.0027070955984527245 -0.0005421970563475043 
-0.0002141676377505064 0.0014246274076867849 -0.0005247867029538611 
-2.755657260422595e-05 0.00037482335756067187 -0.00017395400573150255 
5.039084953750717e-07 3.619510243879631e-05 -2.8995253160246648e-05 
-3.0499935519401333e-06 -3.120776455034502e-05 -3.305722202640027e-07 
-1.7438403006053704e-06 -1.7315302102360874e-05 -6.944196684344206e-07 
5.786201029422955e-08 -2.7729677526622254e-05 6.273630788200535e-07 
-5.3643518072021834e-08 -3.0109654744592262e-05 3.602130121294067e-06 
-1.355716790385486e-06 -1.835451286069656e-05 4.659675141738262e-06 
-1.2884710258731502e-06 -8.004918953474771e-06 2.915257908853164e-06 
-4.331468836937802e-07 -2.0264241697987018e-06 9.9098293304678e-07 
-5.260790919559e-08 -2.2189122361737645e-07 1.3711704260899182e-07 
5.752197466790676e-06 4.544257535599172e-06 -1.9387976330165202e-05 
-0.00010569703954388388 0.00018730242118181195 -4.032955575894448e-05 
-0.000329370130202733 0.0006324927526293322 -4.092710605618777e-05 
-0.0004066268593305722 0.0008760638229432516 -0.0001534619750600541 
-0.00023202963802759768 0.0005568768156081205 -0.00017858225601230515 
-5.353264896257315e-05 0.00019122625153045192 -7.087552694429178e-05 
-4.145747880102135e-06 3.259723598603159e-05 -1.6344992729955266e-05 
2.3030838747217786e-07 -1.5518820873694494e-05 -2.4527143978048116e-06 
-4.6794451691312133e-07 -2.8254216886125505e-06 -1.875140810625453e-06 
1.123678202930023e-06 -9.247922662325436e-06 -2.8089732495573116e-07 
1.1006143836311821e-06 -1.1912395734725578e-05 1.1004320654706135e-06 
4.5262741821261443e-07 -7.138048431443167e-06 1.541487549161502e-06 
-2.8049976208421867e-07 -1.8251865014917712e-06 6.615603425075278e-07 
-1.88651945620677e-07 -1.7048461309343566e-07 1.299496856788096e-07 
-2.4544659887881792e-08 -1.4264012693221417e-08 1.7042800837252514e-08 
3.983055819389847e-06 -2.096521782846139e-06 -2.921589953075454e-06 
-1.1317217030182292e-06 6.449985448853113e-06 -4.91357479859289e-06 
-2.402968402748229e-05 3.765338988159783e-05 -3.988177240898949e-06 
-4.8798066927702166e-05 7.545986591139808e-05 -1.2246102414792404e-05 
-3.2565221772529185e-05 5.9631140175042674e-05 -1.830711471484392e-05 
-6.313662311185908e-06 2.629988102853531e-05 -9.157033900919487e-06 
3.125882415133674e-06 3.4358811262791278e-06 -3.4139495710405754e-06 
2.9087673851790896e-06 -4.123509484088572e-06 -1.286921303744748e-06 
8.317827386861154e-07 3.794345460050863e-07 -6.351377948021764e-07 
7.55426345477872e-07 -1.582949010980883e-06 1.159150997409597e-09 
4.2022400492669476e-07 -1.8249583035867545e-06 2.2294334911521219e-07 
2.616495642371319e-07 -1.1055995798869844e-06 2.7899458387992127e-07 
-2.2854424575058374e-08 -1.524165345045958e-07 6.720333212140162e-08 
-4.4717071545630205e-08 4.4362559403765545e-08 -7.8450768103977e-09 
-5.878869828446209e-09 6.41605385834354e-09 -1.5091756993407257e-09 
-0.002573522739112377 -0.0005258791061351076 -0.0005671205071848817 
-0.0036807983997277915 -0.0006608714902540669 -0.0018603110074764118 
-0.0005235657308730879 -0.00012877143763034837 -0.0011285827040410368 
2.4925091111072106e-05 -6.336812930385349e-06 -0.0001095516581699485 
6.413733331100957e-07 -7.241852735262455e-07 -1.2227532124597928e-06 
4.7778376810470036e-08 -2.3421215900043535e-07 1.0877596867686634e-07 
6.87584182923473e-08 -7.662581319456407e-09 2.287161127156878e-09 
-9.878582396538604e-10 4.296778488566133e-10 -2.865115433792198e-08 
1.0588140142431257e-08 2.3719171338143497e-07 3.125605374521001e-08 
-2.1340320444096506e-06 3.758280229249067e-07 -2.0569180421148303e-06 
-2.1868021576665342e-05 -4.568906661006622e-06 -2.2643104330200003e-05 
2.026401853072457e-05 1.7418362403986976e-05 -1.2084236004739068e-05 
0.00015131656437006313 3.5461183870211244e-05 3.225770160497632e-05 
0.00012060853259754367 8.615745218776283e-05 -3.208408622867864e-05 
2.199143091274891e-05 3.3568594972166466e-05 -2.070083519356558e-05 
-0.004200116265565157 -0.0020714568645416875 -0.001280995420529507 
-0.005700456211343408 -0.0021640113154717255 -0.0060104833682999015 
-0.0003831400681519881 -0.00014291009574662894 -0.004479958064621314 
1.2548762242658995e-06 -5.511717461104126e-06 -0.00040015783451963216 
-1.523687888038694e-05 -4.603326033247868e-06 -5.714351800634176e-07 
-7.194433351287444e-07 -2.664200337676448e-06 1.6161642122369813e-06 
3.409973317047843e-07 -2.004878041361735e-08 6.954040543405426e-08 
-2.3399563886528085e-07 8.362158254726637e-08 -4.125705181934336e-07 
3.1394057486977545e-06 1.0699563290472724e-05 5.224862889008364e-06 
2.1138101146789268e-05 0.00010268107507727109 3.630634500950691e-05 
9.689410944702104e-06 0.0002468322381901089 1.7762603874871274e-05 
0.0001842454366851598 -0.00016366475756512955 0.00012389273615553975 
0.00045265544940775726 -0.0007259016529133078 0.0003879524301737547 
0.0001948121607711073 -0.0002415833210989149 0.00012607776807271875 
1.7501709521638986e-05 8.879528195393505e-06 -1.2097142871425604e-05 
-0.0011247330257901922 -0.002851403158274479 -0.0020719845706480555 
-0.0016744938911870122 -0.0016173931071534753 -0.005773878481704742 
-0.0008104720509436447 0.000476462475489825 -0.004618288134224713 
-0.0006620841668336652 -0.00012237227201694623 -0.00011615207768045366 
-0.00011010051821358502 -3.9256741729332134e-05 3.7162199078011326e-05 
-1.627933670533821e-05 -2.162717294140748e-05 1.2047675909343525e-05 
-8.739791212519776e-06 -3.836052201222628e-06 1.1808758699771715e-06 
-5.450939397633192e-06 -2.1952307065475907e-06 -2.395513547526207e-06 
8.6247880517476e-06 6.085661152610555e-05 3.0240225896704942e-05 
6.95059061399661e-05 0.0006532227416755632 0.0002534052891860483 
5.642806718242355e-05 0.0017738590759108774 0.0003832955077314182 
0.0003020964450115571 0.0005621283926302567 0.0003075496933888644 
0.0005911054686293937 -0.0009456489678996149 0.0005090551276225597 
0.00019743589336940204 -0.0003318317230878165 0.00017475115419074427 
1.288591738557443e-05 -1.3152961400919594e-05 4.642069484361855e-06 
-0.0004082501109223813 -0.003935618558898568 -0.009680118295364082 
-0.0009140573092736304 -0.002266910654725507 -0.004964556312188506 
-0.0016404493799200282 -0.000922735078347614 -0.0012644295929931104 
-0.0009461800946155563 -0.0007753169775241986 0.0005825774533150252 
-0.000236370564380195 -0.00042008621949207736 0.00024156017767040794 
-8.1253227108391e-05 -0.00015577316844428424 6.564145951415412e-05 
-4.578235348162707e-05 -4.462559809326194e-05 1.1148874364153016e-05 
-2.5128125116680167e-05 -2.458378958181129e-05 -7.88578802257689e-07 
-1.486923474658397e-05 7.287443713721586e-05 3.5104518246953376e-05 
-7.545617336290888e-05 0.0007726453534360189 0.0002841234445440932 
-0.0004033647564938292 0.0021704828541260213 0.0003779282997129485 
-0.0003289550859335577 0.0014130964409559965 -4.1170944314217195e-05 
8.044849164434709e-05 -4.558934597298503e-05 5.6526601838413626e-05 
5.683956760549336e-05 -0.00010598936933092773 5.850069373991573e-05 
6.993434737978532e-06 -1.3214187220000895e-05 9.17544635115064e-06 
0.0016572694876231253 -0.004097605182323605 -0.010716964257881045 
0.0012141172192059457 -0.004522730159806088 -0.003265746752731502 
-0.0005341835494618863 -0.002789605438010767 0.001787670364137739 
0.0003227550769224763 -0.0003807562170550227 0.0008815793553367257 
0.0005676512519130483 4.933140007779002e-05 -1.1164316674694419e-05 
0.0002677697120816447 0.00020810426212847233 -0.0001448665716452524 
3.4471282560843974e-05 3.108064993284643e-05 -2.8498918254626915e-05 
-4.937210178468376e-06 2.6811176212504506e-06 8.353735260868689e-06 
-8.507523489242885e-06 5.858928489033133e-05 -7.406479198834859e-07 
-5.37125815753825e-05 0.0001740398001857102 7.734578184681595e-05 
-0.00013062828838883433 0.0007166605500970036 0.00012502695790317375 
-9.362413891267352e-05 0.0006791485066059977 -5.389303987612948e-05 
1.6773324205132667e-06 5.254626739770174e-05 -1.5121117030503228e-05 
5.470481482916512e-06 -5.7576466133468784e-05 3.046288384211948e-05 
9.315839477608279e-07 -9.060371439773007e-06 7.028872005321318e-06 
0.0030159757006913424 -0.0029527531005442142 -0.004460827098228037 
0.003868380794301629 -0.0040051714750006795 -0.0031527081737294793 
0.0005370409344322979 0.001825917570386082 0.00025944499066099524 
0.0009765332215465605 0.0055337108206003904 -0.0009694071486592293 
0.00143557894625701 0.004432461224496365 -0.001964697032235563 
0.0008744742954149842 0.0025230132741853595 -0.00122405361616984 
0.0003020411677425727 0.0009514846606180072 -0.00031310755002778023 
0.00014090312470216304 0.000549693126231432 -4.056925536133349e-05 
9.706000855658203e-05 0.0004934951721224934 -9.760988541529514e-05 
1.8765495042316616e-05 9.187098476104438e-05 2.5953968361136504e-06 
2.5897032173816115e-05 0.00036551462835632265 8.7715573783953e-05 
-6.403170118574053e-07 0.0005477932281792164 -1.4556324458681047e-05 
-2.5111220338658313e-05 0.00010577088687568903 -2.1414456568891183e-05 
-1.30844291561516e-05 -4.0857486965251155e-05 2.1871864646527683e-05 
-2.091514318180998e-06 -8.72376875804548e-06 6.2472711306327255e-06 
0.0012653424637392163 -0.0006683230167254806 -0.0011881073005497456 
0.0018592765554785728 0.00012938829604536295 -0.002361652674153447 
-0.0011654394038487226 0.005260188947431743 -0.0010410648246761411 
-0.00229384217527695 0.00884875952033326 -0.00199639520724304 
-0.0013664040016010404 0.007446339121088386 -0.002871404984034598 
-0.00020946925496900803 0.004368335474282503 -0.0017504873976577073 
7.138992805266753e-05 0.001742200693115592 -0.0005398613357101567 
8.504390279995278e-06 0.0006354961660690606 -0.00012116123252781108 
1.2507918654591776e-05 0.0007819031015969813 -0.00018655280291568488 
4.96817619932699e-06 9.452254744246602e-05 -6.079468221287243e-05 
-2.78668048849795e-05 -0.00011229127994738519 3.883633007717435e-05 
-7.707274073709414e-05 0.00010743102757260203 5.442605470307171e-06 
-6.437027377614868e-05 7.008447573753074e-05 -1.538172728032805e-05 
-1.8067175233227317e-05 -2.5003373593790457e-06 6.033820454831584e-06 
-1.91566431695378e-06 -2.8897655255377686e-06 2.684338909375583e-06 
0.00012597718159668148 6.801816198276356e-05 -0.0001708534728095401 
-1.5911587979644537e-05 0.0006708435466862284 -0.0005294104921631515 
-0.0010334280668757856 0.002165371202863753 -0.0003828469634754583 
-0.0020482795080170035 0.003948362311348319 -0.0007997719949344173 
-0.0016028186801122501 0.003598016483010724 -0.0011425944248912856 
-0.0005711897938454058 0.0023834351304685697 -0.0007007137828622945 
-7.67118281146395e-05 0.0008874394297890831 -0.00027258452155365376 
-3.5968198062619194e-05 0.00010328114876756445 -0.00012554891054605832 
-5.401014641392976e-05 0.0004733032255899161 -0.00014343393286253558 
-1.2037189662805758e-05 0.00016331486403942108 -5.000209421268664e-05 
-3.883035788021516e-05 9.69673419604078e-06 -1.0492307410459034e-05 
-3.070383081649197e-05 3.3801625249907374e-06 -7.250414455484133e-07 
-2.864857663098519e-05 3.298308547527995e-05 -9.509325991530204e-06 
-9.430169370716612e-06 1.0496470395082724e-05 -2.454304876664537e-06 
-8.796907344787996e-07 4.2496905550137853e-07 2.5338421494325303e-07 
-1.2627838259504642e-06 8.604749382357113e-06 -5.3555850172415376e-06 
-3.078597001149319e-05 7.079825718392385e-05 -3.003221172548365e-05 
-0.00011653126603050623 0.00022701614943798631 -3.8743593449908076e-05 
-0.00030995384440757334 0.0005209014925640076 -8.701261322130449e-05 
-0.00024786742869764566 0.0005128398188389838 -0.000135837217385415 
-5.032011722505558e-05 0.00039389966696035117 -9.962060175894294e-05 
8.529194019502029e-05 8.310764133057091e-05 -7.549794622718764e-05 
2.9881353839300573e-05 -9.114919521380216e-07 -6.383374505958272e-05 
1.0618334272294305e-05 0.00010406077490188181 -4.0013051375353825e-05 
2.9782600449834717e-05 1.734307807055302e-05 -6.446687621064484e-06 
-1.4805783393967431e-05 3.967240627389401e-05 -9.263881111110095e-06 
-6.013263828208437e-06 9.9684757515206e-06 -2.0753982425958384e-06 
-3.8415236645050754e-06 5.886803364774096e-06 -1.4938734125280462e-06 
-1.6877780950608212e-06 2.597725199393608e-06 -7.219732651719823e-07 
-1.6568195260191487e-07 2.1863951804590442e-07 -2.418123633274316e-08 
-0.0007093413732945919 -0.0002672965456440579 2.1788539015688002e-05 
-0.0008904921414796263 -0.0006889885407872498 -0.00023796393270458793 
7.38397261557111e-05 -0.00048003320989664644 -0.00013156312161299866 
2.6229835384583566e-05 -6.292619286796253e-05 2.2892832475918112e-05 
-8.367871942027705e-07 -1.032651198329404e-06 9.669963674241444e-08 
1.1643479211898011e-06 -3.1681209122780274e-07 1.8500552645406287e-07 
1.0537632668672359e-06 1.5989377821767903e-07 -1.268572615842345e-07 
9.353794494515455e-08 1.1503635910514731e-07 -3.3631468010497656e-07 
-8.033507574722876e-07 1.295384009836198e-06 3.2425411866654485e-07 
-4.426665941537067e-05 -1.623255138838431e-05 -3.254343164371676e-05 
-0.0003669303987408057 -0.00015247489500325173 -0.00031225500788423233 
-0.0002771830768324435 -4.67030331492424e-05 -0.00042917137034237385 
0.0011375246394891292 0.0007482312066713348 -0.00019902456551790237 
0.0012895233230665326 0.0014883067196933553 -0.0006662592786597088 
0.0002154552948923083 0.0004947740235365927 -0.000254391401540488 
-0.0008547233010176569 -0.001064742224116344 0.00033378014632035047 
-0.0006456464252551086 -0.0022494842123705894 -0.0004171549226157367 
0.0001073180510502425 -0.0017459228402003646 0.0007183445559348911 
-0.0005577669871854596 -0.00029819869087077677 0.0006500884246634087 
-0.0001420046428393107 2.1762665710411966e-05 1.6334153770003468e-05 
-1.846684972406365e-05 4.866556992055848e-06 5.109443009132519e-06 
-3.635595930973068e-06 6.658893994426762e-06 -8.274765264104644e-07 
-2.3232979629028705e-06 4.589389583031789e-06 -4.824241642609195e-06 
2.754951196948241e-05 6.117991688370239e-05 4.448906520337914e-05 
1.1953965440625325e-05 0.00036049554182682186 0.0001547244901303202 
-0.0009651950385887176 0.00021068832575110719 -0.0006696454365737736 
-0.0004706198233179748 -0.001679013337707147 -0.000498108216561377 
0.0019356498087290674 -0.0034612367880981765 0.001382202965032775 
0.0010234396322630346 -0.00031515439331997186 -2.8135640604887158e-05 
-6.6298771344008856e-06 0.00049976771697402 -0.0003453808785707224 
-0.00012755741772707552 -0.0003463114808255341 -0.00020843406673520803 
-0.0008241462055593729 0.0011029498291463824 -0.0008736183226574212 
-0.003460872423602268 -0.00035195297095924616 0.003169049161442672 
-0.003700382076203823 -0.0006778255337849259 0.0022736674291081727 
-0.0011104349396191537 -0.00010903581278398633 0.00020326940284576267 
-0.0005316869683156256 -0.00011067965533584356 0.00011114595326944254 
-0.00027883493203262333 9.051226925294031e-06 2.6040680495498236e-05 
-8.198718933272175e-05 3.736962935363408e-05 -1.9639862330222968e-05 
0.00012200395940453745 0.0003738941377378069 0.00025375556833751034 
0.0006375767407007515 0.0027877440734300762 0.0015215806342894211 
-3.230900620110333e-05 0.005934017908657552 0.0013993637112434953 
0.0009158101165667176 0.0009312737383879721 0.0008052183839026839 
0.003192712349118665 -0.0049053452094085515 0.002365461550652981 
0.0010174787748837844 -0.001164094457635656 0.0004691347094194498 
-6.03767330176197e-05 0.00027588299053604715 -0.00021089603251311928 
-0.00014843617100268602 6.863463204354048e-05 -0.0032564280554652214 
-0.0013614376075565815 0.002167409169487655 -0.0011645947815850377 
-0.004360282662673853 -0.00011203298345208168 0.002912079100497067 
-0.004728220636025071 -0.0023319675819948316 0.002896953606978059 
-0.0025829349469859153 -0.002343911153730005 0.00130821016500704 
-0.001765663328114897 -0.001257171155884862 0.0005768205810454674 
-0.0009564229694660753 -0.00037790256465086713 0.0001832959460443817 
-0.0003779143335123081 -0.0001011578060570173 3.232936069252901e-05 
-0.00011688545055221766 0.00041071178566198796 0.0002521879505366087 
-2.917175879701972e-05 0.0031107320392038673 0.0014955093211028725 
-0.0013656281953444704 0.007960567716509104 0.0017339258338324726 
-0.001402806956321001 0.0061683886451646686 -0.0008060005493462086 
0.0005161050357855856 0.0008555974345654249 -0.00047347572399303317 
0.00026710870588431135 0.00018805661238729954 -0.00011918903328478336 
1.2000073184026405e-06 0.00011294140858808532 -4.8250141844619066e-05 
0.0009464129107072949 -4.6278473746497184e-05 -0.006359214399708435 
2.898275852203369e-05 5.726731615141034e-05 -0.0015801225090399384 
-0.0018003918958129361 -0.0010256340028718114 0.0019316220132168382 
-0.0017620812868699431 -0.003656730128568597 0.0028290187765378505 
-0.0008776257891440764 -0.003786906599998474 0.0017912872426677495 
-0.0001052890729624778 -0.0005509877228178084 2.1871441276744008e-05 
-0.00032955993083305657 -0.0001934859756147489 6.639545608777553e-05 
-0.0004929272690787911 -0.00021436121460283175 0.00017144475350505672 
-0.0004712681338787661 0.000224749295739457 -7.245442975545302e-05 
-0.0004210193110338878 0.0003985662042396143 0.00012277717178221792 
-0.00025788755010580644 0.0030588163062930107 0.0006718617223668844 
-4.775283741764724e-05 0.004820582224056125 -0.0006935754208825529 
0.00018368224118603393 0.0022756910184398293 -0.0010758548160083592 
3.719702726812102e-05 0.0006507524522021413 -0.00033244024962186813 
-6.443654910981422e-06 0.0001545434643048793 -6.745352584403008e-05 
0.003091313410550356 -0.0011405741679482162 -0.004499858594499528 
0.004032371798530221 -0.0007517096528317779 -0.004354862845502794 
0.0005193236283957958 0.0009663346572779119 -0.0005909239407628775 
0.0002773927990347147 0.0004506863187998533 0.0006126597290858626 
0.0015477296547032893 0.0013816026039421558 -0.0007644800934940577 
0.0022157886996865273 0.004542607348412275 -0.0022932273568585515 
0.0011952481581829488 0.0033527372870594263 -0.0009627660911064595 
0.0005104135489091277 0.0026498569641262293 -0.00019672935013659298 
0.00032831597491167486 0.002902525244280696 -0.0006918350118212402 
3.514650961733423e-05 0.0007653525099158287 -0.00020628264610422775 
0.00016103946836665273 0.002001229440793395 0.0005026812577852979 
-0.00021243331138975918 0.0036594585981220007 -0.00021183572243899107 
-0.00041703305032569915 0.0015616720775142312 -0.0005291129346005619 
-0.0001762189554028737 0.00012047888594679534 -2.153872628696263e-06 
-2.970529132539923e-05 7.009268301771954e-06 2.2785881810705177e-05 
0.0033516072435304523 -0.0004614833160303533 -0.003036609326954931 
0.007331367087317631 9.196877726935782e-05 -0.007087902340572327 
0.00329524592962116 0.0015374085633084178 -0.0032612821814836934 
-0.00021314102923497558 0.0041740577726159245 -0.0015311915194615722 
-0.0007387363875750452 0.006074736709706485 -0.0026116937515325844 
0.00010807769285747781 0.008062029257416725 -0.0030495255487039685 
0.000444171077106148 0.005487288581207395 -0.0015278742503141984 
9.162022615782917e-05 0.003171648597344756 -0.0006043814501026645 
7.527039269916713e-05 0.0046029360964894295 -0.001108992233639583 
-3.6243145586922765e-05 0.0011145244352519512 -0.0004677922661358025 
-0.00031392090386361815 -0.0004274959210306406 0.00016615490494586993 
-0.0008895658247638494 0.0011836825869977474 -0.0001530428125988692 
-0.0009941960452124476 0.001308776088990271 -0.00040206758421845734 
-0.0003117695523542352 0.00018078209541272372 4.762675962410867e-05 
-2.7572764338401612e-05 -2.3701235477346927e-05 4.877158426097594e-05 
0.0010062229266623035 0.00010278184709022753 -0.0009220525389537215 
0.0032917124626692384 0.0004659611404349562 -0.003079665155382827 
0.003651016508229077 0.0010578464134596288 -0.002619397036482951 
0.0018288623541593552 0.0031309945043176413 -0.001892808810225688 
0.00047930050641298294 0.0038442916702479124 -0.0020295407011872157 
0.00028910653782077134 0.00464516959618777 -0.001663660936173983 
0.0007347362698055804 0.0020450042793527246 -0.0010348719933972461 
0.00018799916142597795 0.0005354099557735026 -0.0006833475963503588 
4.866774543188512e-05 0.0026517434744164348 -0.0007642339478479698 
8.424580460086872e-05 0.0013613476185128093 -0.00031295647204387933 
-0.00046291935723274946 0.0008757119649089873 -0.00020085879077669233 
-0.0004770340310642496 0.000769188511185348 -0.0002157502167392522 
-0.0005816877746838145 0.000998034043732332 -0.000373581694702807 
-0.000186365619811113 0.00028333930822554976 -8.965939832705772e-05 
-1.2830752439185744e-05 1.1362816167093115e-05 6.242107815523923e-06 
3.200593528163154e-05 2.0335992815034842e-05 -4.0870711018214934e-05 
0.00031180954829324037 8.408348958255374e-05 -0.0002761012426617526 
0.0009528710797894746 0.00024926910919020884 -0.0004858385000261478 
0.0011099212570115924 0.0007772951357765123 -0.0006188836014189292 
0.0011155193205922842 0.0006442284866352566 -0.000726620557543356 
0.0016441784100607038 0.00022209360031411052 -0.0006883694186399225 
0.0018215198069810867 -0.0008000213420018554 -0.0006802109091950115 
0.0007008247193880379 -0.0001671111094765365 -0.00043302618360030465 
0.0008880622335709631 0.00023022544155537616 -0.00013169489102438092 
0.000887440939550288 -0.0001702241861494258 2.2529860871145502e-05 
-1.6409263480454683e-05 0.0005539149278774858 -0.0001000812480924651 
-2.3212072846945375e-05 0.0002565868489909917 -4.2585226765368134e-05 
-7.427437594742514e-05 0.00017858994760899805 -6.195314199430868e-05 
-3.093191571679199e-05 5.486279769684188e-05 -1.987336190722999e-05 
-2.064349146735367e-06 3.1142948273554794e-06 -1.0665782212981867e-07 
-1.3292781886775629e-05 -8.356608304893598e-05 3.21090274155722e-05 
7.827664376236498e-05 -0.00031261393087334 7.466934039257467e-05 
0.00010098986012962996 -0.0002500413065718021 9.88552519629593e-05 
-6.527945970447036e-07 -3.4400182812532876e-05 2.970196965179639e-05 
-1.7010538613249082e-06 -2.4749647309363354e-07 -4.0835675463313237e-07 
3.482127397091972e-06 2.8192278023198014e-07 2.2390025833374239e-07 
3.5948510799244104e-06 7.272447888340139e-07 -5.374514131517572e-07 
1.252674294960343e-06 1.0795958358400526e-06 -8.017281487582295e-07 
-4.207409858736355e-06 5.254855764746935e-06 -4.5076149035594426e-07 
-0.00019861985441593788 -5.5866804359538946e-05 -0.00013662756828125566 
-0.00134202916524373 -0.00046660302905365825 -0.0009613273577997461 
-0.0014138679252937436 -0.0003423853195272386 -0.001260125485714525 
0.0017066039144992828 0.0020353332903368937 -0.0003347231540828943 
0.0014281659459811635 0.004149073443841189 0.00032765498326625675 
-0.00039735285099595785 0.001440983498468995 0.000674161218739755 
5.3561630465992494e-05 -0.0002724566056713229 0.00013540961026592413 
0.0003569616710592527 -0.0010930521821137518 0.000488986721393303 
-0.00017214629224326927 -0.0010712284420151263 0.0011159628952555067 
-0.000648094734060578 -0.00021424307487905025 0.0004355182172730565 
-0.00024759231564530637 9.848052286542952e-06 2.2162894310895354e-05 
-0.00013131756304574083 3.1284147553378716e-05 2.023620982072316e-05 
-7.07891995261889e-05 3.916427840522374e-05 -1.0768660558824195e-06 
-2.2039916984795127e-05 3.4645925097720465e-05 -1.4695064692205051e-05 
2.0292358385631815e-05 0.00012292428812088474 5.332832188287284e-05 
-0.0005243294363026507 0.00021541239766520448 -0.00015507123316638172 
-0.004284034264856018 -0.0011508258321555331 -0.00290207372745499 
-0.00435559346806258 -0.002420782670014887 -0.0031935187289491296 
0.0002140440046787262 -0.001370059238979593 5.560065619647503e-05 
-0.0008379613282158971 0.003092933737207204 7.450188422808424e-05 
-0.001465898152673617 0.0018424791633151472 0.0007176172512117773 
1.3820608728565276e-05 9.029709326568991e-05 5.3046092034492176e-05 
-0.00032379764888901263 0.00020356959430500865 0.0006002389709465206 
-0.0027280806680209935 -0.0006250956794247031 0.0025606860872358084 
-0.003963461262173951 -0.00042115035466849804 0.0013410538085736334 
-0.002616546436911449 2.2540567442774773e-05 0.00029661835287697613 
-0.0028617591597139835 0.0001391521655023098 0.0003374254301888868 
-0.001997532817767933 0.00023969167887116782 0.00017200916681758827 
-0.0007909237829153426 0.000247668256633915 -4.2422459955560043e-05 
-0.00021070922593935393 0.00039984958129934967 -2.6650901418179274e-05 
0.00033992709359154105 0.001982619403861463 0.000880028193932958 
-0.0017904039996210486 0.0025836590211838484 -0.0004940810613334179 
-0.0008370254654437304 -0.0005422363174147904 -0.0009758825181052089 
0.002628697140607983 -0.0030869565525790676 0.001063707983121276 
-7.158063817769289e-05 0.0017188345082104206 -0.0008148016640916467 
-0.0009177775864372961 0.0013619319506688043 6.720767851220444e-05 
0.00010748656131909229 -0.00022395153064280748 0.00011595641262829304 
-0.00024770040181465447 -0.0002284240908920765 0.0010270880302414298 
-0.002724326215684414 -0.000809097196906805 0.0020496214274317026 
-0.005283710524963681 -0.0006727557629346848 0.0013677862007170916 
-0.006343210057821125 -0.000932301627472043 0.0009702983079478145 
-0.008069837931543589 -0.0011623859172686934 0.0010357960709370673 
-0.005967252713162452 -0.0009609250264475122 0.0009032672314788215 
-0.0031836407833907288 -0.0005401304224506021 0.0003679374494822696 
-0.0018853007059078664 -0.0007976942288223654 -0.000694089918397367 
-0.0006372491479851305 0.0005735843442380428 -0.00050109694711864 
-0.0009375040826853365 0.0033726841502357274 0.0005165201728232205 
-0.0007684323354624212 0.003694722196087241 -0.0011571197537705302 
0.0008845506818033755 0.0029175325762480497 -0.002223364543169737 
0.00013008946552872658 0.003628678619861603 -0.0021747901337221265 
-0.00016542950470466167 0.0010723656159825623 -0.00013289018534123898 
0.00022621251991949975 -0.0004094703253940679 -0.0003605096135288477 
-0.0002702538622543216 0.00013440637849271297 0.0003709675365826115 
-0.0016460006008855999 0.00030298857018351555 0.0005133853992447257 
-0.002781203424092382 -0.0014393660239875317 0.0011564269661903381 
-0.0034178878704551607 -0.0031256985384970903 0.0013690453488379717 
-0.00339976888790261 -0.0023027814604574814 0.00048809231202540104 
-0.0033040039124898612 -0.002959788718726486 0.0009712927567306906 
-0.0038987071020528674 -0.00301671854685992 0.0009695229673525319 
-0.0037664491865143646 -0.002700933546293527 -0.0007341263117268682 
-0.001990565680898726 -0.002627683243190404 -0.001623879768885672 
-0.00033421673288103193 -0.00029672891832888126 0.00044504640391096473 
5.666230572387576e-05 0.002846925985068083 -0.0002919513499364257 
7.651513442397118e-05 0.004513251129537821 -0.0028017691802233458 
-0.00032359139368054457 0.005704717710614204 -0.0034041100880131125 
-0.00017105018014262896 0.0021910346840741113 -0.0011797566839959472 
0.0010611150646582246 -0.0005254900170257315 -0.000856218277476728 
0.0014052449841983616 0.0008922278648242354 -0.0020246091298758984 
-0.00038980250246822834 0.0007412118429783732 -0.0007373642292805016 
-0.0007942343945614994 -0.0010461484780535102 0.0007330029620788991 
-0.00018820259720087051 -0.0021755869092885405 0.0007596236519020749 
0.0006544934585690498 -0.00041712087113410234 -0.0005224810738582164 
4.93959232699126e-05 -0.0005990175995975733 -0.00012173146751592867 
-0.0011887003784067929 -0.0006417699623852968 0.0002636866847751662 
-0.0014769972767680883 0.00030245224479585886 -0.0007055993191897869 
-0.0007954032043926418 -0.0007919893250800669 -0.0006390191444438642 
-0.00019306965987198055 8.531915955245495e-05 0.0006332539487630129 
-0.0010738168493844569 0.0011928908061236143 0.0005690682446584105 
-0.0018834873917512596 -4.497729241847992e-05 0.0004457806935533881 
-0.0008962096908362582 0.0003360515693202615 0.0004953763855155557 
-0.00014012133942742366 0.0005419340450316668 -5.501011764863506e-05 
0.0022062049247324467 -0.00024372022016905248 -0.0018243151134811342 
0.0058392666396684945 -0.0007980831287568435 -0.004903558641672134 
0.004601133412506897 -0.0033553011214735307 -0.001754059034283273 
0.0027033551305066794 -0.0015189715195447206 -0.0002582065499154851 
0.0012195502931717783 0.00019904460896214005 -0.0005200696468818933 
0.0005875278293387964 0.0023107715824153274 -0.000980116437858669 
0.0003752028860617429 0.0019987468258477747 -0.0006912551116329269 
4.297291161492467e-05 0.0015476989792659879 -0.0003406983887543902 
2.858716470655054e-05 0.0029373583383858204 -0.0008171300869435072 
-5.5348631576634943e-05 0.000597907230257988 -0.0004251495629432611 
-0.0003754195640794933 -0.0007281929720193148 0.00017817003026721068 
-0.001700269291177392 0.0012285743141546845 -0.00011545428424142301 
-0.0027958873833995312 0.001853691297583282 0.0001816840740502812 
-0.0007401889015454799 -0.0007470938144251704 0.002067272871499881 
4.782800533575937e-05 -0.00041665537719381973 0.0007619015013915487 
0.0009471656521782279 -2.6676181732909754e-05 -0.0008090665360214189 
0.004052794887684286 -0.0005939275215496309 -0.0028773359081242234 
0.007769659685436636 -0.0017334008662146516 -0.0029109088936820626 
0.009735470172017813 -0.00011802953667938709 -0.003043196236831136 
0.007203771616332233 0.00021515943808481097 -0.0029559348840848543 
0.00433045593672432 0.00034812570083886385 -0.0017810098333939095 
0.002637296973261982 -0.000576810329221189 -0.0010186077197431587 
0.0012898400891572237 0.00012748618610203266 -0.0005128034126755665 
0.0016724675078876317 0.0014620361471315846 -0.0004172629596723709 
0.0013610697933472693 0.0007955027977004647 -0.00017557699175085872 
0.00033221321791643277 0.0011751324636861682 -3.334373468533158e-05 
-3.782387648243457e-05 0.0018621630733832717 -0.000295568592264317 
-0.0016080228961072862 0.003417580883251503 -0.0010995410120813176 
-0.0004721543882624246 0.0008185933402273804 0.00021907743939664215 
2.0566854800563306e-05 -5.6001688790274784e-05 0.00021198592730797827 
4.055633689858951e-05 -1.0039971357400646e-05 -4.001853085355833e-05 
0.0005738643812946975 -7.898372314230073e-05 -0.0003310127276563435 
0.0025767243350856006 -1.0017478416557424e-05 -0.0009127484008786269 
0.00515657797222957 0.000558164538233541 -0.001937785025802441 
0.006544321950059384 -0.00048678636085242033 -0.002706070605199784 
0.007741879235254601 -0.002946286229416728 -0.0022576715127797797 
0.0060249121161177754 -0.00351935054641217 -0.001504077205026988 
0.0035947589203715324 -0.0007156351348385215 -0.0003346628182043787 
0.005163492285646498 -0.0009284318766731303 0.00030787783543928526 
0.004471465208553127 -0.0014308701956906589 0.00027753363974625245 
0.0022874876522109844 7.877149619162083e-05 0.00044656393583863974 
0.0019699579861480743 -5.8232282754033804e-05 0.0005940454648225568 
0.0003432992016314529 0.0006245027179829776 -6.582582136616111e-05 
-5.402420424616139e-05 0.00022583555437449832 -3.487151479930617e-05 
-1.1590700523811392e-06 6.109880757776409e-06 1.2652997128270727e-05 
1.270899645078316e-06 -4.421914837848817e-06 1.4095594380592047e-06 
8.187089008515613e-06 -1.968486623127319e-05 5.433109549812798e-06 
5.478451157614472e-06 -1.6270936612272635e-05 7.1706513153912965e-06 
-1.358522808914131e-06 -1.0043681868410204e-06 2.1008509065723047e-07 
6.47027462719052e-07 6.835296630924859e-07 -5.572326813307882e-07 
3.724690088802163e-06 -1.4303314799235523e-07 9.484197960318852e-08 
4.6916310054712085e-06 2.6711607858942443e-07 -4.893935141581096e-07 
3.324787428482523e-06 1.992950583229458e-06 -3.121676854789257e-07 
-7.947406288622005e-06 1.1412337130423111e-05 -6.8700511519637075e-06 
-0.00020621309704438318 -1.0110224138770718e-05 -0.00015910111324046738 
-0.0010294948879163712 -0.0002564846690802369 -0.0006360107217915356 
-0.0006829564226791263 -0.0003901597374351695 -0.00019758951384574175 
-0.00036153511609882116 0.0014115325757302344 0.0013518861960619688 
-0.003953891384298913 0.0038821790949441493 0.004937011224683374 
-0.002941277693025768 0.0014977249084040523 0.0035166175221093 
6.043088660590001e-07 -4.115274805371882e-06 2.890352561735199e-06 
9.883764278129092e-06 -5.8093355619348586e-05 3.266963449277682e-05 
-6.121376418377622e-05 -6.958180892979726e-05 7.775900667184032e-05 
-0.00011505990732985083 -1.898949994938448e-05 2.0538209355436265e-05 
-8.120329403027426e-05 5.1210336096119136e-06 8.480372343910858e-06 
-0.00010046674105979037 2.509679143258836e-05 1.3234739526524208e-05 
-7.778894359944388e-05 3.802650826401077e-05 -2.5100142835299266e-06 
-5.52900273760315e-05 4.854881808569189e-05 -3.2038008384915884e-05 
-0.00030714624881511554 0.00018672819260245888 -0.00021148673477000557 
-0.0013768077187705785 0.00042092839430551976 -0.0009682425879873335 
-0.003914077882654965 -0.00028157775886938907 -0.0025616262573748827 
-0.003532002097927034 -0.0005957034663879313 -0.001671618752880022 
-0.0025082624051719904 0.001037624606397003 0.0010475388844497502 
-0.006861175061203539 0.0035359062312636524 0.0068472406710498035 
-0.005362161318771541 0.001287558101466857 0.006869699340313673 
-1.5465977924122853e-05 3.994481767222169e-05 -6.891305019962601e-07 
-5.1069884762000584e-05 -1.631304621696472e-05 7.80986447352916e-05 
-0.00034857272839872167 -0.00015552656259387732 0.00020912190666422248 
-0.0007171994875534438 -4.5121501898393035e-05 7.771940727252513e-05 
-0.0012470413785194978 0.0003033846878679469 6.13245356362313e-05 
-0.0024899448617361486 0.0005079372640466318 0.00013372438843362033 
-0.0025602869573049247 0.00033542390156071633 0.00016651774058118463 
-0.0018431081407470629 0.00011792562145274132 -0.00026100278773810714 
-0.0027816888787981497 0.00022252521011978388 -0.001926536817336455 
-0.004195949935819954 0.0016088330354477876 -0.003185181485605426 
-0.0036301874788478017 0.001214514282764867 -0.0027018447872251272 
-0.0015528437215834856 0.00020569229673128575 -0.00122419475519564 
-0.0002079593250527978 0.00027700711507350206 0.00017619412392377853 
-0.0023256427084561437 0.0014981252024881542 0.003069322818191722 
-0.0024026628816500306 -0.0006066321802791208 0.0063218590803444386 
9.445211617276073e-06 -6.867785123176873e-05 7.818406811566092e-05 
0.00010697140533011407 -0.000577220635022968 0.0003526901709847152 
-0.00010271764767821878 -0.0009468240896239877 0.0003948812372982502 
-0.001043369440594688 7.207627641037107e-05 -1.4570134226232767e-05 
-0.0032861131548997946 0.0013334145187400281 -0.00020993337966501713 
-0.00694371375720948 0.0009092474356293678 8.378326310776174e-05 
-0.007778297003824264 -0.0009732338367030025 0.000994260743027553 
-0.006756363611202687 -0.0016569701547268778 0.00019330585200805217 
-0.006146845465991646 -0.0023459548538085073 -0.003302121418528259 
-0.004170361062278971 -0.0006102087500039488 -0.0039002735866233706 
-0.0013635792022341775 0.00022160811931826174 -0.0011384212266420946 
-7.631810149177909e-06 -0.00018031545914709568 -0.0001808065571822226 
0.0005054573121014982 0.0011120883282274008 -0.0010409854585304856 
-0.00010241000563837588 0.0032450146973133087 -0.00035935634514316916 
4.902409273199737e-05 -0.0005180272055440582 0.0046446010819636285 
4.26141923526302e-06 -0.0001244908053195104 0.00010410078721179161 
-3.122628550045192e-05 -0.0004513808526098728 0.0003081055619986728 
-0.0002305706439074129 -0.0009885200997814536 0.00033907382749021053 
-0.0006255338666960597 -0.0009114434942603111 0.00023570033954456449 
-0.0011925689759664237 -0.001195457298308611 9.096675785258412e-05 
-0.00202832781133111 -0.0026203736197203398 -2.9188930056989193e-05 
-0.003000950819114223 -0.004210701328702271 0.0011010267080564518 
-0.005211942552705295 -0.0036455296212807298 0.0009771736804395914 
-0.005259465684503084 -0.0035307466168887913 -0.0013778405264019966 
-0.0021730940497945994 -0.0023297624502447434 -0.0018778249504975975 
-0.0002821923262672499 -0.0010881107591558248 -2.3470784071832895e-05 
-5.878084630239755e-05 -0.0008139681303873658 0.00040680321399122477 
-0.00017973700596485287 0.0018747635185718536 -0.001442020875401795 
-0.0005765690893895226 0.00773967249551788 -0.00385846383869648 
0.00018667655604076572 0.003588752413634211 0.00024129642406478524 
9.809114271774888e-05 -0.00010156749704037793 -1.3442608178593218e-05 
2.070076880045235e-05 -0.00013101083459332585 -9.614150621928275e-05 
-0.00037087962846271694 -0.0012299699010327458 0.0004501706571318209 
-0.00026366469683125615 -0.0022144047543406487 0.001007767510600388 
0.0004122860264033079 -0.003611012827605009 0.0011226615170016885 
0.0009402504656463861 -0.0035576061345636845 0.00023993855575099587 
0.0003536285657901317 -0.001881684991531074 2.3583852453157306e-05 
-0.001149667747085914 -0.0005021495835535461 -3.7924296520941425e-05 
-0.0016093973099486902 -0.0005356630063033663 -0.0005147971778569627 
-0.0007128538054530509 -0.0004314550315029919 -0.0005000002420274541 
-0.00015589653048664331 -0.00011152928345836699 5.4005926358513534e-05 
-0.0004876858292846009 -0.0005126868491061032 0.000520011322805658 
-0.0009357600647490472 -0.00129348982591182 0.0016822187244542874 
-8.60567088238895e-05 0.0007074653403833508 0.0026224422035738826 
0.00032650204957462847 0.0014401563676074147 0.0014155758544802666 
0.0003183786175213754 -0.00015429177437908947 -0.00020139261687290855 
0.0008516643356415443 -0.001278873944102088 -0.00024356184439966455 
0.0008631925375084393 -0.003797535871854052 0.0010932521399809048 
0.001124121417888091 -0.0034822735469788313 0.0013543691020458937 
0.0007487916882382706 -0.0028543383814394474 0.0012364713475108147 
0.0005476506048580632 -0.0006619412451982498 0.00040663674008101225 
0.0005435210259747691 0.0008044717833399773 -6.084592314437032e-05 
0.0003700732850120403 0.0015614457661285996 -0.0004079728096257895 
0.000179381368070608 0.0011167433694936335 -0.0006075324636185542 
0.00012506117491284385 0.0004817645931325387 -0.0003701208506754483 
0.00023742027042317204 0.00038614965160377324 1.3839533494319767e-05 
0.00014443743930314668 0.0011379360221326351 0.00027785098063759506 
-2.3128151951823384e-05 0.00041998951928690076 0.002774823267827742 
0.0017368732951581478 -0.002642551204189658 0.007246708089951426 
0.0008527300087735057 -0.001055678068951238 0.0030258845654316247 
0.00014993277363828383 -7.85366355557926e-05 -0.00010013801056629745 
0.0008042978151934221 -0.0008101789135253057 -0.00023557787790196016 
0.0025518356706015766 -0.0021500867151189595 -2.5328705305582844e-05 
0.005089444079203531 -0.0017280568135902286 -0.0007610067841596901 
0.004284576090867631 -0.0019339502323418856 -0.000852104916702956 
0.0018757674843072891 -0.0015652482397854328 -0.00014070270117372274 
0.00015793264174135402 -0.0009703687392175198 9.215209865942597e-05 
0.0003212904848624021 0.0007259661797434092 -0.00015225843526422977 
0.0012197271789773367 0.0005330148560460657 -0.0003339636023156345 
0.0016884051728993654 0.00045921785931568593 -0.0002565691393101588 
0.0025239640817744657 0.0005271849222481251 0.0007367697435256559 
0.004219247447508678 0.0016949648270383477 0.0014442342653637752 
0.0021044648865427007 0.0028549578273668885 0.0012865863282058854 
0.0010121784580405802 0.00014795926108490676 0.002520085225114599 
0.0002816941123455763 -0.00030128334856271977 0.0008929439445637399 
1.2702959679700143e-06 -1.3171896682706574e-05 -4.9619927722233115e-08 
0.0001494278749305522 -0.00010637285458869883 -3.5605427228802e-05 
0.0011097599053755403 -0.00015511437777604442 -0.00027559961563383695 
0.003189921728335321 0.00017551684868521988 -0.0011887110049428884 
0.004700882651377469 -0.0007508330745622516 -0.001981978042749688 
0.004291485995054245 -0.003040535608306527 -0.0012763092818204314 
0.0015837440732866526 -0.0031672914046794176 -0.0003662079179775901 
0.0017937400225491729 -0.0006205294048413634 0.0002507505414541811 
0.0036301559302955866 -0.0008747969404794276 0.00030030070774955675 
0.0037966399686411023 -0.000833452315418981 0.00012906233132525813 
0.004739009396871552 -0.0005691875994671136 0.001404168857334298 
0.006840748566901311 -5.853179027326405e-05 0.0024134094710461795 
0.0031926905940053985 0.0009576175943948328 0.001039874492562376 
0.00036056186218047515 0.0002643799234647304 0.00025043771711352747 
1.5043860912555829e-05 -5.2118462008365896e-06 5.843631788593484e-05 
-2.7410456127086036e-09 -1.3514418029103581e-08 7.618500053041544e-09 
-4.92170526555924e-09 -4.761957939081185e-08 1.9870700640467476e-08 
-1.320206379773481e-07 2.390115447781227e-07 -8.973103859943876e-08 
-1.6839879179997297e-07 5.491831629456101e-07 -2.5339096154652907e-07 
3.227694733709541e-07 3.4367519674560754e-07 -7.272949176240218e-08 
1.4154754239825706e-06 -1.164099878714353e-07 -8.858352273932724e-09 
2.0198827996864566e-06 -4.8043847122869465e-08 -8.650467586690525e-08 
2.6210556711703248e-06 5.026810754316102e-07 6.963257135339518e-07 
-1.411205630574841e-06 5.609256774619098e-06 -3.8313332879624795e-06 
-5.585177132161334e-05 1.5095993148861453e-05 -6.125292566139251e-05 
-0.00022667152552457992 7.831571565475315e-06 -0.0001341286642855266 
-0.0001007115060929209 -8.762325160205364e-05 0.00016856873844517395 
-0.00044940051157027483 0.00010558066423982382 0.0008825080294627696 
-0.0027814210570795694 0.0011336648021824658 0.002796143584419042 
-0.0021015892561990768 0.0005672548613802064 0.002085992819047533 
-5.304641437220425e-07 1.2143060601488287e-06 -3.3381834541046373e-07 
-2.008320151958287e-06 3.587181424791197e-06 -7.615212780365255e-07 
-5.201272244903521e-06 7.129174264264293e-06 -1.7569722103871754e-06 
-6.914730874996167e-06 9.563317576066765e-06 -3.1093749157662387e-06 
-4.313235422159778e-06 8.532076520850751e-06 4.693106347986031e-09 
-1.2059640539519023e-06 5.197667322320854e-06 6.823703415648197e-07 
3.6127948987996206e-07 6.547873567797069e-06 -2.3282018446479924e-06 
-2.1855897102796007e-05 1.3590934486273909e-05 -1.6217179563682294e-05 
-0.0003204002132406458 0.00015310484013753012 -0.00020546787163766567 
-0.0010090415307786316 0.0004716667217508075 -0.0007594293565489352 
-0.0014402353540390322 0.0006774963039788418 -0.0009701483359094709 
-0.0019138243224006146 0.0015153639251366258 -0.0005282708734739572 
-0.002035276556853205 0.001277579867746681 0.0007375364366453141 
-0.005480765481479466 0.0017258527004742064 0.0055664261453785 
-0.00495359803608153 0.0006553365965373814 0.006293141617788933 
-3.2757673835703827e-06 8.474788216972229e-06 -2.513727920927522e-06 
-1.1284819379397959e-05 2.327766060261638e-05 -5.365945526136784e-06 
-2.8588412433805388e-05 4.236494805809343e-05 -1.1264430668234127e-05 
-5.270880319585558e-05 7.092920964169025e-05 -1.8871746760851238e-05 
-0.0001257902640645625 0.00011327141601213953 -8.397442798013799e-06 
-0.0003245737934776116 0.00012399862862366717 -3.820594429271296e-06 
-0.0004891829812549986 3.5163506254320964e-05 1.5988402992661577e-05 
-0.0007510568902944215 -0.00011746765812858939 -0.00019956464529968798 
-0.0026362436765339226 0.0004707549378508702 -0.001534642495244043 
-0.004770157625898719 0.0018516823329264298 -0.0031147618719842285 
-0.0028685976285487413 0.0016613663319731131 -0.002129124644852709 
-0.0018077934219036251 0.002612857206258923 -0.0011529831172083504 
-0.0015241622168105096 0.0021640285558532923 4.017926403321326e-05 
-0.002807660486723762 0.0011272732517682016 0.00467536247742828 
-0.0029041347152087837 -0.0013705237943213433 0.009539880091324449 
-6.6757820604834706e-06 1.8444167835696135e-05 -5.306898174239905e-06 
-1.8107037249137647e-05 3.5494253779688734e-05 -6.9133657234488055e-06 
-4.231501407048199e-05 6.060710802557878e-05 -2.054774267890025e-05 
-9.841027372203826e-05 0.00015606618399033323 -4.822418122785166e-05 
-0.00030838362727081403 0.0002522764407331124 -6.074397242628038e-05 
-0.0008899781241780147 4.993850598111749e-05 -3.564539656508714e-05 
-0.001474189426517114 -0.000784190371632576 0.0003019800005858997 
-0.0022085159725975245 -0.0016190969035960734 0.0002029147872235626 
-0.0035723986220546067 -0.001577838702360168 -0.0011383563978597522 
-0.003622421732870862 -0.0004266615433152765 -0.0017008810536935925 
-0.0007770745869493112 -0.0011160491267219186 -0.00025398841171409003 
9.510117524769157e-05 -0.00010321274749003351 -0.0001831092085922137 
9.565846994519234e-05 0.00021169244428165257 0.0001286259685002733 
5.280356708681211e-05 7.321927841985598e-05 0.003415573824895546 
0.0006920638552401215 -0.0027228869730606675 0.01138234999962151 
-7.732792255410459e-06 2.4529802658435074e-05 -8.027106730423839e-06 
-2.8002981935060234e-05 5.0888465921161696e-05 -1.3095937902107835e-05 
-4.72205374535406e-05 -3.101289621554315e-06 -1.8296486814506352e-06 
1.5414698282256722e-05 -0.0002806603442877531 8.337512554135174e-05 
0.0002571626100689173 -0.0010973074240610003 0.00018383728456683457 
0.0003634188324213028 -0.0019308241317048669 9.605192462913692e-05 
-2.833620601450093e-05 -0.002171574509702623 0.0004563861966744298 
-0.0011688699305523187 -0.00185887556290254 0.0008540444687241688 
-0.0014618223067373037 -0.0021054767221357906 0.0009785600705072284 
-0.0006733330083079636 -0.0015080512675922364 0.0007262298604473472 
9.009745554067194e-05 -0.0013706180034205317 0.0005753904115408659 
0.00022169780277181417 -0.000752020045183599 0.00014418181672226638 
0.0002364280189794954 5.491579031513538e-05 0.00021927585476078093 
0.0008027504663914442 0.002096327254548669 0.0024644460645504296 
0.0024627824896015227 0.00022362043091561645 0.009018364478833973 
9.002699243865209e-07 1.2131248013247387e-05 -8.775819196671364e-06 
-1.5501334473810857e-05 -7.68696190789342e-06 -3.2529994768992765e-06 
-4.585307942761574e-05 -0.00024085340555757284 9.648411651141942e-05 
5.876838986296207e-05 -0.0009764493443071842 0.0004078333149664104 
0.00048626604257151484 -0.0025042204651981592 0.0007088585989549756 
0.00097558309789747 -0.0027467890176922083 0.0003164596273563802 
0.0010507481638342142 -0.0011083728168159723 5.0305621698498726e-05 
0.0006327807350317016 0.0002806450938805938 -0.00013210708857513964 
9.190224955091253e-05 0.00015483255265280604 -0.00017679207667242736 
-0.0005251651891740039 0.0011475913197500631 -0.0002974866365548223 
-0.00033123616594821215 0.0007002465426921844 1.0796502465382218e-06 
0.00033933151280507445 0.0004982716054655612 0.00023080481332726777 
0.0012025075557176024 0.001052551786415279 0.0015489097459067125 
0.002742468639553408 0.0023685178312007338 0.005916194786550477 
0.0026354577275924385 0.001928422090713866 0.007429647899698466 
1.3069196256765281e-05 -1.3285706472743186e-05 -6.568358003278263e-06 
3.354342084094242e-05 -0.0001809590685297735 4.067355757797486e-05 
3.890314656018745e-05 -0.0006400882266461849 0.00024711978767300025 
4.789293961948715e-05 -0.0013768905773758888 0.0006448292988352478 
5.314451118465513e-05 -0.002430882304906845 0.0010760677978396416 
0.00036885384179186076 -0.002239558845758438 0.0009778402745723724 
0.0009095882996916771 -0.002063973341137171 0.000938063720241189 
0.0011993631342193112 -0.0017973212525248528 0.0003230080474168062 
0.0009653252054704353 -0.0011607343330979347 -0.0007923463708721101 
0.0005060197727289051 0.0013341896992642432 -0.001221024605911225 
0.0009058137802639976 0.0024900446296669543 9.093727567233145e-05 
0.0025949212431441993 0.0042298478074371815 0.001219004399899859 
0.004060816194396466 0.0049199871718883514 0.0032675132315489464 
0.004060454783029854 0.0026481381501071155 0.006681609331280924 
0.0015282600361388177 0.0008184912003343925 0.003955478488933295 
6.291193471952283e-06 -1.0794680434855763e-05 -1.2812087391012028e-06 
4.2055632093251916e-05 -0.00012194927330710925 2.459466273307953e-05 
0.0001908144786284538 -0.0004028175681014545 0.00011144796553708147 
0.0003868127455461945 -0.0008437432115897536 0.0002635452547110617 
6.298615153355058e-05 -0.0017351098358631134 0.0006885799812152982 
-0.0007523338426835835 -0.002619008766487241 0.001194511423818767 
-0.001561792567372322 -0.0035391016863286495 0.0013640365796163678 
-0.001646513119339943 -0.0031112032011151314 0.000705593847669661 
-0.0009756862418726087 -0.0020472873002290726 -0.0005215426790527999 
0.001355634187348187 0.001616724708583206 -0.001145445043221116 
0.0033574039698578417 0.004204026656225324 0.0008330983982887119 
0.006388537061866373 0.00696628459263593 0.0027272160223219544 
0.005382630915846676 0.006276214204262942 0.0026791199343279004 
0.0018085054471157491 0.0021715047187171876 0.0021362015686463565 
0.0001384837887599133 0.0002227840286650462 0.0005767908587586135 
-1.7620889636305037e-08 -1.8951910867315291e-06 5.12747163838867e-07 
9.6448881095057e-06 -1.803400596145366e-05 3.3327330584143056e-06 
9.149595462076832e-05 -4.47155562142143e-05 -8.999404599308036e-06 
0.00030491207144223154 -8.027732110349461e-05 -8.741940473555587e-05 
0.0003174963203491643 -0.0005136689869686961 -5.938522008364089e-05 
-0.0005747350223828107 -0.0016404998023062944 0.00029434278258122504 
-0.0018240283243358135 -0.0023318955209106207 0.0004977033531758934 
-0.001756750963977538 -0.001792107941582799 0.0004034239682368934 
-0.0011964261648245156 -0.0015242107911035419 6.471356027759612e-05 
0.0009710928570711985 0.0006159911281429231 -0.00026966474251821637 
0.0027189801185159013 0.0018549781379988417 0.0008907486189855263 
0.005175095517188311 0.0029868692508898675 0.002146683633327484 
0.003285918035544455 0.002307577640749514 0.0012117782580389758 
0.0003899190778611228 0.0005575624090852216 0.00016929911635088501 
-2.5610254681396327e-05 4.4332902234600624e-05 2.7087512535217684e-06 
-7.462314342843168e-10 1.719231429095358e-09 -4.689441304890629e-10 
-3.5234371531522868e-09 8.412967947291072e-09 -2.5865459114815526e-09 
-8.872102791150638e-09 2.3487573080904767e-08 -8.188941066911148e-09 
-1.062142304664171e-08 3.9078655478252955e-08 -1.2599068552332504e-08 
2.0488944596497305e-08 2.891002710836421e-08 -5.799650842908122e-09 
1.0757770307900927e-07 -8.942163782013623e-09 -2.074477575830791e-09 
2.2182563541583988e-07 -1.6843642383634894e-08 1.9785137379130235e-08 
7.82997979342781e-07 -5.596299956778239e-08 3.784663569206259e-07 
1.94147489196439e-06 4.51699236236891e-07 3.033014763786923e-07 
-3.183050012012245e-06 6.856885050865458e-06 -8.914983823160583e-06 
-5.936386060056975e-05 7.419025564558979e-05 -4.162455479672644e-05 
-0.00016798450451460667 0.00021464804376591928 -5.3363555707619525e-05 
-8.590290963184088e-05 8.471776163787581e-05 9.078308721655048e-05 
-0.00030401081676245667 4.97586588608101e-05 0.0004243364028297947 
-0.0003498187361401506 6.635989484493621e-05 0.00032631397880322766 
-1.595349431726678e-08 4.202643431872044e-08 -1.2846153564505247e-08 
-8.060904582718464e-08 1.9762916214638437e-07 -5.849521306222627e-08 
-2.281417665894736e-07 5.516083727563625e-07 -1.6964133187080677e-07 
-3.5919821606000824e-07 1.0026705705712402e-06 -2.7600618457412907e-07 
-3.257392933164738e-08 1.0355123367666863e-06 -1.5803022623828156e-07 
9.888909602295826e-07 4.3039374408859743e-07 -7.275936120265669e-08 
2.028947847065865e-06 1.0125119942472338e-07 -1.025899417361753e-07 
1.3174030755180866e-06 1.069511256446276e-06 1.9100434656138532e-07 
-3.9520163227280136e-05 2.620428949740017e-05 -2.457539858369273e-05 
-0.00014548567196470685 9.411862083652522e-05 -0.00011738832336050109 
-0.0003765565634239465 0.0005255201722320635 -0.0002623623804538511 
-0.001128966803662479 0.0017025210690917447 -0.0005030430547776632 
-0.0011439058725954965 0.0017892327305162326 -0.00017806181858759373 
-0.001663331495365128 0.001528852473711595 0.0013042459031566978 
-0.0014237257128115743 0.0005210575181990862 0.001833295333199203 
-1.2274169636228294e-07 3.567448882968449e-07 -1.1519936671255948e-07 
-6.371627128132218e-07 1.7136677712414894e-06 -5.193641356981971e-07 
-1.973613583672318e-06 5.052954755058181e-06 -1.5047918182631292e-06 
-3.8909148116772485e-06 1.0077527910823392e-05 -2.6135671582494524e-06 
-5.245488068794657e-06 1.3409433591071718e-05 -2.28948709946053e-06 
-7.029717153272941e-06 9.93076582744834e-06 -1.2432408027507336e-06 
-1.2901235010076562e-05 -2.67895256911288e-06 -1.1274086091361823e-06 
-5.95274796069134e-05 -3.0273714855866274e-05 -1.5530644304817542e-05 
-0.00037723348305007676 1.3192679034546018e-05 -0.00015541925677098334 
-0.0006557640444952995 -0.00018915063992608339 -0.0002920142433140427 
-0.0003756620135391131 7.491398719139397e-06 -0.00027904700618819334 
-0.0009819921106100082 0.0018426026217639446 -0.0006972579576540738 
-0.0013059055345365778 0.0025007815420394763 -0.00020470026356633753 
-0.0014394563040696084 0.0022022889461368322 0.001940461774211144 
-0.0005215962301008403 -0.0006841054128017277 0.004910932155326009 
-4.093123751047756e-07 1.3403059906380577e-06 -4.6035451717330034e-07 
-2.1852070517525135e-06 6.574411486326426e-06 -2.1093260684779125e-06 
-6.9760394296736195e-06 1.9797948993982573e-05 -6.0945348536733945e-06 
-1.4398098755918909e-05 4.036978589283535e-05 -1.096599248739949e-05 
-2.1065853388790856e-05 5.250893377706234e-05 -1.1507239520369694e-05 
-3.0253394982082682e-05 2.4560296878917143e-05 -3.4614176911418326e-06 
-5.008502444070473e-05 -7.818538733772584e-05 2.4683101855771383e-05 
-9.042545934789814e-05 -0.00038914910419407533 0.00015398567120428197 
-0.0001016659225570038 -0.001265201579371933 0.0005631168751278892 
0.0004152443434577435 -0.003287229628767818 0.00127381035417784 
0.0013623399136122316 -0.004423254868015647 0.0014011298771947622 
0.0010567937861196697 -0.002176438574679196 0.0002940734848380089 
0.0008774872112553567 -0.0014606998593080789 0.0009373545290145557 
0.0013059014454483986 -0.001500694896094501 0.0033348578144796193 
0.0022180615342222154 -0.0026458987849764526 0.010002829134464264 
-5.98908103555118e-07 2.383810809192255e-06 -8.956999293374679e-07 
-3.446763429337807e-06 1.2094751639324386e-05 -4.201725602115403e-06 
-1.1199980463061365e-05 3.697614602060639e-05 -1.2123325291213405e-05 
-1.9758808775804937e-05 6.737688090652227e-05 -1.8971053805216798e-05 
-8.309423719765618e-06 4.236819950165227e-05 -1.466444882680662e-05 
1.3441149349091575e-05 -3.195650060661137e-05 -7.521975931013003e-06 
6.22394509264268e-06 -0.00011134263331769034 3.9651544739172095e-05 
3.5481607483234257e-06 -0.0005368373604142107 0.0003570237968233414 
0.00019414705457165837 -0.0021145327773410827 0.0013743866002187133 
0.0005126104515511543 -0.004032170865684748 0.002180770577979274 
0.0009172899917757604 -0.005031634529586881 0.0018065533658955246 
0.0009389935003127903 -0.0034336885437369347 0.000658880453556776 
0.0008238652371801436 -0.002901189378462732 0.0015717012975073885 
0.0014944500871933997 -0.0021929495269432664 0.005038017057813704 
0.003921283059753478 -0.001216586577356793 0.011835187673568726 
-1.7258289197741306e-07 1.6766463311057578e-06 -8.422067372393371e-07 
-1.7208810945135156e-06 8.675669675994868e-06 -3.765246233911057e-06 
-7.43143561976467e-06 3.3017581245076144e-05 -1.2046355891470739e-05 
-1.2366011560516199e-05 5.858640361111611e-05 -1.3128563296049833e-05 
9.74638169282116e-06 -2.55423947237432e-06 -2.8300564736127853e-07 
6.806320016039535e-05 -4.8247340600937605e-05 -8.264330972451717e-06 
0.0001860920456238091 -0.0001321607269346714 4.846166120842099e-05 
0.00039614588604308665 -0.0006729541346430779 0.0002481129704392515 
0.0003688455035444349 -0.00148096214979887 0.0005782873195130378 
-0.0004004339862149209 -0.000994472195088747 0.0006862547779746819 
-0.000441266420239117 -0.0020974614308215678 0.001095365390938241 
0.0006065876004868187 -0.001584226149134338 0.0007867097738198936 
0.0018056250701192766 -3.8832658901810646e-05 0.001688103991909884 
0.003651123493909836 0.0024728273856453598 0.006351387477479875 
0.004222013405524194 0.002886178670451045 0.009455929859541357 
3.627485396506813e-07 -3.041679530468855e-08 -3.866764495263908e-07 
1.2813774787900911e-06 -1.5125176560104592e-06 -8.811629754745809e-07 
1.8128579881704354e-06 7.226151865324937e-06 -4.436153631104389e-06 
-1.8800280940922676e-06 2.0118772226851434e-05 3.0916962714400142e-06 
-1.28031570056919e-06 -1.9572325982153416e-05 3.232404560549185e-05 
6.556185689987615e-05 -0.00023172347573563457 0.00012603045615833253 
0.0002553445419835043 -0.001119975815527141 0.0003871060616802424 
0.0005047813829150982 -0.002701045013964176 0.0006059141887817532 
0.0005908918828936294 -0.0031094595324248075 2.4350068997591734e-05 
0.00028425657365005463 -0.0004263486662239302 -0.00048343910748371854 
0.0008005420481822512 0.001672473386861384 0.0008354301826329902 
0.0026257237186655402 0.0038292687386274338 0.0016522495570825413 
0.004165096674114466 0.004896759055554867 0.002361994775128551 
0.004145088911172934 0.00483814935432747 0.0040362654835917056 
0.0018593354616314173 0.0023452137247659266 0.0032427930273115635 
2.522540487603919e-07 -3.431037027823436e-07 -6.98272893395746e-08 
1.8281607765402441e-06 -2.811968435878498e-06 6.042111522219784e-08 
7.549384463345632e-06 -1.0591729733278044e-06 -2.1943428691884037e-06 
1.1240863386774436e-05 8.914343197830021e-06 1.170610630651936e-07 
-1.4850966181256808e-05 -2.8105248929932714e-05 3.9036880480125546e-05 
-0.00012074919504811987 -0.0004112314200028777 0.00020058731024619192 
-0.00036811476456932724 -0.0014724938664585352 0.00047128857113420963 
-0.0007948213315103203 -0.0029567196033895016 0.0006494825647678226 
-0.0007888742256909609 -0.0031772374641150236 4.764809273183346e-05 
0.0006231475854292512 8.98411963135004e-06 -0.0004927475529257208 
0.0023334470752160996 0.003767896181670949 0.0007917898765299469 
0.003782100568059832 0.005709764780476689 0.0018197165554738604 
0.0032296216813847423 0.004428783315233886 0.0015986582802725025 
0.0013751891092397273 0.0021997183648636565 0.0009679474169388413 
0.00013083138401270844 0.00048461180995218456 0.00022124429779069033 
3.55142917296547e-08 -7.791487899311278e-08 3.3463195409089153e-09 
4.663964254802977e-07 -5.085824090755864e-07 -8.689615693668884e-09 
3.133048323888943e-06 1.6924512351579324e-06 -1.7655778492553509e-06 
1.0630632118591166e-05 1.5839415937080048e-05 -7.878567998886865e-06 
2.2713093130732886e-06 1.6915291780605912e-05 -2.4273849703604355e-06 
-0.00011258665472269058 -0.00013527116971090436 5.182233144296333e-05 
-0.0003529421519488096 -0.0004676012322306633 0.00012532126856967807 
-0.0006669478316325694 -0.0008846257114782929 0.00018047424964606762 
-0.0006982323684496805 -0.0009438103879801929 3.505733911879361e-05 
0.0003239653306081891 0.0003524893108988181 -0.0001414226062479429 
0.0010593809201964177 0.0014537338865920901 0.0003518806115607731 
0.0015099808515515178 0.0018101967871189117 0.0007519735372625291 
0.0009468009063766658 0.0010999267105944455 0.00038978460725047626 
0.00013461916660162387 0.00032108029699884355 3.7845105907763354e-05 
-1.7465204109612387e-05 4.041199827042874e-05 -1.4852258573228028e-05 
-5.721696439489542e-12 5.221442896786001e-12 1.5490311965484792e-12 
-3.46161179842747e-11 5.424886131673648e-11 -6.162516084587269e-12 
-1.0517930782241464e-10 1.9753423571335083e-10 -4.245287777457189e-11 
-1.5826389355402988e-10 4.0128252524790527e-10 -8.842058281301884e-11 
3.6277971642365014e-10 2.555443232357262e-10 -4.02524271509927e-11 
2.4116657841750933e-09 -3.7612147326792494e-10 -1.201685598901589e-11 
8.177559424754621e-09 5.161520755074533e-10 9.752687234187984e-10 
4.9580892835798807e-08 6.662860985162666e-09 1.9870869727434126e-08 
1.946613359393723e-07 5.7915600315538995e-08 4.616937232526652e-08 
3.849123686450184e-08 8.1901915649496e-07 -4.5386465785668406e-07 
-5.935430635872763e-06 1.093280181407863e-05 -4.855765610045637e-06 
-2.4005391964010414e-05 4.1612656445977336e-05 -1.252939159712696e-05 
-2.1505335098481737e-05 5.011813925648312e-05 -2.9537168302340433e-06 
-1.920551250123026e-05 3.113943375865347e-05 2.3059668365021935e-05 
-1.7771971101865347e-05 7.121651606212254e-06 1.7526504549891797e-05 
-1.175730969898395e-10 2.884040451524598e-10 -8.148163793128072e-11 
-7.71356759444574e-10 1.9998519193735118e-09 -5.660378877582733e-10 
-2.7122493066571163e-09 7.478190008642499e-09 -2.131581309356388e-09 
-5.322596585699557e-09 1.788243307544648e-08 -4.527913845513848e-09 
5.903890293312841e-10 2.4877054603800186e-08 -4.620141451708304e-09 
3.00386096552252e-08 1.563596753462182e-08 -3.909472703900185e-09 
7.203412955014699e-08 5.2549028739523607e-08 -3.3483540828882496e-08 
3.9706826271412865e-08 5.929322668407622e-07 -2.3704851415118355e-07 
-1.0911683716585685e-06 2.7598042606769013e-06 -1.3009742474423547e-06 
-4.604649376460657e-06 6.470767573318881e-06 -4.3729434082706575e-06 
-3.4509755323597346e-05 6.485392623289954e-05 -2.4940724870248232e-05 
-0.0001306022159042186 0.000237142055084405 -6.924666058694129e-05 
-0.00018749469882095582 0.00039736542629498217 -4.84823904116638e-05 
-0.00019286973838461563 0.00037821954174432904 9.888887484521547e-05 
-9.470211807638407e-06 -2.7355781639926136e-05 0.00016395326019846834 
-1.1642648901173322e-09 3.6089198838552827e-09 -1.1690608777261205e-09 
-8.046228893235363e-09 2.4373575942260306e-08 -7.488060815505349e-09 
-3.330878977497731e-08 9.961781635703382e-08 -2.9146221873499467e-08 
-9.200506906337225e-08 2.781772129034632e-07 -7.078644563562886e-08 
-1.510951634919877e-07 5.058977154970279e-07 -9.740789386203375e-08 
-1.2155245254774627e-07 4.889287223974748e-07 -7.740286822599529e-08 
-3.9634302240187935e-07 7.317965255992931e-07 -6.464889512614036e-07 
-4.183505836863333e-06 5.8252164052419175e-06 -4.973846074562971e-06 
-1.5104996009540628e-05 7.021153869857244e-06 -9.818641956371721e-06 
1.2886172953585628e-05 -0.00010502565783099271 2.7707181288860738e-05 
6.41597307549091e-05 -0.0002069392503472045 4.6443241444649175e-05 
4.7485591494478285e-06 -7.619747339049354e-05 -2.3520922695752233e-05 
7.965520126163028e-06 0.00010177008073242177 0.0001302904472595401 
0.0005741763452533633 -0.0004027322866022587 0.0004874574478890281 
0.001211107628478203 -0.0016421537147834897 0.0008723131618353364 
-4.937609919021535e-09 1.7368031200726275e-08 -5.947657653708471e-09 
-3.75472234137586e-08 1.2733198107017785e-07 -4.15138723536268e-08 
-1.7938175667087108e-07 5.911158911242609e-07 -1.8124266321084548e-07 
-5.848505439942642e-07 1.8857593317989085e-06 -5.036040340300474e-07 
-1.218798796998044e-06 3.810740352605535e-06 -8.008013701044092e-07 
-1.5827050177108504e-06 4.025836119581072e-06 -5.837678287434755e-07 
-2.47214338600088e-06 2.7709485266314005e-06 -1.8094368705590114e-06 
-8.35913056107529e-06 4.499358624343586e-06 -7.387570917671837e-06 
6.362194653775077e-06 -0.0001017565923575603 3.931547996671725e-05 
0.00019298309791793145 -0.000760193433961831 0.00029669782088603824 
0.000526746556715807 -0.0016549102729186416 0.0004870493139605969 
0.0007117750064935535 -0.001914247521199286 0.00039490690687671304 
0.0011510517360875383 -0.0027649117491819197 0.0012738184595946223 
0.0024198524770326912 -0.005140725173987448 0.0023294334459933452 
0.0031701338884886354 -0.005770255753304809 0.0036976723931729794 
-8.713839851071103e-09 3.643373639936054e-08 -1.3407720817273927e-08 
-7.563596254867022e-08 3.102666359389161e-07 -1.091377055395526e-07 
-4.2621352092098164e-07 1.7476021909601513e-06 -5.716840512093313e-07 
-1.5753633419990365e-06 6.394964202627307e-06 -1.795874048582391e-06 
-3.5532105471247633e-06 1.4230345641408348e-05 -3.2990157876611192e-06 
-5.218912249915775e-06 1.9643214045572677e-05 -3.754107694931008e-06 
-6.622782677823125e-06 1.9212966890336247e-05 -4.247844913152221e-06 
-8.21391131466953e-06 -1.2886002878076397e-06 3.667674604912463e-06 
1.767471121638664e-05 -0.0002369724606978707 0.00012355318631307455 
0.00016983736350084655 -0.0011991344431407924 0.0005152376661499147 
0.00047191720841510687 -0.002750415267655626 0.0008187674538930878 
0.0007137549255276099 -0.003645438002422452 0.0007120419759303331 
0.0004576506180455908 -0.005343241966329515 0.0019653923518490046 
0.00024685421340109315 -0.007775862643029541 0.0038937994395382702 
0.0020730506803374738 -0.005972642233246006 0.005825054598972201 
-4.3345258758133165e-09 3.0280286776249166e-08 -1.3573608050694227e-08 
-5.39333381843754e-08 3.4447448893359933e-07 -1.3911493168539124e-07 
-4.118799612484736e-07 2.7372232125344453e-06 -9.735809989308564e-07 
-1.8300221711342601e-06 1.2199730463180458e-05 -3.5914717955165543e-06 
-4.666433138567072e-06 3.1911155019770376e-05 -7.961568002201602e-06 
-7.0808862346893875e-06 5.6153692639782093e-05 -1.2493990496409424e-05 
-4.4177158997626975e-06 6.510331695608329e-05 -1.284939708057209e-05 
9.879204299068078e-06 -2.1191444830037653e-06 9.198294719681144e-06 
1.2989444257982541e-05 -0.00020789424888789654 8.854298357618973e-05 
-6.40131147520151e-05 -0.0007931480831757654 0.00035392706286074826 
-9.294749179389328e-05 -0.002412341083982028 0.0008009486555238254 
6.675534041278297e-05 -0.003454003919614479 0.0006421637372113764 
-6.527121149701998e-05 -0.0038026166148483753 0.0008567303084419109 
5.0906091928482056e-06 -0.002641674072947353 0.0025660848477855325 
0.0011285033833701164 -0.000604463966737967 0.00363098835805431 
3.06683444785405e-09 2.307800020528994e-09 -5.114058336530558e-09 
1.1317866050603032e-08 1.3643591767475982e-07 -8.076759527853028e-08 
-2.771291879311022e-08 2.296538781365598e-06 -9.131981251186971e-07 
-4.013914072231728e-07 1.3626962072521565e-05 -4.204248275740952e-06 
-1.1320872204123589e-06 4.3057011453129235e-05 -1.0958855227727327e-05 
7.844965921322e-07 8.042307945288485e-05 -1.7507222764834296e-05 
1.1743180948542431e-05 7.58651367505081e-05 -1.6107222108985297e-05 
2.999598564201733e-05 -8.826355042401701e-05 1.509788489784114e-05 
2.263131955260178e-05 -0.00034369065542705357 2.8277712772251107e-05 
-3.1016787033877335e-05 -0.0003620906918513356 9.338432366234883e-05 
2.7963162210653536e-05 -0.0005744287045672536 0.00046518405724782497 
0.00022751690994482487 -0.0008516040397807956 0.0005455775972222909 
0.0004792941326741129 -0.0007944536628201604 0.00042629104427760467 
0.000745793975511333 0.0003971902478951961 0.0008403864194406196 
0.0004755891641252674 0.0006210178980836645 0.0008559120469726622 
2.9032197748288247e-09 -4.669571410098605e-09 -4.1855516101640955e-10 
3.1294571427309403e-08 2.076048133403674e-08 -2.8195714874001965e-08 
2.209994049984232e-07 1.1576187119999304e-06 -5.112385537131559e-07 
1.009547816011036e-06 8.847973560932587e-06 -2.8602131294519495e-06 
3.185106663750048e-06 3.2082775760500226e-05 -8.12445421161101e-06 
6.154733455332462e-06 5.9848603086720686e-05 -1.2028965102217626e-05 
4.076669029018376e-06 4.7091147280298173e-05 -9.669774954090826e-06 
-2.361187944188714e-05 -9.504525223746896e-05 9.735755156725645e-06 
-5.911018524784595e-05 -0.00029596619424410164 1.2353812053333968e-06 
4.423732025315985e-05 -7.859629113227129e-05 -7.573635230073705e-06 
0.00031209916778607294 0.0005149812786839902 0.0001758543075993657 
0.00043225484478170983 0.0005845292471349239 0.0003009123684023507 
0.00031490819674218073 0.00022693342179991305 0.00023024055553833023 
0.00020274846019674442 0.00024798572121653706 0.00014726307927048765 
2.740177797022625e-05 9.775332182471175e-05 4.1625078665674664e-05 
5.070258512086118e-10 -1.1383894439088993e-09 1.203978454477131e-10 
9.927060909409313e-09 4.680451193284085e-09 -6.439924093992744e-09 
1.1187373322174565e-07 3.3652536668427047e-07 -1.5569127409520434e-07 
7.411995266437543e-07 3.029214838079497e-06 -1.032739021411544e-06 
2.6516504476603586e-06 1.2208507769173593e-05 -3.2075776061901706e-06 
4.60450701211812e-06 2.572377752585453e-05 -5.5528410030092346e-06 
1.7813481463235803e-06 3.13129166897852e-05 -7.207968337752391e-06 
-1.69796658155974e-05 5.487709131557494e-06 -6.618897714361083e-06 
-3.18825932481559e-05 -3.12981428578496e-05 -1.3415192370302975e-05 
3.395573639863869e-05 5.403389332059305e-05 -1.4205741535988636e-05 
0.00011688241465890314 0.0001989608470012172 4.168655868852511e-05 
0.0001347499965049792 0.00019453414915915346 7.635022035401562e-05 
6.717078213114291e-05 7.315796472084912e-05 3.8051399315008894e-05 
1.2168743523943704e-05 2.6920473374048015e-05 5.805613000120502e-06 
-3.5207928874569916e-06 3.98423026126693e-06 -2.8712751145576476e-06 

-0.0017484124400652945 -0.0008267497614724562 -0.0012103498738724738 
-0.0019297917606309056 -0.0010645908187143505 -0.002276552637340501 
-0.00015955480193952098 -0.00012278709255042486 -0.0009585160987626296 
1.2468366890061588e-05 4.912460553896381e-06 -6.856047002656851e-05 
-1.5932377550598176e-07 -4.0138425561053737e-07 4.130163802074094e-07 
-1.109377656405286e-08 -3.956276878325227e-08 5.060108509979955e-08 
3.713827316422641e-10 -8.745989016562331e-10 6.480602818975407e-10 
1.3664728203133247e-09 1.9202521760186553e-09 1.4569641881845286e-09 
3.5252781360739505e-08 4.9536518886839076e-08 4.73958432500865e-08 
4.941545768133437e-07 6.687505447189324e-07 6.450774350241772e-07 
2.6590178094920702e-06 4.221250378577679e-06 5.0459716760542506e-06 
1.0189801287197042e-06 4.6520900696123135e-06 1.0083948041028634e-05 
-5.265620984573616e-06 1.6759126992837992e-06 2.876378516702971e-06 
-2.654085051290167e-06 2.9416041797958314e-06 -2.5298599837242364e-06 
-4.1125809957520687e-07 7.712755665245652e-07 -1.018998702306817e-06 
-0.004141659417655319 -0.003697931009810418 -0.004092475399374962 
-0.004302648856537417 -0.005011601257137954 -0.007285600950126536 
-0.00021816841035615653 -0.0006012302474118769 -0.0036007381859235466 
4.253014401456312e-05 4.8307401812053286e-05 -0.00032988634484354407 
-1.6343924471584614e-06 -2.6693804784372333e-06 1.3732388879361679e-06 
-1.7715444267096814e-07 -4.968714254482975e-07 4.0783265942145874e-07 
-1.3494304916539246e-08 -3.2316805453902475e-08 1.6253130088322854e-08 
-1.2553420858374409e-08 -1.875623201197385e-08 -1.066669080840299e-08 
-1.1824354473333187e-07 -4.4326863957167006e-08 6.952177500352263e-08 
-4.6890355065443146e-07 -1.82163830686477e-08 1.0507002343729255e-06 
-7.102669314917875e-07 -5.6148517160181655e-06 6.890396662129206e-06 
-2.74675949185621e-06 -2.804953101076535e-05 1.53641248061831e-05 
-9.68994754657615e-06 -2.741526827776397e-05 6.2851154325471725e-06 
-4.481576297621359e-06 -4.6172572183422744e-06 -1.1055634558942984e-06 
-6.161475170074482e-07 -5.795062207880619e-07 -4.08147101893519e-07 
-0.002320803381735459 -0.0047422811621800065 -0.002997918054461479 
-0.0025674459466245025 -0.006743388425093144 -0.004829398239962757 
-0.0004323315697547514 -0.0008958548423834145 -0.003249503904953599 
-1.9919200894946698e-05 8.73229801072739e-05 -0.00036828945667366497 
-5.897948966548938e-06 -8.339759006048553e-06 8.188257666574827e-06 
-1.3683248685225635e-06 -2.5736107005513986e-06 1.5565173168141655e-06 
-4.398291082452488e-07 -5.887336769205831e-07 2.2289128276398174e-07 
-1.516414982472014e-07 -2.9014623614820323e-07 -7.762798492905176e-08 
-5.527507056513059e-07 -1.338798824690457e-06 -5.555270305990234e-07 
-3.087951981228798e-06 -7.948106429012114e-06 -1.409293190590688e-06 
-8.171999070327729e-06 -3.2854192681952554e-05 2.6726138457888737e-07 
-2.851386852853466e-06 -5.32385774931754e-05 1.0998353900504299e-05 
4.473578883334994e-06 -3.4321936254855245e-05 1.106630543290521e-05 
2.68825556304364e-06 -9.301990331778143e-06 4.023198357572255e-06 
5.766757595893068e-07 -1.5770551655691634e-06 7.562744652744868e-07 
-0.0008501501797582023 -0.0004322095192037523 -0.0006991206901147962 
-0.0015812531109986594 -0.0004885349771939218 -0.0016017748275771737 
-0.0007159660934235035 0.0002028891904046759 -0.001372148166410625 
-6.4846364693949e-05 3.573005596990697e-05 -0.00011157548942719586 
-1.593226807017345e-05 -2.5239067326765507e-05 2.117006613389094e-05 
-1.301372913076193e-05 -1.7960660670723883e-05 8.9314532942808e-06 
-5.552874029035593e-06 -7.197660806923523e-06 2.686577886379382e-06 
-1.6589948614864625e-06 -2.355592386038552e-06 4.2438382763521076e-07 
-5.713879147606349e-07 -3.1259954198503692e-06 -9.88249595934576e-07 
8.998081180155992e-07 -1.288920520892134e-05 -1.3863716503692558e-06 
2.7768862764787627e-06 -3.3106770388258155e-05 9.294672054238617e-07 
1.4027336874278262e-06 -3.269398780503252e-05 7.273079972947016e-06 
4.28882322012214e-06 -1.9984840264442028e-05 8.879198048816761e-06 
2.625789136345702e-06 -6.982680986311607e-06 4.0297106806974625e-06 
5.13842124405528e-07 -1.064691858232436e-06 6.651144914826546e-07 
-0.0006578265165444463 0.0025510535342618823 4.052859731018543e-05 
-0.0013781622692476958 0.0036134984547970816 -0.0010115692857652903 
-0.0004579353117151186 0.0006366789148160024 -0.0003862124867737293 
0.00015167280798777938 0.00011261916370131075 -2.9892093152739108e-05 
5.651615356327966e-05 6.565993680851534e-05 -2.7503774617798626e-05 
-3.582966928661335e-05 -4.9049252083932515e-05 2.2497877580462955e-05 
-2.5359408482472645e-05 -3.4292626196474885e-05 1.1677911743390723e-05 
-8.742373552195204e-06 -1.1644965411505837e-05 3.405679844803444e-06 
-3.373912022652803e-06 -5.679232344846241e-06 8.06305532563556e-07 
7.362586984527297e-08 -7.3252808761026245e-06 2.3237168988998746e-06 
5.131891157361679e-06 -1.266358776774723e-05 6.365957858633919e-06 
2.7776210913543764e-06 -1.9844348571496084e-05 8.813774002192076e-06 
-1.3540456222926878e-07 -1.709575053610024e-05 7.241178309413954e-06 
-3.1291495616869724e-07 -5.7469696344014665e-06 2.7699815916548687e-06 
-2.348209476865648e-08 -6.996246124657546e-07 3.9639567184224234e-07 
-0.00037515326403081417 0.001280993572436273 0.00011217530118301511 
-0.00034092902205884457 0.0011331845889799297 -0.0003801783896051347 
0.0001839271280914545 -0.00125473081425298 6.437755655497313e-05 
0.00046160974306985736 -0.0006446601473726332 4.672791692428291e-05 
0.00021803067647852004 8.251608232967556e-05 -6.414906238205731e-05 
-2.393979229964316e-05 -5.965607851976529e-05 2.1341285901144147e-05 
-4.396954773255857e-05 -6.068080347176874e-05 1.7620329799683532e-05 
-1.8337118490308058e-05 -2.2539470592164434e-05 6.727113529336748e-06 
-8.69394625624409e-06 -1.1905364772246685e-05 2.0647732128509233e-06 
-4.962433195032645e-06 -6.037431376171298e-06 3.383633497833216e-06 
-1.5373248061223421e-06 3.1381205189973116e-06 5.4652620065098745e-06 
-2.599721710794256e-06 -6.094302989367861e-06 4.366298981040018e-06 
-3.2396126243838808e-06 -1.2406401026510139e-05 3.841928446490783e-06 
-1.3891681618360963e-06 -5.080236206822519e-06 1.8425713363967589e-06 
-1.851502724470322e-07 -6.51535829288008e-07 3.0369812697994547e-07 
-0.00025077557074837387 0.0002615614503156394 0.00014605623437091708 
-0.00031494360882788897 1.9408471416682005e-05 0.00010142434621229768 
5.9810467064380646e-05 -0.0015125192876439542 0.00020218888676026836 
0.00032684532925486565 -0.0015549416057183407 0.00033978444116655737 
0.0001695638638921082 -0.0005821958329761401 0.00021859854359718156 
-6.932641554158181e-06 -0.0002329311173525639 8.407688710576622e-05 
-3.292033125035232e-05 -6.977831276344659e-05 1.8282471273778356e-05 
-1.5160863313212758e-05 -3.250407644372899e-05 8.019779215828748e-06 
-6.882900152049842e-06 -2.2062548396206694e-05 4.024500526611519e-06 
-3.648226652330777e-06 -1.0074863666886813e-05 1.9177234662492992e-06 
-2.591464749457373e-06 -4.131866717216326e-06 2.35633046941075e-06 
-2.3530243424829678e-06 -8.47444789542351e-06 2.359465270274086e-06 
-1.5723433079983806e-06 -8.464079883196973e-06 1.9547200551528476e-06 
-5.261787663357609e-07 -3.154740195299155e-06 9.404595218143186e-07 
-5.52221197658298e-08 -4.6696518377076224e-07 2.0252250454433351e-07 
-7.358854418271221e-06 -2.1146588551346213e-05 -1.3305379980010912e-06 
-0.00011302783968858421 -1.2379889085423201e-05 4.453857945918571e-05 
-0.00010558367648627609 -0.0002304222871316597 7.886095772846602e-05 
3.375744563527405e-05 -0.0004509139071160462 0.0001418910178472288 
5.5037191486917436e-05 -0.00035561043114284985 0.00013598980149254203 
7.601756806252524e-06 -0.0001887359503598418 5.4818600801809225e-05 
-6.734869202773552e-06 -5.1229871132818516e-05 1.272454221634689e-05 
2.135486738552572e-06 -3.8449116345873335e-05 8.883398095349548e-06 
1.8531909518060274e-06 -2.6847601930057863e-05 5.09596452502592e-06 
-1.108071501221275e-07 -9.391113508172566e-06 1.8758375119887205e-06 
-7.231050460632105e-07 -4.581923008117883e-06 1.0640545724527328e-06 
-1.1011593414878007e-08 -5.750457887643279e-06 1.496145728197007e-06 
2.4206124749071023e-07 -4.028361381358536e-06 1.0767957405732886e-06 
1.269730987019102e-07 -1.3308579092097261e-06 4.3587020925883735e-07 
2.8591371048491965e-08 -1.9592272826329804e-07 9.317398030894708e-08 
9.940742599856556e-06 -8.777805646786874e-06 -6.138057400129071e-06 
1.740888956192066e-05 -2.1269869421303156e-05 -7.846087044072192e-06 
1.6648862583679147e-05 -3.504661185615987e-05 -2.0251373200608214e-06 
1.9081091522821225e-05 -5.0720143462967826e-05 8.608136568000191e-06 
2.3457199858967215e-05 -6.208868853718741e-05 1.251454295925214e-05 
1.954791514435783e-05 -5.514205531653715e-05 5.6193034652096685e-06 
1.62109379289177e-05 -3.40962469635997e-05 3.5394238011576817e-06 
1.5793949387443718e-05 -3.0794215490459464e-05 4.734346731538608e-06 
8.6824093159521e-06 -1.879258797998773e-05 3.5911098734686675e-06 
2.338648556587941e-06 -5.861443696630886e-06 1.6552100277067439e-06 
1.2288373785196427e-07 -1.3166350640858582e-06 4.695573920798779e-07 
2.187982879320316e-07 -1.3176039175277765e-06 4.386958991631218e-07 
2.5911551726487403e-07 -9.423909013150933e-07 3.145659857040073e-07 
9.567390413245391e-08 -2.8845928090603934e-07 1.1177753789226585e-07 
1.4019108235396871e-08 -3.528753880766011e-08 1.8706233589904642e-08 
-0.0020955688087269664 -0.0004799830094270874 -0.0013838057057000697 
-0.0023461129749193788 -0.0008437336364295334 -0.0020899183436995372 
-0.000303219429042656 -0.0002288179130118806 -0.0007506464098696597 
-1.5553578691651637e-05 -4.645835133487708e-06 -2.8963805561943445e-05 
-1.7075971570079673e-06 -1.9908529225176608e-06 2.464722740569414e-06 
-7.526167156157726e-08 -3.33665709284503e-07 2.0096058594987198e-07 
2.6990496782008933e-09 -1.4433033462823985e-08 8.985812358086598e-09 
1.5746377535208467e-09 3.4112750402215397e-09 6.443590994109627e-09 
-5.814229098177748e-10 1.6804705182948965e-08 2.64484029344203e-07 
-3.159318566758884e-07 -1.7147403923445381e-06 3.886599415636738e-06 
-2.693745045689866e-05 -4.199949322014618e-05 3.533693416102324e-05 
-0.00034044962376356125 -0.00043366915997467004 -2.4265282263513654e-06 
-0.0006851236685179174 -0.0007383699971796887 -0.00012429696107574273 
-0.0003093494669883512 -0.0001919286987686064 -0.00011144355630676728 
-3.8774818676756695e-05 6.463267027356778e-06 -2.9299205948518647e-05 
-0.004664480919018388 -0.0014676564314868301 -0.004813139734324068 
-0.004653787327697501 -0.0025659499660832807 -0.006356671859975904 
-0.0006689284782623872 -0.00030870588670950383 -0.00262512025074102 
-0.00017474522383054136 0.00015534411431872286 -8.550505663151853e-05 
-2.9167083539505256e-05 -1.459600616726675e-05 2.7462677735456964e-05 
-2.1878089455640293e-06 -5.197445375415555e-06 3.5967640314993332e-06 
-1.4738350628817898e-07 -4.146093472989776e-07 2.3537362592307431e-07 
-2.2974185043267425e-07 -4.031736011711473e-07 -2.3942533999843363e-07 
-5.510296830379957e-06 -6.796003638953607e-06 -2.9451431373672676e-06 
-6.353038997986005e-05 -9.445773503102828e-05 -4.135429935558932e-05 
-0.00025241596205205497 -0.0005165733909962 -0.00010404279873910127 
-0.0005423772763606394 -0.001423058012733236 -0.00010777586066978984 
-0.0006422597980417777 -0.0013151144958101213 -0.0001372248661937192 
-0.00023052896517583576 -0.00021278628264553845 -0.0001228824803547468 
-2.6474421474631527e-05 1.7526601823192323e-06 -2.4659666081561227e-05 
-0.0019434242567513138 -0.002001549524720758 -0.0030548517825081944 
-0.002098197153827641 -0.002450148429488763 -0.00367488875053823 
-0.0010634621430654079 0.000577921950025484 -0.0021981181912451575 
-0.0005305060221871827 0.0005763036388088949 -4.52132589998655e-05 
-9.34696236072341e-05 -1.830201654229313e-05 5.410872654465493e-05 
-1.2595040061569307e-05 -2.4186861878661148e-05 1.3579134929386782e-05 
-3.0929110153010697e-06 -3.1784695693204412e-06 1.869434527179692e-06 
-8.33472540762159e-07 -2.4835044314386323e-06 -1.3325769714356284e-06 
-1.2213169611641206e-05 -3.143473747968528e-05 -1.355931908619823e-05 
-0.0001288540072437172 -0.00036741041265031527 -0.00017540642511448823 
-0.0004312728160584811 -0.0012540981115307659 -0.0004052152726217173 
-0.00045267693349160254 -0.0015165235672611743 -0.00025120282953139395 
-0.00018596588051877916 -0.0007019285840215161 -9.304909326601774e-05 
-2.642635809024796e-05 -9.631377906771377e-05 -2.6872585294768214e-05 
4.808808625966776e-06 -1.6197287777686142e-05 3.5849573123414302e-06 
0.0006364558357745409 -0.0020116553641855717 0.0012940228334628046 
-0.0007874085968069267 -0.0013660653203260154 0.00037424382753670216 
-0.0013035675833634741 -0.0005706921656383201 0.0004382268052722793 
-0.0004216280212858692 0.0001784029882401228 0.0002617619975353591 
-1.2648815754801035e-06 4.796375287696719e-05 1.374193379888311e-05 
-1.1021009413525462e-05 -8.705374057171866e-06 1.953344872163143e-05 
-1.2449763744371012e-05 7.4005365604534745e-06 4.886349415755831e-06 
5.5133987189037725e-06 7.972355888341554e-06 -9.008990673464723e-07 
9.220804713550024e-06 -2.1387253582361154e-05 -1.1919473763555288e-07 
4.957087912771385e-05 -0.0003583225479815155 -0.00011370828724466264 
5.493607750395313e-05 -0.0008649890805827454 -0.00028538587503135204 
-0.00016863802738953382 -0.00030006155429873616 -0.0002587753115221858 
-0.00011011007882189006 1.2115342542529106e-05 -0.00011562473082449287 
1.193993739434518e-06 -2.0686416974058375e-05 4.125144187128171e-06 
6.639685807385831e-06 -9.283935924031539e-06 6.229244036148884e-06 
0.0009727665456011891 -0.0004821071634069085 0.0008453087648376822 
-0.0002676270669326186 3.984788781963289e-05 -8.585676550865173e-05 
-0.00023876767954789102 -0.0016240353579632938 0.0013111564621794969 
0.0012911949306726456 0.0007229382172226906 -2.7123780455440283e-05 
0.001256646472029388 0.0014013740583322942 -0.0006543375784531236 
0.00037032636464573443 0.0005606716149486601 -0.0002458376984577626 
-3.048175130970776e-06 8.397070632781833e-05 -2.1861676941625774e-05 
9.072579996427521e-05 0.0001415557344444096 1.6991853044601157e-06 
9.6534589829389e-05 0.0001545725463074632 7.383048796327785e-06 
0.00011750672638299875 0.00013333169044926763 5.633440650854027e-05 
0.00025682612249511294 0.0003113353159278631 4.0666382119525224e-05 
0.00012694624092546292 0.0004323381290305406 -6.461477460106835e-05 
5.621090508611815e-06 7.293853559531271e-05 -2.9735296266153455e-05 
-8.625564760222915e-06 -3.810953967331443e-05 1.860261727415491e-05 
-1.4836226007730602e-06 -8.53349217777577e-06 5.981335050364578e-06 
0.00033271731808781624 -0.00023405638057738543 8.842255920171738e-05 
0.0007493309676647186 -0.001812388887628913 -0.0006620583590120077 
0.0010536323534324765 -0.00432100854231976 0.0006273947656154633 
0.0022599680814892054 -0.0009624467929825187 4.060077480971813e-05 
0.0020803658990189433 0.001473493641242385 -0.0007704425370320678 
0.0005876516224816442 0.0004293137462809682 -0.00040143501246348023 
-0.00016530067659914494 -0.00020966475130990148 -2.2921165509615093e-05 
5.961790157016367e-05 0.00015237811021506786 2.3395179596263915e-05 
0.00011647079372778535 0.00029348215321078897 -8.117474862956442e-06 
5.597228300757706e-05 0.0005083036667201668 0.00011122777277705609 
0.00010185966675635427 0.0009730913443490863 0.00014353671326716722 
7.42449628887698e-05 0.0006902863387949765 -1.2016556866001338e-05 
3.452583769103512e-06 7.108265708666295e-05 -1.7844036847236566e-05 
-1.596836136741331e-05 -4.838171980736661e-05 1.4842436939943582e-05 
-3.911531308631311e-06 -1.0872732389088924e-05 5.960646547009674e-06 
-0.0008119205594994128 6.107758963480592e-05 0.0007647401071153581 
-0.000787914264947176 -0.0009874203242361546 0.00045390165178105235 
5.614676047116518e-05 -0.004063973901793361 0.0006181754579301924 
0.000919765792787075 -0.004654576405300759 0.0014150004426483065 
0.0009769473690539598 -0.0036252527497708797 0.0014518100360874087 
0.00014330726116895676 -0.0025691374903544784 0.0008015338389668614 
-0.00031462519837077707 -0.0007670695486012846 0.00018995659775100648 
-0.00015285902190953493 -0.00040995367817231454 7.785879643051885e-05 
-6.618878978770226e-05 -0.0002707018775254255 4.56235475212452e-05 
-4.301370063330978e-05 6.373395444825292e-05 5.669111033057561e-05 
-3.449626638030168e-05 0.00024521886371076107 8.970119233708829e-05 
-1.8420796550344676e-06 1.0910684068221599e-05 6.777924090783927e-05 
1.119362423196435e-06 -0.0001318235954386182 4.058219155922416e-05 
-5.793296622869093e-06 -5.433685873867944e-05 1.547536339785438e-05 
-1.0521668514229532e-06 -9.609600567728194e-06 4.859729074269126e-06 
-0.00023325262736761943 8.110182534437627e-06 0.00016395397688029334 
-0.0007751056837150827 0.00014977221144363284 0.0003706573770614341 
-0.0008969853515736759 -0.0002446907456032932 0.0003892552631441504 
-0.00046062516048550606 -0.0011824515531770885 0.0007414195861201733 
0.00012329895980656147 -0.0021291000302881002 0.0009905367332976311 
-4.002475179731846e-05 -0.0014896945504005998 0.0006255011576286051 
-0.00021072520758025348 0.0001575188071001321 0.00014689065574202687 
1.9050203263759613e-06 -0.00016098498599603772 4.07076149713248e-05 
1.7057187505997717e-05 -0.00026748550590127707 5.51289485883899e-06 
-1.3799839507555589e-05 -8.842938495945418e-05 3.967403245042078e-06 
-3.4754811963466636e-05 -2.222446164523717e-05 2.674503275557072e-05 
-1.1334600458212662e-06 -9.934836202774022e-05 4.601042928698007e-05 
7.5721445682574995e-06 -8.258927982751629e-05 2.6674084438127466e-05 
3.0106721169431694e-06 -2.688561585273419e-05 9.28375675357529e-06 
9.890341630125477e-07 -4.853636255575111e-06 2.826876539074874e-06 
1.6366296563319338e-05 -1.290010366972183e-05 -1.1689915595525235e-05 
-1.955326570168836e-05 -7.460078450094443e-06 3.25004384649219e-06 
-0.00017019626830006018 6.0041158576495945e-05 4.72373881166277e-05 
-0.0002925937733380124 0.00011082872515544295 9.623653204471339e-05 
-0.0001860042684711516 -2.88987357635051e-05 9.712364044389687e-05 
-0.000119360804092139 2.095979289151728e-05 5.4352385632228106e-05 
-3.120716428384185e-06 0.0001953690079972148 1.2562521988002118e-05 
0.00014457562065217644 -7.265587919391692e-05 -3.377641405677423e-06 
8.910856558941305e-05 -0.00010200704855378717 -8.598342901677825e-06 
2.3344618966802955e-05 -3.837357508018613e-05 1.342606992693618e-06 
-9.49964351093513e-06 5.602033752438729e-06 3.414159209569334e-06 
-2.820981990225846e-07 -1.3098827139401692e-05 8.625269344975095e-06 
4.2368307049400755e-06 -1.6311232684529386e-05 6.316852761756309e-06 
2.260478424886969e-06 -6.15334488429653e-06 2.7225719918533287e-06 
5.164992504802512e-07 -1.039561844606851e-06 6.91790209117471e-07 
-0.0004323786633904092 -0.0002569796779425815 -0.00018841805831470992 
-0.0004263140999682946 -0.0009189392731059343 0.00018212048598797992 
-0.00021718745620091795 -0.00048766276086098514 0.000517643871717155 
-8.42346244098735e-05 -2.5561988877598196e-05 0.00014290795661509037 
-5.5744019391568145e-06 -2.6122359031433007e-06 4.758044724439969e-06 
-2.0928686694787757e-07 -8.235095378950064e-07 3.949632230160205e-07 
3.2500746982577766e-08 -5.2085415980229754e-08 3.9272046725713494e-08 
-5.8708396366569104e-08 -1.418574768763392e-08 -7.838413118577137e-08 
-3.5228105161877465e-06 -2.7529690669325646e-06 -2.185698122048052e-06 
-4.992031159645194e-05 -5.326955215423368e-05 -1.9606569367169868e-05 
-0.0004932065021421295 -0.00047099560379137984 -0.0001050388837029459 
-0.0033592036925256252 -0.002917821955634281 -0.001033290129271336 
-0.0067412907956168056 -0.005155312857823446 -0.0016794592957012355 
-0.0035804506042040884 -0.0016223464190261438 -0.0005152197918505408 
-0.0005593493187916465 1.718787279969547e-05 -1.358743611490354e-05 
-0.0009066000420716591 -0.0006223107629921287 -0.000858768071339 
-0.000796192602138035 -0.0026749545359052718 0.001093826605938375 
-0.001543010672321543 -0.0010733932722359896 0.0032236867409665138 
-0.0009419797279406339 0.00010676481178961694 0.001172088135717786 
-0.00012706979305221466 -4.98543813591823e-05 7.900660057202913e-05 
-1.265251194126904e-05 -2.3653889911656734e-05 1.1542313302470575e-05 
-1.7416067521480727e-06 -1.8787299325140339e-06 1.4400276597825723e-06 
7.043700183118062e-07 -7.430244295392185e-07 -3.321496251373901e-07 
-3.7414250982692465e-05 -4.91769278596621e-05 -3.19735963785206e-05 
-0.0005638856746372767 -0.0006962165025470313 -0.000464967493826407 
-0.002203389856731519 -0.0029259800940053537 -0.0013863840140402317 
-0.00440920971595915 -0.006669543945463374 -0.001992233439523261 
-0.005009940825402737 -0.006301077897660434 -0.0017224781622644514 
-0.001779825397534296 -0.0009953450644388795 -0.0006400173369911499 
-0.00023409968707710505 2.4576842406531796e-05 3.873233072226867e-05 
0.0003772163181565702 -0.0011485489667393267 0.0005370604922063649 
-0.0002234710264019668 -0.0011970836203545332 0.001946367439813912 
-0.003543179074767977 0.0011689404491335154 0.004428169457241893 
-0.0030781089735683054 0.0006906870985403657 0.002010765834711492 
-0.0006807962672610302 -0.00026672438252717257 0.00016815218259580433 
-0.00017063544294160238 -0.00018032303705695085 8.353410885320045e-05 
-1.4020936362157954e-05 3.178079077770235e-05 3.703123752529791e-06 
2.8092559659853578e-05 2.2488980903290212e-05 -8.307633834192529e-07 
-1.9635023013719888e-05 -0.00013867120651411824 -4.236667155055329e-05 
-0.0008616482227807865 -0.002172059699660167 -0.0014348032709676772 
-0.00285055507265497 -0.005946960998699069 -0.0030714164313394576 
-0.003174718702211976 -0.005374911124818027 -0.0025285228912252933 
-0.0018246680265292525 -0.0014449829468503594 -0.0017274353886023164 
-0.00026495030033402145 -1.0769697837531567e-05 -0.0003886664635501802 
6.715971903759055e-05 -0.00013953717279946432 0.0001290514937863918 
0.001945474010426551 -0.0029407511465251446 0.004323172790464014 
0.0003154027508571744 -0.001410077791661024 0.0031140769133344293 
-0.0029424684471450746 0.0004082336090505123 0.0026797917671501637 
-0.002939813712146133 0.0008202590979635715 0.0009086176287382841 
-0.0007929960847832263 0.0001566045975778252 5.360139766708016e-06 
5.294385482557118e-05 0.00047064186037459876 7.766120688756928e-06 
0.00042370829032734036 0.0009281884704250842 -0.00020378484623506665 
0.00039448225288651884 0.00047967936552595347 -8.337895997101441e-05 
0.0002698017888178583 0.00017079495592042804 0.00024097709683701396 
0.0004067868630954763 -0.0019204404670745134 -0.0008663335465826094 
0.0003661595983430743 -0.0038023177767172456 -0.0020564435981214046 
-0.0012683002278208733 0.0010554445907473564 -0.0024836660595610738 
-0.0014370171120390296 0.0031032004626467824 -0.002295513404533267 
-0.0002251139230793342 0.0011386669357307255 -0.000646416621748358 
4.694487830647631e-05 0.00011517620441736653 -2.661797043401748e-05 
0.00048421358224004507 -8.457072544842958e-05 0.0019104697530565318 
-0.0008736460004001856 0.0008223364129662514 0.0007301219156943262 
-0.0012381744454614818 -0.0009253263706341386 0.0017120603047260374 
0.00044222106225788593 0.0005506717570824549 0.000509767618495971 
0.002505730837583542 0.0025568546261638403 -0.0008363451343029737 
0.0025824205949902534 0.0037262551486492157 -0.0012904098257422447 
0.001731448108330369 0.0030110052321106195 -0.0008560646965634078 
0.002232219325378537 0.002688138745725155 -0.0004221416311338544 
0.0016753930249251425 0.0020989926415495574 8.946965681388974e-05 
0.0011262498010182753 0.0014939722022973 0.0003432526718825102 
0.0016989677533274516 0.0026622358709573746 7.894539157859981e-05 
0.0007380429742624983 0.004385249689221382 -0.0009843178559094667 
-0.00010485337406862527 0.0024440104607492685 -0.0011845455737784505 
-7.674221888009924e-05 0.0006764277350157499 -0.00032576717785559595 
-9.690882563972991e-06 8.062172128120437e-05 -4.592977347783744e-06 
-0.0008684551576152444 0.0005122616421431303 0.0005799334030598402 
-0.0008567551849409938 0.0003604358062148094 -0.0002492921194061637 
-0.00015827198512852192 -0.0013394566049100831 0.0006469418003689498 
0.0012230384163558483 -0.0004427282838150859 0.000721644377335906 
0.002714145462960005 0.00149392313323915 -0.0006092160474509001 
0.0016664566937834024 0.0011538993567228317 -0.0013229268370196223 
0.0001500236103311181 1.9415980204939842e-05 -0.000569859694223851 
0.002105283667333424 0.0024952224921435118 -0.00027010904159396887 
0.002124468330293894 0.0031652559991925955 -0.00019600530504249036 
0.0009517885628156364 0.003935154294595122 0.0006618322804570198 
0.0007867104141041636 0.005696208216249943 0.0009147495075012557 
0.0004835343570448458 0.0035770637914538383 5.9125537518411875e-05 
8.899264503270388e-05 0.000271604978479445 -8.777552284300327e-05 
-6.896101695019752e-05 -0.00018597760572447442 5.40307883056812e-05 
-2.8663035664067138e-05 -5.235379830992315e-05 4.688486205850495e-05 
-0.0014030451711732894 -0.00031353636586572975 0.0015117598813958466 
-0.0013400595635175705 -0.0005135273677296937 0.0009641405194997787 
-0.00019473268184810877 -0.0013195676729083061 0.0002193316468037665 
-7.766741327941418e-05 -0.0026302234109607525 0.0013635880022775382 
0.00014746538363397121 -0.00532081164419651 0.0022048787213861942 
-0.0006471863016486168 -0.006315945298410952 0.0016215277137234807 
-0.0013239269610494375 -0.0033024688018485904 0.00045808139839209616 
-0.0003790337359532714 -0.002144464640878141 0.0002712892455747351 
-6.929959636181593e-05 -0.0012195254385005683 0.0002131383735104464 
-0.0001404959475621581 0.00044345762580633163 0.0003449654941505287 
-5.691278784070164e-05 0.0008057263330556452 0.0007114803593140095 
0.0004604958521667868 -0.0015744210686534643 0.0009575493022566661 
0.0004090635193279013 -0.0020852253073826432 0.0007970505757839419 
3.5231343645136803e-05 -0.0005810956499772146 0.00023365567903965712 
-1.14554804895306e-05 -6.262884781449429e-05 3.665702843136387e-05 
-0.0004084380816493649 -6.190352178236935e-05 0.0003686088712129276 
-0.0009785253350855783 4.439688927959651e-05 0.0006072226242395118 
-0.0012266042176634073 9.425680036656559e-05 0.00045992809464223683 
-0.001327741309069097 -0.0005975877866148949 0.0009915839709719876 
-0.0002616904675960541 -0.0028975288150832057 0.0014431278686970472 
-0.0003618416376411915 -0.002878493396565318 0.0011955143127124757 
-0.00022439879830926657 -0.0002656886354088783 0.00021381238184403628 
0.000569051830098033 -0.001920465612784028 2.870739990612492e-05 
0.0003348254831507802 -0.0016894324216991663 2.585060428828001e-06 
-4.399946192279458e-06 -0.0006305252900347114 5.547037289943546e-06 
-0.00016036622218962293 -0.00026587548200041056 0.0002849876218533609 
0.00027191753179067746 -0.0012939763546455652 0.0006118907986092381 
0.0002346786695852643 -0.0010233434877591208 0.00039399009983753785 
5.24191782460548e-05 -0.00026026798514067195 0.00011053554044337943 
8.67210837895982e-06 -3.4683994726947276e-05 2.345712118767551e-05 
1.1798236187132716e-05 -6.450118434031538e-06 -8.832727871777024e-06 
-9.428067642147653e-05 1.1780851195908326e-05 4.282213831174886e-05 
-0.0006173388464958407 0.0001517550044809468 0.00021755730995209888 
-0.0011877870419993997 0.0004044218803755939 0.0003646740224212408 
-0.001032691216096282 0.00037010881351307034 0.00022743752924725413 
-0.0005740742199122906 0.0003364463336765766 1.0915289749391377e-05 
0.000898085767403245 -0.0002904300345107913 -0.00034415023401379585 
0.001512832473963499 -0.0013911272399127483 -0.0002446368853270542 
0.0006940464954823256 -0.0007519290084019303 -0.0001049105339916423 
7.596362411277369e-05 -0.00019330056966282427 -5.9677295212168247e-05 
-8.308991800731746e-05 0.0001089432516891975 4.0424026906293875e-05 
5.931854275331716e-05 -0.0001449745977879502 0.00012076211737621634 
2.778902899081004e-05 -0.00013865594337403309 5.9300472912582336e-05 
1.4967103197705e-05 -4.523214147411636e-05 2.3574717260999023e-05 
5.5973574717427255e-06 -8.750201374141398e-06 7.3434791829640744e-06 
8.783883458818309e-06 -8.005930112631177e-05 2.862459518837568e-05 
5.5109270761022344e-05 -0.00032898278323045815 0.00021635014581988798 
-5.207886533753481e-05 -0.00020673398103099316 0.00029775186794722686 
-4.268937618689961e-05 -1.3560784282162786e-05 6.965330612729304e-05 
-4.562116487250023e-06 -1.959302835530252e-06 1.4214967336556583e-06 
-5.545560384234705e-07 -8.890058325050632e-07 5.300031347132972e-07 
4.924487839730318e-08 -3.877202869873031e-08 1.013955035489289e-07 
2.1309917030976067e-07 2.839987587321957e-07 -1.7728664047922393e-07 
-7.290488269973139e-06 -3.414586444705492e-06 -5.7983309034170816e-06 
-8.1871279689949e-05 -9.520202002022415e-05 -2.8835187549702823e-05 
-0.0009986336808651686 -0.0006244699070521165 -0.0002918562095146626 
-0.006878140149638057 -0.0026376867608632892 -0.002586898801382631 
-0.0150793450884521 -0.00452353447326459 -0.003574324829969555 
-0.010022640344686806 -0.0013125742261763662 0.001502153600085876 
-0.0020592006330844015 0.00013253642282506917 0.001322787175013218 
6.273881081142463e-05 -0.0002726903767324984 0.00012087053619325161 
0.00011626923514995724 -0.0012598405010066926 0.0011692396510625258 
-0.000836620201880578 -0.000808936485555023 0.002107498985424172 
-0.0006865756149636582 -0.00017202651361003518 0.0007069981511449441 
-0.0001326486290054163 -0.00014859229850117117 6.0234458942431957e-05 
-5.46323657317771e-05 -5.929022518103011e-05 2.5159938559227157e-05 
-1.1570349670364521e-05 -1.3988459386382601e-06 4.348117272456875e-06 
2.467203557898756e-05 9.270055898014107e-06 1.1546960280384155e-05 
2.7866386517416686e-05 -2.971901085402351e-05 2.0914052811349393e-05 
-0.0007292168447747827 -0.0008056527221924625 -0.0005576853291131556 
-0.003326625213958323 -0.00291631169966422 -0.0020340747432783246 
-0.007177639054134488 -0.004847307020099834 -0.003354390151798725 
-0.008690523798577487 -0.004146815248532221 -0.0026638084382284433 
-0.004038982267957181 -0.0010386048816144466 0.002184293836762663 
-0.0010001790069509298 -0.00030428996615228243 0.0021576900908257812 
0.0003592200082493946 -0.0006127690430730581 0.0006257638160604984 
0.00024073803797364235 -0.0013771564699709415 0.001935854903422296 
-0.0024703524686628953 -0.0007125025149434805 0.0033365717390552163 
-0.002865009635570459 -0.0006228799466043711 0.0013130013830959797 
-0.0012503237664986955 -0.0009643936064094305 0.0002275973092764616 
-0.0009403323783772066 -0.0005428223084891215 0.0002754653978627175 
-0.00012273665561224334 0.0002110214636559249 -6.560539077327121e-06 
0.00035726503119803965 0.0002160238946089521 0.00010081152140628546 
0.0007011820416664705 0.0002273371646879241 0.0006691066664643586 
-0.0006659483769908547 -0.0018458405684214085 -0.0013485027011483908 
-0.003631155239418149 -0.004491284395044204 -0.003751962329261005 
-0.003856484679999994 -0.0019771155202761292 -0.003299215604783967 
-0.0026031903689727187 0.00171079789288342 -0.0028776010731235147 
3.465055488049984e-05 -0.0003198315389454365 0.0011292658164165914 
0.000283719455183018 -0.0008317665960930753 0.001631079037906602 
0.0007135211490094662 -0.0013064646627753973 0.0016618375084362924 
0.000701762386597693 -0.0023168339394032955 0.002364788670092821 
-0.0016695696394890547 -0.00142952473834157 0.0016901872586458921 
-0.003549784771166742 0.0010025708470493555 -0.0002378467470407486 
-0.0029229010615381412 0.0002819326473399997 -0.00024284538812935352 
-0.00158351928985212 0.0006584251750609837 0.00020423386740731075 
0.0010834333661478013 0.002917681762482971 -0.000678671567584388 
0.0017270855460083112 0.001564386358950287 -7.781366002745926e-05 
0.0016643647832097486 0.0010670088522601873 0.0020228782814228907 
0.0012508481013355777 -0.0015192128485068679 -4.588731098920107e-05 
0.00030790500750299543 -0.0030985334306024015 -0.001918535795994103 
-0.0017572016804479063 0.003213613061234355 -0.002973917522467673 
-0.0025025703362189233 0.008860060945153236 -0.0052382799331098795 
-0.0002466416190145537 0.006067935144528747 -0.002579971798695624 
0.00026773100398713723 0.0012556855799630284 -9.329390013590455e-05 
-0.00037584526580758393 0.0007681874558329582 0.00037507928209379315 
-0.0008755457820370793 -0.00019122939556837082 0.0008219688897952437 
-0.0008190519874915481 -0.0024970732629299164 0.0010633250931277871 
-0.0012818723917007446 7.817184086889029e-05 -0.00025244709104299545 
-6.578350439667702e-05 0.0015397034876514226 -0.0006457170966314152 
0.0022061486961320043 0.004043472930788994 -0.0011934629001189023 
0.003888895036652684 0.006134687690064311 -0.0017103468999266624 
0.004866948351264 0.005119446897879243 -0.0010027778334915638 
0.0032604404841549695 0.0032169923651963472 0.0005826720152981579 
0.0016145724493981106 0.0013797618012176827 0.00038384459912776947 
0.0014172469127515797 0.0014545205049216747 0.0002112052752636373 
-4.300888394936919e-05 0.003153308294713497 -0.0006136280717328191 
-0.0009855986281763762 0.004516064655035734 -0.002467318205162883 
-0.0001531333546154201 0.0037931560073047876 -0.0012948827352374792 
0.00016596982823102735 0.0005829651199746877 0.00039456726517528296 
-0.0010715908210841008 0.0010366858332417905 0.00014561726857209578 
-0.0015167222154559568 0.0012661516666412354 -5.5796852393541485e-05 
-0.0006238327478058636 -0.0005438940715976059 0.00019302493728901027 
-0.0001936090411618352 -0.00043939054012298584 0.00018349099264014512 
0.0005993256345391273 -3.4478711313568056e-05 -9.021240111906081e-05 
0.0009605739032849669 0.0005281514022499323 -0.0007750387885607779 
0.0011253822594881058 0.001111757243052125 -0.0007268325425684452 
0.004267817363142967 0.004454977810382843 -0.0006589419790543616 
0.0037683368427678943 0.004397620563395321 -0.0003540176840033382 
0.0014019088994245976 0.0037486993242055178 0.0005168432326172478 
0.000641517573967576 0.0037034640554338694 0.0009819184233492706 
-0.0002472578198648989 -4.36464324593544e-06 0.0010555502376519144 
-0.0006756626535207033 -0.0030443025898421183 0.001436436374206096 
-0.000102836056612432 -0.0017218393040820956 0.0016353365499526262 
4.979481309419498e-05 -0.0007798735168762505 0.0010354249643569347 
-0.0008248464200732997 -0.00016964248789008707 0.0008233929984271526 
-0.000884829496499151 0.000579034531256184 0.00027456640964373946 
-0.00011099790572188795 0.0014939048924134113 -0.0009241322404704988 
-0.00013726693578064442 0.0010472801368450746 -0.0005152836092747748 
3.29288886860013e-05 -0.0008759633346926421 0.00016292311192955822 
-0.000728595070540905 -0.002558335065259598 0.000439109186118003 
-0.001100242487154901 -0.0022623123368248343 0.00015110084859770723 
3.6413955967873335e-05 -0.0013802954053971916 0.00019905814770027064 
0.000254914746619761 -0.000945363542996347 0.0001988484682442504 
-8.649949450045824e-06 -3.018754068762064e-05 0.00032428176564280875 
0.0002024783389060758 -0.0007691936916671693 0.0009826832747421577 
0.001049816797603853 -0.0054424358531832695 0.002274749567732215 
0.0011934697977267206 -0.00639787083491683 0.002951427406514995 
0.0004349173977971077 -0.002217965959061985 0.0016852502594701946 
6.43527164356783e-06 -0.00032240694417851046 0.0004283765265427064 
-0.00020018584336867207 -5.66423445889086e-05 0.00020023481556563638 
-0.0004937692574458197 0.00016874153152457438 0.00020742579363286495 
-0.0010881836351472884 0.0004470258645596914 4.378403536975384e-05 
-0.0008709942921996117 0.00018064791220240295 6.476789712905884e-05 
0.0012049356009811163 -0.00029076011560391635 -0.0005279607139527798 
0.0011978528928011656 -0.0008127498440444469 -0.0002354536554776132 
0.0017890280578285456 -0.0008735554292798042 -0.0004034503363072872 
0.0019708818290382624 -0.0017912990879267454 -0.0001291370081162313 
0.001302518299780786 -0.0014625921612605453 5.474203499034047e-05 
0.0004907803959213197 -0.0008231841493397951 7.96448002802208e-05 
0.0005440977110993117 -0.0011060349934268743 0.0008130561582220253 
0.0012187505926704034 -0.003790047252550721 0.0017271502074436285 
0.0008642254178994335 -0.0033277668990194798 0.0015454656168003567 
0.000389325141441077 -0.0009453539532842115 0.0007452630234183744 
4.295793405617587e-05 -6.852674414403737e-05 0.00011308961711620213 
7.01194153407414e-06 3.713315390285743e-06 -7.253571311593987e-06 
-0.00011458607423264766 1.4701157510899066e-05 4.424443432071712e-05 
-0.0008433754410361871 -6.549830868607387e-05 0.0003302011464256793 
-0.001124973758123815 3.8255995605140924e-05 0.0003204812528565526 
4.5873457565903664e-05 0.0006053055312804645 -0.00048143393360078335 
0.001310529187321663 0.0004217958194203675 -0.0007181983673945069 
0.004463462857529521 -0.0012172505958005786 -0.001115221792133525 
0.004493962740525603 -0.001575168687850237 -0.0004859857217525132 
0.0024135401472449303 -0.0003634237218648195 -0.00014462199760600924 
0.00017137767281383276 0.00019436933507677168 -0.00019800756854237989 
0.0003166885580867529 -0.00010646428563632071 0.0003334349312353879 
0.000344596614013426 -0.0008887799413059838 0.0004770335708599305 
-0.00021612027103401488 -0.00046415304677793756 0.0001288218736590352 
4.710082066594623e-06 -0.00012268480713828467 9.531706382404082e-05 
2.0054147114478837e-05 -1.7700300759315724e-05 2.7411243763708626e-05 
2.51237054271769e-07 -2.987615516758524e-06 1.645588781684637e-06 
9.869125960904057e-07 -1.4958196516090538e-05 1.156050939243869e-05 
-7.02732232582548e-06 -6.4526457208557986e-06 1.4628889402956702e-05 
-5.510684559340007e-06 3.585252670745831e-06 6.061513886379544e-07 
-1.2402156599478076e-06 6.57387090541306e-07 -6.52841976034324e-07 
-4.0543662294112437e-07 -1.5165296929353644e-07 1.5861530755501008e-07 
1.542087133543646e-07 1.0859893606607329e-07 1.2095059886974013e-07 
1.169558927927028e-06 8.986263630994529e-07 -6.326497725694935e-08 
-3.9811043279769365e-06 3.7150716707401443e-06 -7.219088956844644e-06 
5.425643757916987e-05 -5.6879980547819287e-05 4.795710265170783e-05 
-5.962038994766772e-05 -0.0003894877663697116 0.00016022331692511216 
-0.003436592229263624 -0.0005807224370073527 -0.0011728055542334914 
-0.008588758646510541 -0.00025306749739684165 -0.0016659672692185268 
-0.006949544185772538 0.00038802156632300466 0.0029964248096803203 
-0.0018978141306433827 0.0002230713980679866 0.0020928860540152527 
-3.934471806132933e-06 1.4875076885800809e-06 1.988383701245766e-06 
-2.305469570273999e-05 -3.564926009858027e-05 5.725504888687283e-05 
-0.00011308019384159707 -8.930146577768028e-06 0.00011629750952124596 
-9.053863868757617e-05 -1.5780584362801164e-05 2.9743892810074612e-05 
-3.6346514320939605e-05 -5.077142486697994e-05 7.805898349033669e-06 
-4.563562674775312e-05 -2.7501276235852856e-05 1.2989298738830257e-05 
-3.8043526728870347e-06 7.5084897162014386e-06 3.0353680813277606e-06 
8.709486337465933e-05 2.515494406907237e-05 4.642529347620439e-05 
0.00031066090741660446 6.444191240007058e-05 0.00021245253446977586 
0.0003082782495766878 -0.00018156888836529106 0.00022352358791977167 
-4.081323277205229e-05 -0.0010354346595704556 -4.068214911967516e-05 
-0.0025623863330110908 -0.001091170430299826 -0.0009576436132192612 
-0.004369746136944741 -0.000742593161703553 -0.00048602472816128284 
-0.0032193386941798963 -0.00096638742252253 0.005463612149469554 
-0.0012522885808721185 -0.00065187013024115 0.003949580481275916 
-5.491921911016107e-06 2.18278837564867e-05 1.00884644780308e-05 
-2.916963421739638e-05 -4.165996506344527e-05 9.021864389069378e-05 
-0.00027879816479980946 -9.871050133369863e-05 0.00017153006047010422 
-0.00040927298687165603 -0.00014235969865694642 5.981593858450651e-06 
-0.00054789318528492 -0.00034123624209314585 3.622368967626244e-05 
-0.0007835498981876299 -0.00023096354198059998 0.00014922198170097545 
-2.3900429368950427e-05 0.0003116323714493774 -2.9536301326515968e-05 
0.0011133242369396612 0.0004361207684269175 0.0005467338050948456 
0.0030579639424104244 0.0010083222150569782 0.002505564443708863 
0.0013679424300789833 0.0006464960315497592 0.0008853051112964749 
-0.0016719796694815159 7.899783668108284e-05 -0.0018086798372678459 
-0.0014145480818115175 0.00041942839743569493 -0.0013424211647361517 
-0.0007779313455102965 0.0008911207551136613 -0.0005722132045775652 
0.00042973761446774006 -0.001363943869364448 0.003661963972263038 
0.000552397956198547 -0.0012582186027429998 0.002971330424770713 
1.1342253856128082e-05 -4.230617196299136e-05 8.121799328364432e-05 
0.00016978759958874434 -0.000691696535795927 0.00034709039027802646 
6.319530075415969e-05 -0.0011562565341591835 0.00029691163217648864 
-0.0008417470380663872 0.0003477417048998177 -0.0003960150934290141 
-0.0015449586499016732 0.00017194447718793526 -0.0002782503579510376 
-0.0015611260751029477 8.302537025883794e-06 0.0001787558721844107 
0.000642324797809124 0.001730140415020287 -0.0003007155901286751 
0.002701226039789617 0.001634487067349255 0.0011711420374922454 
0.004963990897522308 0.0025859596498776227 0.005113924795296043 
0.002842694637365639 0.0014415437763091177 0.0022844754275865853 
-0.0004338927537901327 8.315315790241584e-05 -0.0007734344835625961 
-0.0007035949361124949 0.000829704396892339 -0.0007213451317511499 
-0.0007669847254874185 0.004542587092146277 -0.0021433046204037964 
0.0002875010250136256 0.005265409759886097 -0.00038017523183953017 
0.0007977319619385526 0.001254457112736418 0.001988980162423104 
-0.00010610253229970112 0.00011191453086212277 8.403774700127542e-06 
-3.106816438958049e-05 -0.0010670009069144726 0.0005136200925335288 
0.00024899881100282073 -0.0029747607186436653 0.0009278616635128856 
-0.00023964198771864176 -0.0013933414593338966 6.368872709572315e-05 
5.663459887728095e-05 -0.0014420694205909967 -4.417088348418474e-06 
0.0008731079287827015 -0.0013204229180701077 0.00015927374988677911 
0.001911789302539546 -0.00011163868475705385 8.028652518987656e-05 
0.001566756604006514 0.0012412240030243993 0.00033667852403596044 
0.001031827057886403 0.0017025165725499392 0.0015210643632599385 
0.0006380912091117352 0.0009502297034487128 0.0005321302742231637 
9.691888078577904e-05 7.823010673746467e-05 -3.078050212934613e-05 
-0.000467698642751202 -0.0004397050943225622 0.00022307015024125576 
-0.0007224702421808615 0.001473188167437911 -0.00048576772678643465 
0.0005915852088946849 0.0016295616514980793 0.002493498905096203 
0.0013584408588940278 -0.0014682601031381637 0.005198304512305185 
-0.000190641460221741 0.00015372177585959435 1.5169796824920923e-05 
-0.0002637625439092517 -0.0002657853219716344 0.00019614179473137483 
8.713713032193482e-05 -0.0015530067612417042 0.0005357784871193871 
0.00023366487585008144 -0.000994758796878159 4.4762593461200595e-05 
0.0008029942400753498 -0.002138300333172083 0.00024755910271778703 
0.0011574912932701409 -0.002046040492132306 0.0002728841718635522 
0.0013878019526600838 -0.0008854036132106557 0.0002929656548076309 
0.0016578795621171594 0.0011702669580699876 5.797696212539449e-05 
0.001028551283525303 0.0011641893797786906 2.884592822738341e-05 
0.00028907910200359765 0.0007696487009525299 2.2999596694717184e-05 
4.888833063887432e-05 0.00040434434777125716 9.255213080905378e-05 
-0.00047596998047083616 -0.0011848505528178066 0.0006068598850106355 
-0.0006863883463665843 -0.003068698337301612 0.0022955447202548385 
0.0008432891918346286 -0.0047367081278935075 0.006939076061826199 
0.0010306189853963588 -0.003630493902164744 0.00610498123569414 
-0.00011520532007125439 2.8088838007533923e-05 7.367048237938434e-05 
-0.00012206396786496043 0.0004957859055139124 -0.00020739648607559502 
-3.344011201988906e-05 0.0015780046524014324 -0.0008536496825399809 
2.312957076355815e-05 0.0024971093516796827 -0.0013398007722571492 
0.0006553928251378238 0.0003984475042670965 -0.000570410571526736 
0.0006545991054736078 0.001198621524963528 -9.835514356382191e-05 
0.0005989239434711635 0.0027504078789206687 -0.00019087050895905122 
0.0008163409074768424 0.0017359298653900623 1.937660272233188e-06 
0.0006096246070228517 0.000618441728875041 -8.519275434082374e-05 
0.000305695025190289 0.00024368435697397217 -7.949277460284065e-05 
0.00024823460898915073 -0.00037140000495128334 0.00020952432168996893 
0.00044876015454065055 -0.0020421051303856075 0.0009379600960528478 
0.0010050808195956051 -0.0032255512196570635 0.002935566211817786 
0.0015700299409218132 -0.002417563235212583 0.0049413561064284295 
0.0005245548381935805 -0.0010267083343933336 0.002452761778840795 
-1.829067127800954e-05 1.8163501408707816e-05 5.807783963973634e-06 
-9.318811498815194e-05 0.000241084948356729 -9.787596354726702e-05 
-0.0005137947591720149 0.00066503525886219 -0.0002685479703359306 
0.00019423803314566612 0.001345057098660618 -0.0009020301513373852 
0.0027199656469747424 0.0022734018857590854 -0.0018247847947350238 
0.003215534088667482 0.0043874813709408045 -0.0011557080943020992 
0.0034648115979507565 0.005678158486261964 -0.0007297858828678727 
0.0031887789664324373 0.004042428336106241 -0.00040718584568821825 
0.003174184064846486 0.0027023087022826076 -0.00041343894554302096 
0.002428408508421853 0.0015240427455864847 -0.0002900301478803158 
0.0016237639938481152 -0.0003443129771767417 0.00037208798676147126 
0.000624796433839947 -0.0018810894689522684 0.0008418028155574575 
0.0006345700821839273 -0.0017385788087267429 0.0017784791998565197 
0.001159992883913219 -0.0006750039610778913 0.0021556230494752526 
0.0002486735465936363 -3.677971471915953e-05 0.0005369431019062176 
4.7761772066223784e-06 5.669589995704882e-06 -6.2094529766909545e-06 
-3.3019097145370324e-05 2.1352047951950226e-05 -3.6951314541511238e-06 
-0.00034644919651327655 -5.007130675949156e-05 0.00010745415056589991 
7.143133552744985e-05 0.00028811108495574445 -0.00024580262834206223 
0.002344143809750676 0.0022057045134715736 -0.0015739691443741322 
0.00434985151514411 0.004695693496614695 -0.001517080410849303 
0.0061511266976594925 0.005369941703975201 -0.0010399223829153925 
0.005662050098180771 0.004295474151149392 -0.00045212527766125277 
0.005585536127910018 0.003927520359866321 -0.000523589871590957 
0.003628341597504914 0.0031234592315740883 -0.0006607600953429937 
0.002204642369179055 0.0007068974227877334 5.290926492307335e-05 
-0.0005336600879672915 -0.0007382533076452091 1.9193030311726034e-06 
-0.0012575722357723862 -0.00019341662982697017 -0.0001761706421348208 
-2.9017814085818827e-05 -4.398250166559592e-05 0.00022184431145433336 
4.825626820093021e-05 -3.358587946422631e-06 6.915244011906907e-05 
-9.308227078008713e-08 1.4143727433690856e-07 -4.562155453413652e-08 
-3.449724772508489e-07 5.413593981984377e-07 -1.3923207120569714e-07 
-6.090937572089672e-07 1.191689680268837e-06 -4.2337580907769734e-07 
-4.919616412024652e-07 1.0765297489001568e-06 -4.773430433147041e-07 
-2.3148907501990834e-07 4.145518595066733e-07 -1.3635894013930283e-07 
-6.603781699254796e-08 6.930266938098839e-08 -2.319548997320453e-09 
1.2906233592957506e-07 6.851918099570753e-08 6.57393073311141e-08 
8.513538851673275e-07 4.678216640741084e-07 -9.97151978765487e-08 
-4.192418487036775e-06 4.549346840576618e-06 -7.528544415436045e-06 
4.163221092312597e-05 -2.2215281205717474e-05 2.420950841042213e-05 
0.0003254505863878876 -0.00024911670334404334 0.00022059783805161715 
2.1233463485259563e-05 -0.0005078438316559186 0.0001241038498847047 
-0.00029858428752049804 -0.0009093985354411416 -1.5051424270495772e-05 
6.27356639597565e-05 -0.0008757565083215013 0.000757895439164713 
0.00017429336730856448 -0.00035656761610880494 0.0004034299636259675 
-1.052163071335599e-06 2.4873912600753556e-06 -1.0610670813093748e-06 
-4.173194838585914e-06 9.056694466380577e-06 -3.157246453611151e-06 
-8.100901482066547e-06 1.632483576941013e-05 -5.430086162050429e-06 
-6.828808182035573e-06 1.2922354471811559e-05 -5.323123502876115e-06 
-5.646039426210336e-06 3.196070053945732e-06 -1.2105094242542691e-06 
-6.381046432579751e-06 -1.7245565686607733e-07 7.935913117762539e-07 
3.6238978680103173e-06 4.328297592337549e-06 1.3652097266003693e-06 
6.134479895081313e-05 7.571399919470423e-06 3.3653793877874705e-05 
0.00024525203207304003 5.06646892262097e-06 0.0001303735680266982 
0.0003873819950968027 -0.00012049870565533638 0.00021163673955015838 
0.0009526974754408002 -0.0006282780668698251 0.0004249886842444539 
0.000564344460144639 -0.0007672230713069439 0.0002509183541405946 
0.0011620835489338788 -0.0018806769658112898 0.0002999301577801816 
0.003502559004118666 -0.0038176960952114314 0.0011787904659286141 
0.00281334386090748 -0.0024430606581518077 -0.0004195760702714324 
-4.543748275409598e-06 1.2591287315899535e-05 -5.532713430511649e-06 
-1.5177548903011484e-05 4.083465137227904e-05 -1.6451042029075325e-05 
-2.8317827400314854e-05 6.768213324903627e-05 -2.7713280360330828e-05 
-3.510305293730198e-05 6.547396674250194e-05 -3.068340367917699e-05 
-6.494971376014291e-05 1.092383263312513e-05 -8.512333806720562e-06 
-0.00010138082143384963 2.9934371923445724e-06 9.376308298669755e-06 
5.444839371193666e-05 9.618914555176161e-05 1.6379055978177348e-06 
0.0007151053214329295 0.00015557132428511977 0.00045045209844829515 
0.0024759535590419546 0.00018820005061570555 0.0016909518890315667 
0.0015593864518450573 0.0003247058193664998 0.0007284469138539862 
-0.0005165463080629706 0.0009236525802407414 -0.0009514474077150226 
-0.00040568591793999076 0.0011839653307106346 -0.0007482109285774641 
0.000517144006153103 -0.00013365574704948813 -3.5105927963741124e-05 
0.0028649631567532197 -0.003223758641979657 0.001225786778377369 
0.0032260879524983466 -0.002825051487889141 0.0004398684832267463 
-9.395475558449107e-06 2.578853715817786e-05 -1.0839724836841924e-05 
-1.9004275145562133e-05 4.328204340708908e-05 -1.9183949916623533e-05 
-2.41508569160942e-05 3.0432223866228014e-05 -2.7155612770002335e-05 
-7.171185757215426e-05 8.986511602415703e-05 -6.092105832067318e-05 
-0.00010563194518908858 -0.00010072188160847872 -1.3035598385613412e-05 
-0.00013323711027624086 -0.00018360400281380862 5.901314943912439e-05 
0.00027993125695502385 5.687831435352564e-05 9.695716289570555e-05 
0.001478593195315625 0.000598856364376843 0.0011499171960167587 
0.003945998425479047 0.0011544040171429515 0.0033230374101549387 
0.0026238292339257896 0.001781070837751031 0.001189502771012485 
-2.0509942260105163e-05 0.002366474363952875 -0.0010583093971945345 
-0.00038280474836938083 0.002040602033957839 -0.0008473877096548676 
-0.0002904616412706673 0.001538065611384809 -0.00029365631053224206 
0.0006106400178396143 0.000508893832375179 0.0024255345829260477 
0.0017547131865285337 -0.001210465852636844 0.006747608771547675 
-1.2956014188603149e-05 2.8128714006925293e-05 -1.0647752503700758e-05 
-1.6015922710721497e-05 -2.9747956432402134e-05 1.4545465091941878e-05 
3.212360752513632e-05 -0.0002884101413656026 9.177394531434402e-05 
8.369742863578722e-05 -0.0004866178205702454 0.0001021081188810058 
0.00036356269265525043 -0.0012546078069135547 0.00023279488959815353 
0.0006020887740305625 -0.0018326821955270134 0.0003568221836758312 
0.0007568691507913172 -0.002272131183417514 0.0006941926194485859 
0.0002007402217714116 -0.0007258533732965589 0.0010198106610914692 
0.00020686873176600784 0.0001284510362893343 0.00177842250559479 
8.508213795721531e-06 0.0021138449665158987 0.00023730052635073662 
-0.00025473019923083484 0.002933699171990156 -0.001030100742354989 
-0.00013978192146169022 0.001584619632922113 -0.0006239708745852113 
0.00018912610539700836 0.0009819393744692206 0.0004248401237418875 
0.0016589250299148262 -0.00031688106537330896 0.005107201977807563 
0.003102615290117683 -0.0024985583149828017 0.010440963378641754 
-1.1045887248428699e-05 1.6481643342558527e-05 -4.143992498484295e-06 
-1.5760514997964492e-05 -2.4928208404162433e-05 1.626893799766549e-05 
2.874336496461183e-05 -0.00021934395590506028 7.654128057765774e-05 
0.0001284170284634456 -0.0004652303505281452 6.35006363154389e-05 
0.0005432513717096299 -0.0019424603087827563 0.0003970497491536662 
0.0008861601527314633 -0.0022593947360292077 0.00047001196071505547 
0.0012272151798242703 -0.0024004156002774835 0.0007779032239341177 
0.0011719142203219235 -0.002422029385343194 0.0011994585656793788 
0.0006476868838944938 -0.002532070007873699 0.0013754941755905747 
-0.0003504628557493561 0.0008408582070842385 -1.0412797564640641e-05 
-0.00061640894273296 0.002192169427871704 -0.0006638164632022381 
5.662732291966677e-07 0.001443997141905129 -0.00015453729429282248 
0.0011082650744356215 0.0013651809422299266 0.001637968591239769 
0.003087045712163672 -0.00013509432028513402 0.007430281781125814 
0.002600598701974377 -0.0015997458103811368 0.008076827809418319 
-4.040233136493043e-06 1.1038592560908e-05 -3.4713045806711307e-06 
-6.163237230794039e-06 7.704281597398221e-05 -3.8553411741304444e-05 
-1.836326191551052e-05 0.0003376195854798425 -0.0001689958808128722 
3.16202495014295e-05 0.0005534172305488028 -0.00035278844734421 
0.00033042251016013324 -0.0008148419437929988 0.0001442732891518972 
0.0004774541885126382 0.00048541021533310413 0.00019521728972904384 
0.0009095664718188345 0.0015838652616366744 0.0002733346773311496 
0.0016362766036763787 -0.0011738683097064495 0.0009249387658201158 
0.0014652764948550612 -0.0021010995842516422 0.0002482593699824065 
0.00045249590766616166 0.0004651207709684968 -0.000841615021272446 
-0.0003672096790978685 0.0004057109108543955 -0.00038687958294758573 
-5.618348950520158e-05 0.0007378153968602419 0.0003707519335875986 
0.0014529090840369463 0.0017444004770368338 0.0023459947551600635 
0.003412161022424698 0.001385288021992892 0.005954345280770212 
0.0015650276327505708 0.0003045621306227986 0.0033661279885564 
8.250698328993167e-07 5.801035513286479e-06 -3.5694010875886306e-06 
-3.0083451747486833e-06 4.9252558028456406e-05 -2.7105110348202288e-05 
-4.604832793120295e-05 0.0001987654659387772 -9.562191917211749e-05 
0.0002102071448462084 0.0005053485365351662 -0.00032390075648436323 
0.0010083575325552374 0.0008079494582489133 -0.00044264961616136134 
0.0017087712985812686 0.0030413379427045584 -0.00039142473542597145 
0.0025740138080436736 0.004692981950938702 -0.00029474482289515436 
0.0028716993692796677 0.0026903367834165692 4.780839662998915e-05 
0.003160682041198015 0.00150847970508039 -0.0004899070481769741 
0.0025477157323621213 0.0013082472141832113 -0.0009651287109591067 
0.0004686178872361779 -0.000579299663513666 -0.00044105852430220693 
-0.0005783130181953311 -0.00021925120381638408 0.00021351293980842456 
0.0002224427880719304 0.0007332656532526016 0.001360433641821146 
0.0012046578340232372 0.0005042547709308565 0.002292189165018499 
0.0004588005831465125 0.0002077499266306404 0.000763924399507232 
8.888733837864038e-07 1.381608427664105e-06 -1.2468381953567587e-06 
1.2085089338143007e-06 1.0287854593116208e-05 -6.635345471295295e-06 
-1.2650578355533071e-05 3.3257933409913676e-05 -1.4881503375363536e-05 
0.00018419012485537678 0.00022033644137309238 -0.00015016212637419812 
0.0010347753413952887 0.0011111590138170868 -0.0005498657857287981 
0.002316482139576692 0.003056856570765376 -0.0006413427649931691 
0.0034462429393897764 0.0043797416146844625 -0.0005521555140148848 
0.0038384448853321373 0.003875192953273654 -0.0004211985942674801 
0.005128486198373139 0.00383104186039418 -0.0005244294734438881 
0.00495329614932416 0.003285597311332822 -0.0006781939446227625 
0.002246659976663068 0.0008447746222373098 -0.00041857073665596545 
-0.0007617832161486149 -0.0002458303642924875 -0.00026477404753677547 
-0.0008141376893036067 9.765710274223238e-05 -4.618720413418487e-05 
-5.495025106938556e-06 4.24267454945948e-05 0.00022891408298164606 
4.8915135266724974e-05 1.4037335859029554e-05 7.594707039970672e-05 
-2.5978330788628545e-09 6.050508347815731e-09 -2.7093484331053297e-09 
-1.0470956698926948e-08 2.5821851407092922e-08 -1.0743137074387121e-08 
-2.0099975799221792e-08 5.247988027479167e-08 -2.1159757668254287e-08 
-2.2265733673476618e-08 5.538824107698126e-08 -2.003860459509621e-08 
-1.3037156021411533e-08 2.9904859977225584e-08 -8.45656053516386e-09 
-2.2393701892831075e-09 7.878533758547135e-09 -1.753721667885344e-09 
2.3071176080691203e-08 9.770607378722929e-09 1.1546859135513898e-08 
1.207419444426705e-07 1.1443072889250061e-07 -9.84402461767786e-08 
-2.37948066228455e-06 1.9593781459548154e-06 -2.9997810173654216e-06 
-5.305387730913935e-06 3.1377926461573225e-06 -5.451332299344358e-06 
4.2198884329991415e-05 -3.379694499017205e-05 2.2618738512392156e-05 
0.00010042273788712919 -0.00011355187234585173 4.337243444751948e-05 
0.0004628414590115426 -0.0004704832208517473 5.752885226684157e-05 
0.000943032086979656 -0.0008219413721235469 -5.492084164870903e-05 
0.0005534263782465132 -0.00044717218679579673 -0.00016902236075111432 
-3.271164177032215e-08 8.82175423266851e-08 -4.044353235643783e-08 
-1.426893654343786e-07 3.8903617793906164e-07 -1.5756849003345508e-07 
-3.2097670005920564e-07 8.671646005709022e-07 -3.2344984823851064e-07 
-4.1261284655647046e-07 1.0379359878243122e-06 -3.564659518673352e-07 
-3.413227851467582e-07 6.186830603382987e-07 -1.7032040844355834e-07 
-2.1999537125338975e-07 2.521629891560906e-07 -4.91799525548231e-08 
5.12013757614227e-07 6.887420020973423e-07 2.1310678022246066e-07 
9.326506642537424e-06 1.0691052239053533e-06 3.980218025390059e-06 
3.612787531892536e-05 -1.1197203093615826e-06 8.527507361577591e-06 
6.048593240848277e-05 -2.6150627491006162e-05 1.3101053809805308e-05 
0.00020247425709385425 -0.00010946838847303297 5.990063800709322e-05 
0.00032866130641195923 -0.00017485886201029643 4.119235381949693e-05 
0.0016887231904547662 -0.0016901463968679309 0.0001225118421643856 
0.004279509565094486 -0.004122248574276455 -0.0007318402313103434 
0.003209019429050386 -0.002687368876649998 -0.0014922473856131546 
-1.8038097260308916e-07 5.382246799356949e-07 -2.4393317743509613e-07 
-7.904494463417677e-07 2.3603825667350975e-06 -9.615043161659287e-07 
-1.9430975761736136e-06 5.5755628665110635e-06 -2.0915775067464892e-06 
-2.9319707692820884e-06 7.459225024319949e-06 -2.56351120597742e-06 
-3.0210961199372832e-06 4.522465076206572e-06 -1.301932627484348e-06 
-2.8656191659592878e-06 2.496525524975368e-06 -5.070095063786084e-07 
4.0287873162014876e-06 1.0870198138945852e-05 2.502526967873564e-07 
9.004230014397763e-05 1.742526001180522e-05 5.7099015975836664e-05 
0.00042357039637863636 -7.783691432905471e-05 0.00023910518211778253 
0.0005838389915879816 -0.0001654628140386194 0.0002117945987265557 
0.00046132883289828897 0.00037645711563527584 -0.00012643029003811534 
0.00022623420227319002 0.0013939273776486516 -0.0005583413294516504 
0.0005657670408254489 0.0005336160538718104 -0.0005468001763802022 
0.002462941367411986 -0.002162122167646885 -0.0006277992288232781 
0.0024852569913491607 -0.0020729528041556478 0.00042769119318109006 
-4.853338744226221e-07 1.5309161014442907e-06 -6.693572558447158e-07 
-2.019176520207111e-06 6.160695761536772e-06 -2.4971961352093786e-06 
-4.91642649080859e-06 1.385160567224375e-05 -5.314665344258174e-06 
-7.08162957607783e-06 1.715414123282244e-05 -6.3018198943609605e-06 
-2.395174192315608e-06 -1.4976099009800237e-06 -6.601843551834463e-07 
5.004551695719783e-06 -2.2640945189777995e-05 5.808100532078697e-06 
2.8325287985353498e-05 -2.1356916477088816e-05 1.614581901776546e-05 
0.00019328446069266647 -2.31146696023643e-05 0.00020065233184141107 
0.0007860220648581162 -0.00042173860128968954 0.0007543838473793585 
0.0012144870997872204 -0.000327257439494133 0.0006747103179804981 
0.0010948509443551302 0.0012255313340574503 -0.0002999512944370508 
0.0002554834936745465 0.003039413131773472 -0.0014460970414802432 
-0.0008932185883168131 0.0036665339721366763 -0.0014273413107730448 
-0.001017978705931455 0.0036834822967648506 0.001076271801139228 
0.0001931585393322166 0.0010512800072319806 0.007592258196382318 
-6.476069067673507e-07 2.053233536969401e-06 -8.528949138053576e-07 
-2.4090088857064984e-06 7.036493457235338e-06 -2.766335626347427e-06 
-4.567234441310575e-06 1.1221613874567993e-05 -4.6003297597962955e-06 
-2.82206656265771e-07 -4.93302104587201e-06 -1.1003523923136527e-06 
2.9668781280633993e-05 -9.229757051798515e-05 1.9076102944382e-05 
6.961441249586642e-05 -0.00020135790100539452 4.4529310798679944e-05 
0.00011107045975222718 -0.0003669063335109968 0.00011557866400835337 
8.211370914068539e-05 -0.000630398510111263 0.0004463152404241555 
0.00011457028267614078 -0.0016783035825937986 0.0014056992658879608 
2.778315683826804e-05 -0.0005512544885277748 0.0011245724745094776 
-3.177981125190854e-05 0.002220518421381712 -0.0006358710816130042 
0.0002924746659118682 0.0035244543105363846 -0.0018954797415062785 
0.0012188262844574638 0.00453295256011188 -0.0009134222054854035 
0.0032136004883795977 0.005888795014470816 0.0032773257698863745 
0.004071629351528827 0.0017517856613267213 0.008564243151340634 
-4.135048992104373e-07 1.2970006801893419e-06 -5.151638236000622e-07 
-1.4135819697003171e-06 4.707711344309473e-06 -1.8480124523989616e-06 
-2.4490687451361737e-06 9.26735324924266e-06 -4.684414648181701e-06 
5.704073373635765e-06 -1.9087570308329305e-05 -1.3679718904313631e-06 
5.3766734708915465e-05 -0.0001944764590007253 4.493042433750816e-05 
0.00011583485320443287 -0.0002818418142851442 7.692470808251528e-05 
0.00026017996424343437 -0.0006366654124576598 0.00022181491715400625 
0.0004837101441808045 -0.001908838312374428 0.0008099604456219822 
0.0003417405823711306 -0.0034058803867083043 0.0016799838049337268 
-0.0008006873831618577 -0.0007756992126815021 0.0009473618119955063 
-0.0014885412747389637 0.0015878798440098763 -0.00010736624244600534 
0.0001976964413188398 0.0038714976981282234 -0.0006683319807052612 
0.0034980400232598186 0.007248772773891687 0.0006235092005226761 
0.006548219011165202 0.008953441283665597 0.005293155059916899 
0.004736703354865313 0.004242070819600485 0.0058950952952727675 
-9.293850056213415e-08 7.050105352846003e-07 -3.249991991083334e-07 
-4.263043109631326e-07 5.135401465850009e-06 -2.439127555931009e-06 
-2.1341509182093432e-06 2.504885640064458e-05 -1.2579010103763721e-05 
3.41593977282173e-06 2.5764142264961265e-05 -2.0586265037536577e-05 
3.9766957343090326e-05 -0.0001352141953248065 5.513957148650661e-05 
7.656989328097552e-05 -4.2032028432004154e-05 0.00010314086102880538 
0.00022647721925750375 -0.000580541614908725 0.00028831991949118674 
0.000576479360461235 -0.0029193954542279243 0.0008849708538036793 
0.000655212024867069 -0.00403981632553041 0.0006218933558557183 
-0.00028701991686830297 -0.001320060750003904 -0.00042938688420690596 
-0.0016277899267151952 -0.0011396050686016679 8.080172119662166e-05 
-0.0010166381252929568 0.0007134976331144571 0.0006302357651293278 
0.000812507001683116 0.003290414810180664 0.0011840244696941227 
0.002737073227763176 0.0038132445188239217 0.0031929296092130244 
0.0019109652275801636 0.002129575441358611 0.0023009052456473 
7.315465788693132e-08 3.3077760264177414e-07 -2.1175524800298717e-07 
3.5874855797146665e-07 3.423317139095161e-06 -1.904514675743485e-06 
1.4557602980858064e-06 1.9320293176861014e-05 -9.725058077947324e-06 
2.3341750420513563e-05 4.6783169636910316e-05 -2.378689623583341e-05 
8.70780750119593e-05 4.0707765037950594e-05 1.697916741250083e-05 
0.00015586698282277212 0.00021864389418624341 7.431095218635164e-05 
0.000225303832849022 -4.2843661503866315e-05 0.00016098915511975065 
0.00016252136265393347 -0.0016033889260143042 0.0004654266231227666 
7.081050898705143e-05 -0.0026214050594717264 0.00020620247232727706 
-0.0003473690012469888 -0.00207932956982404 -0.00042487240716582164 
-0.0014985902525950223 -0.0025463907222729176 -0.00023529962345492095 
-0.0016132636519614607 -0.0012706556299235672 0.0003099512468907051 
-0.0012923803878948092 -0.0002586029004305601 0.0003782627172768116 
-0.000360123289283365 -1.2055214028805494e-05 0.00058071079547517 
0.00017514507635496557 0.00020600648713298142 0.00034300534389331006 
4.775637185705506e-08 8.238543403038534e-08 -6.641215555269753e-08 
3.9555785580347447e-07 1.0475491123429492e-06 -6.65140579059198e-07 
2.4626495473967225e-06 6.607361115129606e-06 -3.4504440691307536e-06 
1.991809949686285e-05 2.8097493668610696e-05 -1.3258628314360976e-05 
8.220988456741907e-05 9.33610745050828e-05 -2.0423453861440066e-05 
0.0001793008777895011 0.0002641707760631107 -8.603943570051342e-06 
0.00024996990032377653 0.0003987231175415218 -3.0194580176612362e-05 
0.0003108590353804175 0.0002727333521761466 -2.1327476133592427e-05 
0.0005836966229253449 0.00019913091091439128 -5.2158393373247236e-05 
0.0005913720815442502 5.09577221237123e-05 -0.00014081894187256694 
-7.83390332799172e-05 -0.0005610781081486493 -0.00014489724117083824 
-0.0004205082368571311 -0.00036933922092430294 -2.2467385861091316e-05 
-0.0003266673993493896 -9.696104098111391e-05 3.364842450537253e-05 
-0.00011580409773159772 -5.336428148439154e-05 4.718500349554233e-05 
9.701485396362841e-06 5.5148848332464695e-06 2.8487778536145925e-05 
-4.771391425196589e-12 4.056931431623673e-12 5.476486037628411e-12 
-5.5378575330113544e-11 1.199732495085217e-10 -2.9502953699463196e-11 
-1.513573628088386e-10 3.577379835504463e-10 -1.0424096065091192e-10 
-2.070259986899426e-10 5.160035804131942e-10 -1.4784760635005393e-10 
-9.034405949043256e-11 3.6301642367033565e-10 -1.098257864046246e-10 
-3.944383470018409e-11 7.626466217445019e-11 -1.1606090933691075e-10 
-2.783078576623632e-10 7.074374948692896e-10 -4.897185053309716e-10 
-4.188798530257998e-09 1.826052964393199e-08 -1.6421054183091144e-08 
-2.425276086626127e-07 2.8868405266280206e-07 -2.764513773456656e-07 
-1.3593752612450771e-06 1.485084759167421e-06 -1.0728133474913193e-06 
-1.3786404764459803e-06 2.3056000486576522e-06 -8.122656538489537e-07 
4.394736834001378e-06 -3.613504873101192e-06 2.089070108013402e-06 
5.5943938264135795e-05 -5.8356977319817815e-05 9.052715540747158e-06 
0.00013539941664930666 -0.00013377958612181828 -8.666084340802627e-06 
8.907327173801605e-05 -8.233049948103144e-05 -2.6160080551562714e-05 
-2.2387112797513532e-10 5.951569402779834e-10 -2.3711185234221235e-10 
-1.265536044340286e-09 3.5770376294232825e-09 -1.3095329312574032e-09 
-3.431801524488194e-09 9.806240801150945e-09 -3.3356949481234965e-09 
-5.379543489489325e-09 1.4822279680547223e-08 -4.703022443708349e-09 
-4.631448467795618e-09 1.1916794197264213e-08 -3.441757455424632e-09 
-4.6454530500117386e-09 9.378924747949213e-09 -3.721227177094777e-09 
-6.513055761381281e-09 6.999408835861587e-08 -2.1230684654760523e-08 
1.7099101512485504e-07 5.696565903434703e-07 -2.0094800490255693e-07 
3.281456883996725e-07 3.4877473922279023e-06 -1.6808038907356604e-06 
8.552297003916465e-08 1.0535576393522206e-05 -3.757555759875686e-06 
7.086705821279793e-06 1.9898340042345808e-05 -3.1555032364849467e-06 
3.5184883017791435e-05 8.939282679421012e-06 -2.8030788143951213e-06 
0.00024914448823665225 -0.0002629538812470855 1.705759052583744e-05 
0.0006395751370291691 -0.0006959085221751593 -0.0001105923611248727 
0.00044953091492061503 -0.00042573470273055136 -0.000155357364747033 
-1.7906683722618277e-09 5.638619308447057e-09 -2.3917206819646514e-09 
-9.780629342884262e-09 3.091029253388111e-08 -1.1681658322951205e-08 
-2.991646572830797e-08 8.923623831535998e-08 -3.0764315109288454e-08 
-5.640683078782238e-08 1.4997647998504782e-07 -4.682165254121795e-08 
-5.8903427357925864e-08 1.2745409394554486e-07 -3.3612946703787117e-08 
-6.725578538535615e-08 1.2620900546878033e-07 -4.937908243407563e-08 
-2.8964459986013935e-07 1.2569961569397492e-06 -5.125473645506418e-07 
2.5520466806483455e-07 8.627350652545829e-06 -3.053960057286531e-06 
9.599339136912022e-06 2.873910216294462e-05 -7.998406886144949e-06 
6.109736204962246e-05 2.406780913588591e-05 9.262941603083163e-06 
0.0001707683586573694 1.1407799320295453e-05 1.6190249880310148e-05 
0.00016167506691999733 0.00019559715292416513 -0.00011596769036259502 
-8.223102122428827e-05 0.000507566423038952 -0.0002564705355325714 
-0.00018985965834872331 0.0006137629607110284 -0.00024502479482180206 
-0.00021336297322704922 0.0003739176318049431 0.0006190792755660368 
-5.7136794523113266e-09 1.99791110426506e-08 -8.374434408084386e-09 
-3.190162752020331e-08 1.0771592184877221e-07 -4.087633359572962e-08 
-1.0840105696408031e-07 3.3229310192339767e-07 -1.156946525249225e-07 
-2.1302884301022118e-07 5.850611515256787e-07 -1.8286401903822025e-07 
-1.3715792235302615e-07 3.1629119945364437e-07 -6.737018587443799e-08 
1.4565129724530834e-07 -3.237740529016264e-07 2.986774738644726e-08 
-1.730515428732815e-07 3.0794189882499268e-06 -1.8612662113781653e-06 
1.1982244814134901e-06 2.2250751726460294e-05 -7.512535432852019e-06 
3.597613317651849e-05 1.3137399946572259e-05 2.1133164409548044e-05 
0.00020694575141533278 -0.0002083099097944796 0.00017332678544335067 
0.00047314248513430357 -0.00042617449071258307 0.0001559299125801772 
0.0003967694938182831 -3.327825106680393e-05 -0.00037610018625855446 
-0.00039749295683577657 0.001517230353783816 -0.0007587031286675483 
-0.0009508879156783223 0.003281655255705118 -0.00011069681204389781 
-0.000258514512097463 0.0011124692391604185 0.0023859216016717255 
-8.106904017882166e-09 3.06121241827606e-08 -1.2529033414920843e-08 
-4.6918361862324787e-08 1.747237550198122e-07 -6.68280155102785e-08 
-1.780461889033802e-07 6.197779214289767e-07 -2.2523807574614807e-07 
-3.334453246850444e-07 1.1217601496582574e-06 -3.8150115955204456e-07 
-1.2056830200890545e-08 2.628198672027793e-07 -2.2634388585629495e-08 
8.228809349475341e-07 -1.90862351701071e-06 7.436848754593939e-07 
1.0919656006080913e-06 -4.032913977880526e-06 1.0111893971043173e-06 
-1.1062420526286587e-06 -2.2627345970249735e-05 1.6512387674083584e-05 
3.9834660015003465e-06 -0.00020599589333869517 0.00015893375893938355 
4.303018795326352e-05 -0.0006166122038848698 0.00044144912681076676 
0.00015230894496198744 -0.0008661688771098852 0.00030513916863128543 
0.0005451952238217928 -0.00025048176757991314 -0.000535337021574378 
0.0014374078309629112 0.0026502569671720266 -0.0006502480246126652 
0.0034941814956255257 0.00634880548750516 0.0012396773672662675 
0.0037373131490312517 0.0025073013093788177 0.0029680057195946574 
-5.167708845912888e-09 2.1360014831536822e-08 -8.673174164974817e-09 
-3.322981970144134e-08 1.6649445799821194e-07 -6.740186755949118e-08 
-1.628418617727334e-07 8.549237442423419e-07 -3.602504463628975e-07 
-3.4340261834131525e-07 2.1160559739996643e-06 -8.639510795660499e-07 
-3.195746671735833e-07 3.7094407616677927e-06 -7.059765181338662e-07 
-8.513322313774552e-07 1.10332894109888e-05 -2.2783936515224923e-07 
1.0401527106296271e-06 2.2390195226762444e-06 6.905291684233816e-06 
1.0469633707543835e-05 -0.00012364173744572327 6.240024777071085e-05 
-2.4172502889996395e-05 -0.00042542747542029247 0.00023137095558922738 
-0.00028645428756135516 -0.0006790698535041884 0.0004633948628907092 
-0.000609789029113017 -0.0011366643011569977 0.0005782195366919041 
0.00011836952762678266 0.0002174347173422575 1.584785059094429e-05 
0.0023083724663592875 0.004212890053167939 0.00010380230378359556 
0.004876939463429153 0.007624423131346703 0.00224971363786608 
0.0038036808546166867 0.004311459997552447 0.0025545406388118863 
-8.09121589173678e-10 1.0818660883815667e-08 -4.976307969861704e-09 
-8.833975218003332e-09 1.4854047281076532e-07 -6.897992088639171e-08 
-7.072173735522824e-08 1.1235243615459467e-06 -5.416855728412884e-07 
-1.6159589222297654e-08 4.19809762775003e-06 -1.7334131996449287e-06 
1.9156021835442516e-07 1.2796831924788421e-05 -1.9373175632608763e-06 
-9.573925581207732e-07 3.6979925710056705e-05 -1.479912853596943e-06 
4.804314812645316e-07 2.8560578357428312e-05 4.6922805267968215e-06 
9.360774129163474e-06 -0.0001677117688814178 5.563586455537006e-05 
-1.7618298443267122e-05 -0.0004490748106036335 9.319225091530825e-05 
-0.00027124719781568274 -0.0005363488016882911 0.00012946862261742353 
-0.0008200180891435593 -0.0012305663840379566 0.00044405106018530205 
-0.0007159142114687711 -0.0006664365064352751 0.00043188595736864954 
8.31380020827055e-05 0.0008518325630575418 0.00029711857496295124 
0.0009357965900562704 0.0018428629700792953 0.0008478081290377304 
0.0008475113427266479 0.0012839383853133768 0.000734384695533663 
1.2588050124842654e-09 4.417499303854822e-09 -2.7272842872960723e-09 
1.3436820767154245e-08 9.508660303580996e-08 -4.97346319683345e-08 
1.3539032828191466e-07 9.002068637187222e-07 -4.3441888486484004e-07 
1.2090259389196945e-06 4.62808429801953e-06 -1.7774640070911119e-06 
4.333184278948465e-06 1.6520908047823468e-05 -2.479212412254128e-06 
6.2965909819467925e-06 4.0110552617989015e-05 -5.303738817019621e-07 
1.9304688976262696e-06 4.312188866606448e-05 -7.022135832812637e-07 
-2.006769682338927e-05 -7.198107778094709e-05 1.8807037122314796e-05 
-7.262295451937462e-05 -0.0002930653572548181 2.7206053346162662e-05 
-0.00020532118332994287 -0.0004803712363354862 1.796914693841245e-05 
-0.0004706108447862789 -0.0007884054211899638 7.530882882633705e-05 
-0.0005528005253836454 -0.00057354812270205 0.00013896008658775827 
-0.0005083021678728983 -0.00031937353196553886 5.6964905525092036e-05 
-0.00024066504556685686 -0.00010839337483048439 5.8001833167509176e-05 
1.2456044714781456e-05 6.219124134076992e-05 6.17954101471696e-05 
7.045691901002432e-10 8.886211146259815e-10 -7.324597122403131e-10 
1.0262249175441163e-08 2.840387303137959e-08 -1.6180387252262562e-08 
1.0986542209323602e-07 3.1078203388545944e-07 -1.4803045012001803e-07 
8.454535205260072e-07 1.9455439286275578e-06 -7.223433087233389e-07 
3.2963997114165977e-06 8.071230922723771e-06 -1.4776551893191936e-06 
5.439712367660832e-06 2.0919120743201347e-05 -1.4516152759824763e-06 
2.8727436074404977e-06 3.8715087489649136e-05 -5.42550549198495e-06 
-2.0472525648074225e-06 4.808930134458933e-05 -8.94784625415923e-06 
-5.941955350863282e-06 2.5626082788221538e-05 -9.094389042729745e-06 
-3.375332426003297e-05 -4.775500565301627e-05 -8.025604074646253e-07 
-8.639556654088665e-05 -0.00013992058075018576 -1.0796247806865722e-07 
-5.9676771343220025e-05 -6.215885514393449e-05 6.295314051385503e-06 
-2.5385636945429724e-05 1.7857291823020205e-06 1.3697026645331789e-05 
-5.07799722981872e-06 4.872633326158393e-06 1.322721807639482e-05 
5.838585138917551e-06 5.7848690175887896e-06 6.9845813186475425e-06 

-7.000530604273081e-05 3.200778883183375e-05 -0.0012497736024670303 
0.0010907743455845775 0.0007041992066660896 -0.0020917690126225352 
0.0006712403883284424 0.000368264638382243 -0.0008596752231824212 
5.160984846952488e-05 2.5865742202313413e-05 -7.732245830993634e-05 
4.249006879675221e-07 1.53883831899293e-07 -1.29777813384635e-06 
-1.305926822237069e-08 -1.6829116877836725e-08 1.1232359709012485e-08 
-7.538882966246635e-10 -5.810114537922739e-10 5.535294898221382e-10 
-9.655170968292381e-10 -1.3967122701463719e-09 -1.389369331389334e-09 
-8.509195348338494e-09 -1.2919045833115206e-08 -1.5404993725098848e-08 
-7.766476173287629e-08 -5.5957094624581316e-08 -5.4165596452548925e-08 
-4.723469260170532e-08 -2.356901118716337e-07 1.3028275702708925e-07 
5.821628974445048e-07 -1.9898828327313822e-06 1.0517632915707509e-06 
5.182070879072853e-07 -2.5231977929252025e-06 2.2095792928666924e-07 
4.138580891321908e-07 1.0658314977263217e-06 -9.253098767203483e-07 
8.498167680670576e-08 3.3754987072143194e-07 -1.973386005715838e-07 
-0.0009974382555810735 -0.00027805299032479525 -0.005874064518138766 
0.0018194915501226205 0.0030631622212240472 -0.007698837900534272 
0.001427854884241242 0.0016567162413139158 -0.0030739640060346574 
0.00010193986076956207 9.936874039340182e-05 -0.0002754322631517425 
-2.909750946855638e-07 -1.5387229268526426e-06 -3.21709967465722e-06 
-1.0398106331521717e-07 -3.339527512302709e-07 1.891281997679073e-07 
-7.877766702857336e-09 -2.7253129225579542e-08 1.321540955313838e-08 
6.461481405484193e-09 -3.4109893798373037e-09 1.6075059616760257e-09 
2.2181497172368836e-07 2.16592887625211e-07 1.4914665413812145e-07 
1.0035865329882654e-06 1.4568812503057416e-06 9.912120333410712e-07 
1.8334947071707575e-06 -6.277987267822027e-07 2.7007480412066798e-06 
2.806397446875053e-06 -1.8403202162176058e-05 6.005412615195382e-06 
1.5100690262670469e-06 -2.0818402163058636e-05 2.987062487136427e-06 
1.1374712016731792e-07 -1.570827774521888e-06 -1.3836548760082223e-06 
1.8898896669838905e-08 4.316619310884562e-07 -3.4575157314975513e-07 
-0.001755044562742114 -0.0013645276194438338 -0.009953239466995 
-0.000610554896411486 0.0036090861103730276 -0.008836422115564346 
-8.213785986299627e-05 0.0019509520498104393 -0.002991240966366604 
-5.2988384595664684e-05 6.313883841357892e-05 -0.0002346372730244184 
-8.328498836362996e-06 -1.4323344046829334e-05 5.13755503561697e-06 
-8.426962736507448e-07 -2.7518340317556067e-06 1.5538244824142566e-06 
-1.2217378553280867e-07 -4.489508054206226e-07 1.520741867988562e-07 
-5.225204863235078e-08 -1.7249277411979236e-07 -5.729642427176884e-09 
7.346016062115268e-07 1.4693754053496377e-06 9.429424778772955e-07 
4.253679804833155e-06 1.1885511980835872e-05 7.382271661526829e-06 
9.68205370099895e-06 9.612602994479857e-06 1.70471429328245e-05 
1.2218892834425787e-05 -3.549716916495527e-05 2.0802678818654385e-05 
5.7496126828482375e-06 -2.9852822535758605e-05 8.616290529062098e-06 
4.538463684866656e-07 -3.605559356856247e-06 1.227983261742338e-07 
-1.3742472049216303e-08 8.140295904013328e-08 -9.676479351128364e-08 
-0.0010298735396645498 -0.0031133448937907815 -0.010280183050781488 
-0.0009411863720742986 9.324881830252707e-05 -0.005808911984786391 
-0.0007324742909986526 0.00038671164656989276 -0.0010772696405183524 
-0.0001517715627414873 -5.960879548183584e-05 -1.0090118394145975e-05 
-2.3757915641908767e-05 -3.292767723905854e-05 2.277312034948409e-05 
-5.482755689456553e-06 -1.3305258448781387e-05 7.128343778362023e-06 
-1.9085714582089963e-06 -5.126630673757404e-06 1.5265663897423565e-06 
-1.0206902132381401e-06 -2.511176434794038e-06 2.332341662025783e-07 
-2.1124253168913754e-07 1.413404390859796e-06 1.3525193196528562e-06 
2.1227193656159216e-06 1.81262723231157e-05 1.1000277595485386e-05 
8.9708767063712e-06 1.747689111653017e-05 2.3859903649281478e-05 
1.3737611766373448e-05 -2.489697885721398e-05 2.3970165329956217e-05 
5.746486635871406e-06 -1.9442471824504537e-05 9.872412874756265e-06 
9.489971830589639e-07 -4.20712768800513e-06 2.0301098970776366e-06 
7.860973028073204e-08 -3.953070955020621e-07 2.434871095857716e-07 
0.0006100953323766589 -0.0033314072934444994 -0.005271175585221499 
0.0010889064287766814 -0.0037691296311095357 -0.0016160531085915864 
-5.801496445201337e-05 -0.0015230942917696666 0.0005233803603914566 
-0.00018749023729469627 -0.00031764987033966463 0.00026635789254214615 
-3.763448557947413e-05 -6.397834658855572e-05 7.034172676867456e-05 
-1.2963907920493511e-05 -4.156683951350715e-05 2.1676808387383062e-05 
-8.90961791810696e-06 -2.9511702223317116e-05 8.94528898243152e-06 
-4.625642986866296e-06 -1.551817399558786e-05 2.5403115131439336e-06 
-2.780648031830424e-06 -9.21791183827736e-06 1.5659439043247403e-06 
-1.6280484231856462e-06 -1.5647549389541382e-06 5.213376994106511e-06 
1.3224912436271552e-06 -2.2211506802705117e-06 1.0319256944057997e-05 
3.420390385144856e-06 -1.830466362662264e-05 1.0927864309451252e-05 
1.36354958613083e-06 -1.5859790892136516e-05 6.8919669615752355e-06 
2.6207088410501456e-07 -5.084178667402739e-06 2.4943363712282007e-06 
2.5857082475155835e-08 -6.152778269097325e-07 3.590683643750481e-07 
-0.00012758828233927488 -0.00023894989863038063 -0.0003541341284289956 
0.0005757400067523122 -0.001241772435605526 -5.084116128273308e-05 
-1.3315380783751607e-05 -0.00039365002885460854 0.00023510829487349838 
-0.0002703767895582132 -0.0002377327682552277 0.00042053661309182644 
-5.669696838594973e-05 1.4369958080351353e-05 0.00010904084774665534 
-1.0883390132221393e-05 3.922521136701107e-05 -1.363630872219801e-05 
-1.236595011278041e-05 -3.837319673039019e-05 1.1034774615836795e-05 
-5.7655656746646855e-06 -2.5481397642579395e-05 5.811830249058403e-06 
-4.4821638311987044e-06 -2.92973405464636e-05 2.7229452825849876e-06 
-3.5093210897230165e-06 -2.8053967184860085e-05 4.622594190095697e-06 
-1.945167042549656e-06 -1.4355880921357311e-05 7.360808581324818e-06 
-1.155892960014171e-06 -1.8627104509505443e-05 7.847340839362005e-06 
-4.818781462745392e-07 -1.6467064597236458e-05 6.294045363119949e-06 
-1.1275431077706344e-07 -5.3325069870879815e-06 2.586896329148658e-06 
4.888277560510801e-10 -6.203768876389404e-07 3.892584210518635e-07 
-0.00034005558700300753 0.0003577406459953636 0.00021845060109626502 
-0.0002622541505843401 0.0005474098143167794 -6.404391024261713e-05 
-0.0002732138673309237 0.0007768882205709815 -0.00013452210987452418 
-9.480951121076941e-06 -0.0001260375775018474 0.00026431506557855755 
6.281425157794729e-05 -8.086071466095746e-05 9.7393844043836e-05 
-1.6046186374296667e-05 0.00012424474698491395 -5.0919254135806113e-05 
-9.662402590038255e-06 -2.3693792172707617e-06 -1.7662478057900444e-06 
-3.095041847700486e-06 -1.5176723536569625e-05 3.202139851055108e-06 
-1.0003700481320266e-06 -3.598098010115791e-05 1.3582517794930027e-06 
6.989586154304561e-07 -4.287927706059236e-05 4.697854251389799e-06 
-1.4168153938953765e-07 -2.1512884814001154e-05 5.737530301530569e-06 
6.283360107772751e-07 -1.9838137632177677e-05 5.998031269882631e-06 
9.749272695813715e-07 -1.3300701198204479e-05 4.84708820636115e-06 
2.988760812172586e-07 -3.557528586384251e-06 1.8011599394185396e-06 
3.607619125656214e-08 -3.6466799535617156e-07 2.5098450429084096e-07 
2.7165415303898044e-05 -1.6801122910692357e-05 -3.162956636515446e-05 
-3.849819768220186e-05 8.079128747340292e-05 -5.385545227909461e-05 
-0.0001256398536497727 0.00019844458438456059 -1.2184704246465117e-05 
0.00012115592835471034 -0.00020024982222821563 0.00010594383365969406 
0.00011636311683105305 -0.00018021321966443793 6.272889004321769e-05 
2.4167316041712184e-06 1.5755769709357992e-05 -8.309889381052926e-06 
-1.430879024155729e-06 -1.164582499768585e-06 -1.8867021935875528e-06 
-6.501098823719076e-07 -2.1577261577476747e-06 -8.747437618694676e-07 
2.399219965809607e-06 -1.6109891930682352e-05 -1.4471253280134988e-06 
5.942188295193773e-06 -2.7853540274236366e-05 2.7601867600424157e-06 
4.03487024414062e-06 -1.6377968222514028e-05 3.430848991570201e-06 
3.0963190624788695e-06 -1.1642574918369064e-05 3.1501700448188785e-06 
1.5060946978451284e-06 -5.578644532988619e-06 2.0571858527773657e-06 
3.063950266835036e-07 -1.1701473425773656e-06 6.322003738290505e-07 
2.7477503411477144e-08 -1.0466294475541815e-07 7.9119639062597e-08 
1.889578646796508e-05 -1.2815069624139142e-05 -1.2487785511439142e-05 
3.667467194645724e-05 -2.6441941045618478e-05 -2.0721727878481033e-05 
3.837137501250254e-05 -2.9846559300494846e-05 -8.95712037163321e-06 
5.9198289818596095e-05 -6.0063181081204675e-05 9.612697056127217e-06 
3.9240043861354934e-05 -4.17822775489185e-05 5.8362278991808125e-06 
1.1778601333389815e-05 -7.94444764551372e-06 -7.545015705545666e-07 
5.097768791983981e-06 -3.908392613993783e-06 -3.253444091910751e-07 
1.5082316622283543e-06 -2.999113348778337e-07 -6.219388524186797e-07 
2.21269405642488e-06 -3.926468707504682e-06 -1.035230724255598e-06 
4.365195280797707e-06 -9.159135174741095e-06 9.478378313332314e-07 
2.966871051057751e-06 -6.040863638645533e-06 1.4442316249585474e-06 
1.5825464307894777e-06 -3.1764358539021487e-06 9.741842035282389e-07 
5.461967189646089e-07 -1.0560119338975937e-06 4.2271057321130456e-07 
8.914340099419604e-08 -1.655622217100472e-07 1.0015022100517967e-07 
6.977344382819162e-09 -1.2878019053919054e-08 1.1129560988087928e-08 
9.467556810704991e-05 -0.0002459529714542441 -0.0012997033481951803 
0.0021603812856483273 -0.00019897404126822948 -0.002053417731076479 
0.0013919099510530941 -7.858351091272198e-05 -0.0009301135942223482 
0.0001266700139126442 -9.056851396849197e-06 -9.305985167884501e-05 
9.59466774475004e-07 -1.2819407544384376e-06 -7.107059900590684e-07 
-6.233447980008577e-08 -2.612327882900445e-07 1.5819515924997418e-07 
8.943344786960239e-09 -2.4696192785222948e-08 8.876332460716618e-09 
-2.0146401991105733e-08 -2.1962128338159914e-08 -2.859989556291964e-08 
-1.8791696376752043e-07 -1.5713175116616185e-07 -2.4882348981236646e-07 
3.120597078520859e-07 4.986670205653354e-07 8.640263047254848e-07 
1.367237700833357e-05 9.068043027582462e-07 1.7575064248376293e-05 
5.537100400943018e-05 -3.5255132388556376e-05 6.42633494862821e-05 
5.299525128066307e-05 -1.11763620225247e-06 1.6590693121543154e-06 
2.9622961847053375e-05 0.00010877338581849472 -6.114042844274081e-05 
4.459907586351619e-06 2.501329714732492e-05 -1.188979285871028e-05 
-0.0008730458794161677 -0.0013424821954686195 -0.005345216952264309 
0.003324897428683471 -0.0012770663015544415 -0.005071546242106706 
0.002564804868598003 -0.0008031507095438428 -0.001461900887079537 
0.00020084090829186607 -7.338671184697887e-05 -6.473828898378997e-05 
-7.89141463286569e-06 -1.5627431480425003e-05 1.0941993878077483e-05 
9.837823711222882e-07 -5.2261544283283e-06 2.03757096528534e-06 
3.9785882677279005e-07 -6.487454253800706e-07 1.5130650687922298e-07 
9.830328195903348e-08 -1.1674172384346093e-07 -1.4109138746221106e-08 
4.622111134722218e-06 5.478717696405511e-06 4.259938407358277e-06 
3.345931645526434e-05 5.146195712768531e-05 3.8724055457350914e-05 
8.381446309613239e-05 -4.6165441744960845e-06 0.00010673060569388326 
0.00013911898713558912 -0.0005422069443739019 0.0002229578749393113 
5.171727661945624e-05 -0.0005257252378214616 4.97660457767779e-05 
-2.0714831407531165e-05 7.540461956523359e-05 -0.00013503677473636344 
-5.47546585494274e-06 3.9157504033937585e-05 -2.999170192197198e-05 
-0.0020308787643443793 -0.002050557086477056 -0.009749961434863508 
-0.0007822440238669515 -0.0024790248280623928 -0.002654497446201276 
-0.0007282401784323156 -0.0026701079914346337 0.0026811699790414423 
-0.0005066856392659247 -0.0005343746743164957 0.0008565794578316854 
-9.241817679139785e-05 -0.00015970328058756422 0.00011116364839836024 
1.1765499095872656e-05 -4.331905518029089e-05 1.3322915947355796e-05 
3.1382070915242366e-06 -7.5371160619397415e-06 1.183299843887653e-06 
-1.131303520196525e-06 -3.1109780422866606e-06 -3.1208130124582567e-07 
1.4501419400403393e-05 4.447674427865422e-05 2.966415786431753e-05 
9.99581807263894e-05 0.0003746665424841922 0.00023382138806482544 
0.0002614597397041507 0.00026772572346089873 0.00048524888552492484 
0.00041769178642425686 -0.0011068934290960897 0.0006202258664416149 
0.00016570845764363185 -0.0008309603617817629 0.00021734774054493755 
-3.7697482184739783e-05 -6.723957994836383e-07 -8.72255623107776e-05 
-1.0767810181278037e-05 2.4794351247692248e-05 -2.2057148271414917e-05 
-0.002141455712262541 -0.002488521917257458 -0.014102957677096128 
-0.001572014567500446 -0.003387932345503941 -0.001816289746784605 
-0.001990060758544132 -0.003564981816452928 0.004087317734956741 
-0.0010499509371584281 -0.0009918012656271458 0.0012758892553392798 
-0.0002521237347536953 -0.00039155161000792305 0.00025849478629424993 
-1.161330692411866e-05 -0.00013695333041141566 5.0969561243618955e-05 
-9.225454050465487e-06 -5.097619487060001e-05 1.1620594932537642e-05 
-1.6680947737768292e-05 -3.276780444139149e-05 3.8147431951074395e-06 
-2.4899891286622733e-06 8.371069361601258e-05 5.379239314606821e-05 
2.846096504072193e-05 0.0006075008750485722 0.00034944571780215483 
0.00022982879454502836 0.0005448264710139483 0.0006341286962197046 
0.00046400130668189377 -0.0005973077568341978 0.0006149086621007882 
0.00017806244068196975 -0.00040587941086300816 0.0002124025450029876 
4.721498619630893e-06 -5.123661583184003e-05 1.1288164387224242e-05 
-1.6539978275886824e-06 -2.641089622557047e-06 1.7418642528355122e-07 
0.00030401162803173065 -0.00224066199734807 -0.011425577104091644 
0.0007331320084631443 -0.0045868949964642525 -0.0016010011895559728 
-0.0009835394739639014 -0.003734138002982945 0.0027635750884655863 
-0.0009159953333437443 -0.0013420473405858502 0.0013717034016735852 
-5.388370482251048e-06 -0.00010744217070168816 0.00022710439588990994 
0.00010537471825955436 2.0022998796775937e-05 -3.454515535850078e-05 
-4.288835043553263e-06 -6.612241850234568e-05 2.6227367925457656e-05 
-3.239566945012484e-05 -5.182183667784557e-05 2.5114998607023153e-05 
-1.4538778486894444e-05 1.3732984371017665e-05 3.271625291745295e-05 
-1.3275918604449544e-05 0.00023745544967823662 0.00015619763721019808 
0.00011049578097299673 0.000424798607127741 0.00024025290258578025 
0.00020346007295302115 0.0002073446667054668 0.00011201656707271468 
8.196902490453795e-05 -8.093484211713076e-06 1.0990632290486246e-05 
1.1789900781877805e-05 -5.181689658684263e-05 2.05319174710894e-05 
9.40349650591088e-07 -1.1665185184028815e-05 6.2369734337153204e-06 
0.00047279451973736286 -0.00010343524627387524 -0.0029162405990064144 
0.0017421268858015537 -0.002406498184427619 -0.001474187709391117 
-0.00021750788437202573 -0.0018781747203320265 0.0009094984852708876 
-0.0010485206003068015 -0.0022282368736341596 0.0023581871937494725 
8.152361260727048e-05 0.0006443781312555075 0.0002613663673400879 
0.0003073739353567362 0.001530240522697568 -0.0007306404877454042 
0.00014364009257405996 0.0007248898618854582 -0.00014420831575989723 
8.991868526209146e-05 0.0005582006415352225 1.0852674677153118e-05 
9.707629942568019e-06 7.540819933637977e-05 -1.2016736945952289e-05 
-3.878220883279937e-05 4.971696762368083e-05 7.723062844888773e-05 
-2.554822140155011e-05 0.000738222966901958 0.00011546153837116435 
-9.108369340538047e-06 0.0005960509879514575 -1.723168315947987e-05 
7.641987394890748e-06 0.00010711196227930486 -4.8374793550465256e-05 
2.4599521566415206e-06 -2.80063377431361e-05 5.657515430357307e-06 
4.5986983820967e-07 -8.739564918869291e-06 5.1333961437194375e-06 
-0.00026124867144972086 0.00027757661882787943 4.569004522636533e-05 
0.0006852676160633564 -0.00015895580872893333 -0.0010750283254310489 
-0.00020701962057501078 0.0004753982648253441 -0.0002741956268437207 
0.0005508079193532467 -0.002098976916386164 0.001465637207729742 
0.0006330953910946846 0.00011540716513991356 0.00010930036660283804 
-4.039276973344386e-06 0.0024290524888783693 -0.0010903419461101294 
2.9418857593555003e-05 0.0013200987596064806 -0.0003333715721964836 
1.8091759557137266e-05 0.0010617462103255093 -7.024929800536484e-05 
-3.0505146696668817e-05 0.00023652322124689817 -7.064737292239442e-05 
-4.859109685639851e-05 -7.290072971954942e-05 3.9966038457350805e-05 
-0.00013026854139752686 0.000566128408536315 3.356948036525864e-05 
-7.659830953343771e-05 0.00023986812448129058 1.2461390724638477e-05 
-2.913348907895852e-06 -4.83678377349861e-05 1.7694208509055898e-05 
2.663513328116096e-06 -2.8255500183149707e-05 1.2314208106545266e-05 
4.891150808816747e-07 -4.4314991782812285e-06 3.3386685345249134e-06 
-1.4485791325569153e-05 -4.410409019328654e-06 -3.322491829749197e-05 
-0.0003382304566912353 0.00026309609529562294 -7.834099233150482e-05 
-0.0007500393548980355 0.0005856049247086048 0.0002199489390477538 
0.001044289325363934 -0.0013550107250921428 0.000554688747797627 
0.0011190847726538777 -0.0009282910832553171 0.00013265982852317393 
0.00018964649643748999 0.0005688654200639576 -0.0003532322298269719 
7.439719047397375e-05 0.00037179152423050255 -0.0001643622454139404 
-8.641446765977889e-05 0.0006469682266470045 -0.00011902553706022445 
-6.407061664503999e-05 0.0002925502631114796 -0.00011311928756185807 
5.1288105169078335e-05 -0.00012617178435903043 1.5947322026477195e-05 
-2.364173997193575e-05 0.00017149803170468658 -1.7166148609248921e-06 
1.7937301890924573e-05 -1.3394077541306615e-05 2.0920053430018015e-05 
2.7807683636638103e-05 -7.072895277815405e-05 3.067206171181169e-05 
6.018125802143004e-06 -1.6002927253566668e-05 1.0095955076394603e-05 
5.346499349911937e-07 -1.50398605569535e-06 1.4966022376938781e-06 
4.6328685129992664e-05 -1.9500366931879398e-05 -3.670925661936053e-05 
1.109599179471843e-05 8.580451321904548e-06 -2.9282100513228215e-05 
-0.00010402266343589872 8.997012628242373e-05 5.651317769661546e-05 
0.000196252076420933 -0.00015621102647855878 7.104995893314481e-05 
0.0002507701574359089 -0.00018371333135291934 -1.3862136256648228e-06 
0.0001523994142189622 -5.737439641961828e-05 -5.453318181025679e-05 
0.00011892810289282352 -4.799766179530707e-05 -4.446763500709494e-05 
-4.918871127301827e-05 0.00019613148651842494 -6.544302050315309e-05 
-4.669991358241532e-05 0.00013002311243326403 -6.477448323494173e-05 
6.351157026074361e-05 -8.295043880934827e-05 8.293961315075649e-06 
1.861968576122308e-05 4.1124585550278425e-06 5.057057478552451e-06 
1.5661003089917358e-05 -1.2950689779245295e-05 6.3928064264473505e-06 
1.1243248138725903e-05 -1.4992357961318703e-05 7.643197903917098e-06 
2.2452076677836885e-06 -2.77327879416589e-06 2.309837597636033e-06 
1.9522196570420647e-07 -2.3225945788851732e-07 3.0270762330086853e-07 
0.0003624681521614548 -0.00026922741380985826 -0.0002115620081895031 
0.0017835918697528541 -0.0006990792899159715 -0.00048017930930654984 
0.0011958474860875867 -0.0003656231947388733 -0.00036421230470295995 
0.00012528852562354587 -2.8416902296157787e-05 -4.312954475338415e-05 
5.127089224288284e-07 -2.4532199205395955e-06 7.805711135233651e-07 
8.565640143842757e-07 -1.0559468535120686e-06 2.652910300326994e-07 
3.8092294118996506e-07 -1.1976757008369532e-07 -3.609939946969121e-08 
-2.2488110573704034e-07 -1.1847191316860517e-07 -2.8637480653515013e-07 
-1.0872347502299817e-06 -1.3210205906943884e-07 -8.741303645365406e-07 
3.2545871363254264e-05 1.927386620081961e-05 2.9024409741396084e-05 
0.00022408920358429896 0.00011174094174748461 0.00021442374327307334 
0.0005272911430438398 0.0002436933500575833 0.0005372231880755862 
0.0003017278213519603 0.0009074840490939096 -8.588716445956379e-05 
2.799041976686567e-05 0.001321747426118236 -0.00033859701943583786 
-4.0217637206296786e-05 0.00025759295738225774 4.9937473704630975e-05 
0.0006079059907051487 -0.0011229635929339565 -0.0006481755117420107 
0.003711428784299642 -0.0025424304767511785 -8.883867849363014e-05 
0.0024210303963627666 -0.0010592756152618676 0.00045349920401349664 
1.7670223314780742e-05 4.3696527427528054e-05 0.00027156197756994516 
1.1730006008292548e-05 -4.824066490982659e-05 1.043612246576231e-05 
5.307535047904821e-05 -2.406311227787228e-05 -8.81380128703313e-06 
1.4894558717060136e-05 -1.9175715237906843e-06 -2.4316248641298444e-06 
1.4230512874746637e-06 -2.8288732778491976e-07 -1.0891664317114191e-06 
3.8004749512765557e-05 3.581406787134256e-05 3.861595678245067e-05 
0.00038474848042824306 0.00038170592233655043 0.00038349965325323865 
0.0009166184991045156 0.0003444095962663596 0.0008542763025616296 
0.0010735823307186365 -0.0016049030164140277 0.0012933355756103992 
0.00010384945198893547 -0.0008896194922272116 -0.0002415365306660533 
-0.00047849254042375833 0.0016438289676443674 -0.0012596374144777656 
-0.0001658335550018819 0.0004520114932802244 -0.0001696996041573584 
4.1390390833839774e-05 -0.0013575901975855231 -0.001654676831094548 
0.0010205110302194953 -0.003380071371793747 0.002946101361885667 
-0.0013614778654300608 -0.002547996351495385 0.005427209660410881 
-0.0021064135944470763 -0.0009846381144598126 0.002133443718776107 
2.9990623261255678e-05 -0.0007881961355451494 0.0001948236022144556 
0.0005182452623557765 -0.00019988688291050494 -0.00011605176177909016 
0.00016866662917891517 -1.1509414434840437e-05 -3.517464665492298e-05 
9.213839575750171e-06 -6.360406473504554e-06 -1.0971465826514759e-05 
8.024470844247844e-05 0.00025362968881381676 0.0001700164211797528 
0.0006382964438671479 0.002045626133622136 0.001374060389935039 
0.0015284645560313947 0.0015019220663816668 0.002420793258352205 
0.002265193674247712 -0.004227399360388517 0.002826446376275271 
0.0005172050368855707 -0.002496431116014719 0.00038806654629297554 
-0.0007413230487145483 0.0012218061601743102 -0.001328481244854629 
-0.00021449788619065657 0.00045799552026437595 -0.00032253471727017313 
-0.0006607031100429595 -0.0005597389535978436 -0.005012762267142534 
-0.0003142176428809762 -0.0030480339191854 0.00260509317740798 
-0.0030678499315399677 -0.004011761397123337 0.005806530825793743 
-0.0037983854417689145 -0.003127965028397739 0.0031551552237942815 
-0.0009754246275406331 -0.0024694285239093006 0.0010483026853762567 
0.0005185358932067174 -0.0007382318290183321 -2.0055333152413368e-05 
0.00017592752010386903 -0.00030770142257097177 3.2218631531577557e-06 
-0.0001574776624693186 -0.00026735390565590933 5.715195948141627e-05 
-5.1883938795072027e-05 0.0005533439398277551 0.0003257212010794319 
6.304555427050218e-05 0.0031556075300613884 0.001778905555511301 
0.0012439246056601405 0.0023997509269975126 0.0029556608060374856 
0.0026579973055049777 -0.0019577827188186347 0.0026257059653289616 
0.0009944734047167003 -0.0009964161727111787 0.0005605175974778831 
-0.00013347282947506756 9.409958147443831e-05 -0.00027612128178589046 
-6.284638374154383e-05 0.00010025169012806145 -8.6682175151509e-05 
9.569874964654446e-05 0.0010266535682603717 -0.008188388572307304 
-0.00048097444232553244 -0.0012370070908218622 -0.0004509749123826623 
-0.0018990350072272122 -0.0021886092144995928 0.0025291353231295943 
-0.0021069206413812935 -0.002385322586633265 0.002206479577580467 
-0.0006762014818377793 -0.002174493041820824 0.0011169645586051047 
0.00022322620498016477 -0.000980974466074258 0.0001369869860354811 
-0.00020952915656380355 -0.0007794938574079424 0.00022935359447728842 
-0.0007194695353973657 -0.0008969847694970667 0.0003332955893711187 
-0.00018471223302185535 0.0003182564105372876 0.000310974930471275 
-0.00010277543333359063 0.0014364334256242728 0.0008656587306177244 
0.0008209241714212112 0.0021728818537667394 0.0013273619915707968 
0.001565082828165032 0.002721741097047925 3.26280714944005e-05 
0.0007885392840307759 0.0017694322159513831 -0.0009947018115781248 
0.00013864228480997554 8.129162597469985e-05 -0.00024157289590220898 
6.742268965354015e-06 -4.967204040440265e-05 4.872648787568323e-06 
0.0012463962193578482 0.00022752978838980198 -0.004524183226749301 
0.001360905822366476 -0.000881339656189084 -0.0023223866592161357 
-0.0007138655637390912 -0.0008205890189856291 0.0005341991927707568 
-0.0012294220796320587 -0.002871683449484408 0.0027738447533920407 
-3.594602458178997e-05 -0.001219101483002305 0.0009830909548327327 
0.0005544919986277819 0.0011642645113170147 -0.0008773972513154149 
0.0005083245341666043 0.002222448354586959 -0.0002891545882448554 
-1.5127588994801044e-05 0.0019630948081612587 0.00014207986896508373 
-0.00010127217501576524 0.00027053651865571737 -3.589542757254094e-05 
-0.0002403731195954606 0.0006020050495862961 0.00034201937523903325 
-0.00022167759743751958 0.004468810744583607 0.0006803081814723555 
-0.00017459199443692341 0.004229968413710594 -0.0003819793346337974 
6.556284643011168e-05 0.002259564120322466 -0.0014063565758988261 
3.6810780329687987e-05 0.0006030564836692065 -0.0006238422356545925 
2.0858426523773232e-06 2.667813896550797e-05 -4.718533091363497e-05 
0.0006390301277860999 -0.0005121725844219327 -0.0007907644612714648 
0.0018250455614179373 -0.001005816855467856 -0.0019123789388686419 
0.0006470461376011372 -0.00011197838466614485 -0.0006382943829521537 
0.001412444282323122 -0.00230241910321638 0.0011454269988462329 
0.0011336649768054485 -0.0003703671973198652 1.2263190001249313e-06 
0.00024226109962910414 0.003536418778821826 -0.0017987024039030075 
0.0003526938962750137 0.004051970085129142 -0.0008430822636000812 
1.8197024473920465e-05 0.004560603993013501 -0.00032076414208859205 
-0.0003594610752770677 0.0010106228291988373 -0.0003050944651477039 
-0.0005075224325992167 0.0005123673472553492 0.0001026308600557968 
-0.0010408941598143429 0.004673185292631388 -3.001539153046906e-05 
-0.0005018982919864357 0.001799009507521987 1.3879674952477217e-05 
-4.4877211621496826e-05 0.00021878466941416264 -0.0003394435334485024 
-4.5631819375557825e-05 0.0002905127330450341 -0.00033124175388365984 
-9.837625839281827e-06 3.9150532757048495e-05 -4.2189840314676985e-05 
2.6024761609733105e-05 -0.00011912404443137348 -4.1600142139941454e-05 
-0.00030196027364581823 6.849868805147707e-05 -1.8376740626990795e-05 
-0.00012604636140167713 0.000653276511002332 0.00015651527792215347 
0.0031680092215538025 -0.0016225697472691536 0.00012094981502741575 
0.00331477215513587 -0.0019046240486204624 -0.00033330224687233567 
0.0017758203903213143 -0.0001002853678073734 -0.0009224933455698192 
0.0010723753366619349 0.0004651820345316082 -0.000647266220767051 
-0.0004568437288980931 0.0031030157406348735 -0.000698494733114785 
-0.0005578820710070431 0.0016695387894287705 -0.0005593343812506646 
0.00019851999422826339 -7.035862654447556e-05 0.00011566889588721097 
-0.0005230827664490789 0.002619092003442347 -0.0003137224557576701 
0.0001236661191796884 0.00037327641621232033 3.735671634785831e-05 
0.0002530280326027423 -0.00040989171247929335 0.00013770877558272332 
1.359592170047108e-05 3.5743432817980647e-06 -2.434914858895354e-05 
-2.754022943918244e-06 8.091779136520927e-06 -5.325462097971467e-06 
5.155731560080312e-05 -7.200741492852103e-06 -4.4594825794774806e-05 
-8.979314588941634e-05 9.486843737249728e-05 2.8370886866468936e-05 
-0.00024163350462913513 0.0003151031778543256 0.00014565500896424055 
0.0004502346273511648 -0.00011442048707976937 2.1650688722729683e-05 
0.0006015899125486612 -0.0005421842215582728 -0.00014369847485795617 
0.0007773605175316334 -0.0008260500617325306 -0.0002704523940337822 
0.0007850131369195879 -0.0005997210391797125 -0.00034904211133834906 
-0.0007927524857223034 0.0014381897053681314 -0.000570677758560123 
-0.0008882005577106611 0.0011386312544345856 -0.00047592215560143813 
0.0001127176801674068 -0.00032040514270192944 8.996770338853821e-05 
-0.00045820896411896683 0.0008227810321841389 -0.00020467933427426033 
-0.00018530164015828632 0.0003415780665818602 -0.0001367429103993345 
2.6097966383531457e-05 -1.605352326805587e-05 6.897209914313862e-06 
4.027899194625206e-06 2.6940523412122275e-06 1.3382300494413357e-06 
2.6058745561385876e-07 7.943694413370395e-07 5.372596092456661e-07 
8.102742140181363e-05 -6.352855007207836e-05 2.2560175239050295e-06 
0.0003481457206362393 -0.00021105354608152993 -2.3910350137157366e-05 
0.0002447069618938258 -0.0001197157880596933 -3.5159692515662755e-05 
1.9353513096120878e-05 -5.3689574883719615e-06 -1.984491518669529e-06 
1.485006759338603e-06 -1.6705336065570009e-06 9.154928193311207e-08 
3.616175263232435e-06 -1.2888576850222933e-06 -3.422006074060846e-07 
1.5224867002672227e-06 7.672809498870947e-09 -2.9026199754866866e-07 
-7.365315184415522e-07 -1.4646620627445373e-07 -9.506342166787363e-07 
5.895399226574227e-07 -1.1273641575826332e-08 1.800033714971505e-06 
0.00020129382755840197 4.707713924290147e-05 0.0001561096651130356 
0.0007653453649254516 0.00032128579368873034 0.0006149429464130662 
2.3375789169222116e-05 0.0012410947019816376 0.000544849390280433 
-0.0027396450750529766 0.003335009951115353 -0.0005016084760427475 
-0.0032070669694803655 0.0034199703331978526 0.0015379114738607313 
-0.001065219385054661 0.0006649030328844674 0.001483387139160186 
0.00021052153715572786 -0.00028599447978194803 8.665661152917892e-05 
0.0009198567640851252 -0.0008471663168165833 0.00030020113626960665 
0.0004515169275691733 -0.00035800630575977266 0.0004160721000516787 
-0.00016251144279522123 -7.676862878724933e-07 0.00015752073522889987 
0.00019286467068013735 -8.245189383160323e-05 -6.6179577515868e-05 
0.00021289677442837274 -2.6269441150361672e-05 -5.432916077552363e-05 
7.953204453770013e-05 1.397818891746283e-05 -1.750737169459171e-05 
1.4605788010157994e-05 6.736467298651405e-06 -5.704184104615706e-06 
0.00013171608588891104 3.2839256164152175e-05 0.00011222717512282543 
0.001422264555003494 0.0005523364525288343 0.0012027949269395322 
0.0030803752597421408 0.0010215112270088866 0.0021877940162084997 
0.0011626381929090712 0.0004876879829680547 0.0013950377760920674 
-0.0021693973685614765 0.0022414131817640737 -0.0007883710786700249 
-0.0032288100628647953 0.0037265940718498314 0.0004945975290411297 
-0.0015052326561999507 0.001030976854963228 0.0015851478965487331 
0.00032593810465186834 -0.0007220119587145746 0.0003735555219464004 
0.0009928122162818909 -0.0021424642764031887 0.0017440838273614645 
-0.0006996482698014006 -0.0017359745688736439 0.00241243583150208 
-0.0013150556187611073 -0.0008876933716237545 0.0008442472899332643 
0.0018236621544929221 -0.0006712494068779051 -0.000735389199689962 
0.0024443934817099944 7.207697490230203e-05 -0.0007980929512996227 
0.001101621975976741 0.0003929956947104074 -0.00030227160459617153 
0.00016321875773428474 0.0001889054072741203 -0.000108160176750971 
0.00013795170161756687 -4.5572363887913525e-05 -6.015087274136022e-05 
0.0011430380982346833 0.0014239251177059487 0.0012686658592429012 
0.002388680644799024 0.0014260033203754574 0.00241170717345085 
0.0022206638823263347 -0.0022420109598897398 0.0021247786353342235 
-0.00032492639729753137 -0.00022193725453689694 -0.0006761491531506181 
-0.0022240703110583127 0.00334040482994169 -0.0021547070355154574 
-0.001071437854989199 0.0017936915101017803 -0.0003530350450091646 
0.0004322403110563755 -0.0013111740117892623 0.0005522010033018887 
0.0013341050362214446 -0.004409220768138766 0.003117152606137097 
-0.000521843961905688 -0.004944471642374992 0.003168900846503675 
-0.0025587907948647626 -0.0026133672799915075 0.0012970714597031474 
0.0009555400683893822 -0.0012722616083920002 -0.0007893894799053669 
0.003474787052255124 0.0005517220124602318 -0.0016597604953858536 
0.001698239277175162 0.0009089848899748176 -0.000680459153954871 
-0.0005991104117128998 2.2016727598384023e-05 -0.00010046758688986301 
-0.0008373245364055037 -0.0005539638223126531 -0.0006391727947629988 
-0.0005376059707487002 0.0008721344056539237 -0.00034639559453353286 
0.0011089569597970694 0.0007565844571217895 0.0017708918894641101 
0.0027669420232996345 -0.00128044409211725 0.0018731080344878137 
0.0013903951039537787 -0.0014599835267290473 -3.717251820489764e-05 
-0.0003250697045587003 -0.0005440539971459657 -0.0007334171968977898 
-0.0003724446978594642 0.0010444175532029476 -0.0006032932578818873 
4.8867135774344206e-05 -0.0007513901218771935 -0.0004202968229947146 
-0.00027828814927488565 -0.0028913835994899273 0.0019322012085467577 
-0.0010394621640443802 -0.00323884142562747 0.0015000953571870923 
-0.0018887841724790633 -0.002337811980396509 0.0008446564897894859 
-0.0011145243188366294 -0.0026836886536329985 0.0006096450088080019 
0.00017724462668411434 -0.0016827570361783728 -0.00023077647711033933 
-0.0012500674129114486 -0.001975107006728649 0.0003491422103252262 
-0.003274305199738592 -0.003090514335781336 0.000948056549532339 
-0.0018569229287095368 -0.0010446766973473132 0.00011217693099752069 
-0.0008681205472385045 -0.0003425924223847687 -0.00030155404238030314 
0.0006270799058256671 -3.08711314573884e-05 0.0010109167196787894 
0.0016621427639620379 0.002013498218730092 -0.0002018945524469018 
0.001444693945813924 0.0015352880582213402 -0.0023756602313369513 
0.00046267521975096315 -0.0008524608565494418 -0.0010190983302891254 
-9.627245844967547e-06 0.00016482233695569448 -0.00018705638649407774 
0.00011612422531470656 -0.0006234322281670757 -0.0005424055561888963 
-0.0005912389606237411 -0.00016671537014190108 -0.00018163658387493342 
-0.0014558386174030602 0.0016070133569883183 -0.0008247412042692304 
-0.0011593178496696055 0.00018248124979436398 0.0001430099073331803 
-0.0006217494956217706 -0.002471735824656207 0.0009682603267719969 
-7.967540295794606e-05 -0.002668116198037751 0.00038504067924804986 
-0.0005324958474375308 -0.0011798206251114607 0.0003185841633239761 
-0.0017250393284484744 -0.0016034931759350002 0.0006651509611401707 
-0.0009680335351731628 -0.0013017325109103695 0.000160099909408018 
-0.0005344605960999615 -0.0005221494939178228 8.843476098263636e-05 
-0.0003647551202448085 0.002430887194350362 0.0006906862836331129 
-0.00041254895040765405 0.00227798568084836 -0.00025441276375204325 
-0.00022273793365457095 0.003214747179299593 -0.0037228900473564863 
-0.00024033848421822768 0.002758813789114356 -0.0036330093862488866 
-9.0001860371558e-05 0.0006153365247882903 -0.000643989333184436 
0.00010018970351666212 -0.0006480173906311393 9.201187640428543e-05 
0.0004076417535543442 -0.00025385344633832574 -0.0003945566131733358 
0.0013170315651223063 0.0021451854263432324 -0.0016876952722668648 
0.0018409221665933728 0.001400109613314271 -0.0010171112298849039 
0.0008570740465074778 -0.00010350589582230896 -0.00012409813643898815 
0.00018905737670138478 -3.356690285727382e-05 -0.00022155835176818073 
0.00026474054902791977 0.001328050740994513 -0.00023978362150955945 
-6.351395859383047e-05 0.0020903152180835605 -0.00016955305181909353 
-0.000294079800369218 -0.0002358430065214634 -0.00015796047227922827 
-0.0004399338213261217 0.00036587705835700035 4.153806366957724e-05 
-0.0009030843793880194 0.004112615250051022 -0.00010012582060880959 
-7.86507735028863e-06 -0.00010920735076069832 0.00038539362139999866 
-0.00029492190515156835 0.00023866305127739906 -0.0018058200366795063 
-0.0008359574567293748 0.002383896615356207 -0.0031149068381637335 
-0.00025440121407882543 0.0006297400368566741 -0.0007756899576634169 
-1.8230493878945708e-05 -0.0001366322503599804 8.14871018519625e-05 
0.00035370071418583393 0.0001921616931213066 -0.0001478029298596084 
0.0032483635004609823 0.002026509726420045 -0.0018727134447544813 
0.005494695156812668 0.001358353067189455 -0.0021582471672445536 
0.003550315275788307 -0.000656898831948638 -0.0011563068255782127 
0.002055935561656952 -0.0011655904818326235 -0.0005031499895267189 
0.0018559290328994393 -2.3542757844552398e-05 -0.0004914706078125164 
0.00020403927192091942 0.00272218300960958 -0.0007173860431066714 
-0.00027180794859305024 0.001235675415955484 -0.0005043913624831475 
-5.2082439651712775e-05 -7.466832175850868e-05 0.00015818378415133338 
-0.0017706434591673315 0.0036061443388462067 -0.0008099935075733811 
-0.00027908553602173924 -0.0001388578675687313 -0.00023183564189821482 
-0.0003918195143342018 -0.0005999343702569604 -0.0008890805947885383 
-0.0007136741769500077 0.0007363683507719543 -0.0012767696898663417 
-0.0001477230980526656 0.00018831865509127965 -0.0002834905089912354 
3.54955836883164e-05 1.1704237294907216e-05 -2.6242630156048108e-05 
0.00011612243542913347 0.00016273706569336355 -7.129134610295296e-05 
0.0007713083759881556 0.0006078609003452584 -0.00042444944847375154 
0.0012971144169569016 0.00042648734961403534 -0.0006418516859412193 
0.00011688517406582832 -0.0003241035155951977 -0.00035197671968489885 
0.00015255087055265903 -0.0005141188157722354 -0.00016216575750149786 
0.0015597892925143242 0.0006559970497619361 -0.0004616036676452495 
-0.0006745175924152136 0.003164486843161285 -0.0008660215280542616 
-0.002261684276163578 0.0019674928771564737 -0.0007803089392837137 
-0.0026414734893478453 -0.0003996215818915516 2.5696688680909574e-05 
-0.004852504847804084 0.00230243185069412 -0.0012411429052008316 
-0.003165661881212145 0.0015997848531696945 -0.0013200463581597432 
-0.0013015327822358813 0.0005099006921227556 -0.0008037272336878232 
-0.0003725031237991061 0.00021331365314836148 -0.00036457344504015055 
-3.670230944408104e-05 2.890606629080139e-05 -4.844359955313848e-05 
2.166642275369668e-06 -1.6115493508550571e-06 -4.4033089352524257e-07 
1.0213296945948969e-05 -7.221743999252794e-06 -1.901150653793593e-06 
4.876857815361291e-06 -7.577853011753177e-07 -2.400482628672762e-06 
-1.7380789358867332e-06 3.2084918473174184e-06 -1.0554692408959454e-06 
1.4703810222727043e-06 2.5922784629983653e-07 -5.729776351159899e-07 
2.6529620811288623e-06 -1.8001355783781037e-07 -4.789493459611549e-07 
1.4133695174223249e-06 2.737040567524218e-07 -3.2068790112305123e-07 
-1.0032539705662202e-06 -6.098335525450693e-08 -1.2847373511704063e-06 
-6.036386366758961e-06 -2.0215848195448416e-06 -1.8725431800703518e-06 
0.0002462258707964793 -8.868908025760902e-06 0.0001902320291264914 
0.0008324296213686466 8.603970127296634e-05 0.0006180697528179735 
-0.0018978850930579938 0.0015162575655267574 -0.0002988177830047789 
-0.007405551034025848 0.004814633255591616 -0.0006397773104254156 
-0.007583411847008392 0.0046221695229178295 0.00383300767862238 
-0.0027237303293077275 0.0010987341665895656 0.00305114354705438 
8.167662599589676e-07 2.4564478735555895e-06 -2.3227353267429862e-06 
1.8574533896753564e-05 -1.7158763512270525e-05 5.432366378954612e-06 
-2.1763702079624636e-05 1.5868705304455943e-05 1.353218249278143e-05 
-1.2510357919381931e-05 2.2803795218351297e-05 -1.3314795069163665e-05 
0.00012101416268706089 -1.2731157767120749e-05 -4.4706046082865214e-05 
0.00014601624206989072 5.419579792942386e-06 -3.7533631939368206e-05 
7.820115752110723e-05 3.0185132132487524e-05 -1.779099602572387e-05 
3.4427730497554876e-05 1.0050734772448777e-05 -5.862925718247425e-07 
0.0001458328333683312 -3.589622929212055e-05 0.00010538774949964136 
0.0011375424219295382 0.00016537769988644868 0.0010062619112432003 
0.0031760497950017452 0.0003208091511623934 0.0020789842819795012 
-0.0008503425633534789 0.0012986255169380456 0.00033774730400182307 
-0.006790315863327123 0.0038521653623320162 -0.0002511031379981432 
-0.007923990779090673 0.0035473653115332127 0.00598223612178117 
-0.004558303015073761 0.0010246573365293443 0.006140455370768905 
-1.2479631550377235e-06 2.370295987930149e-06 1.204319778480567e-05 
7.337865099543706e-05 -0.00020596064860001206 0.0001318080903729424 
-3.405402094358578e-05 -0.0003146439848933369 0.0001796764408936724 
7.217639267764753e-05 -4.5118737034499645e-05 -0.00010874585132114589 
0.0012334518251009285 8.741399506106973e-05 -0.0005701477275579236 
0.0017964391154237092 0.00046913174310247996 -0.0006233020612853579 
0.0010621802939567715 0.0008854530951794004 -0.0003625349927460775 
0.0002216240463894792 0.00047814493882469833 -0.00014969256153563038 
0.0005909591127419844 -0.0006225227107279352 -9.972446787287481e-05 
-0.0005401411326602101 6.049829812582175e-05 -0.0006430941866710782 
-0.0004822735209017992 0.0011716973240254447 -0.0003449901705607772 
7.420266047120094e-05 9.48044762481004e-05 6.693167961202562e-05 
-0.0012360175169305876 0.00022514787269756198 5.729825352318585e-05 
-0.002807642456900794 0.001410014825523831 0.00232344893811387 
-0.0025252424675272778 0.001486360328271985 0.003616417874582112 
2.2307132894638926e-05 -0.00013729007332585752 0.00010923843365162611 
0.00032946522696875036 -0.001167609472759068 0.0005790617724414915 
0.0004505322431214154 -0.002047670539468527 0.0006382794817909598 
0.00011617993004620075 -0.0006824422162026167 -0.00012053450336679816 
0.0016062810609582812 0.0006346646696329117 -0.0012752615730278194 
0.0029476332128979266 0.002488401610207802 -0.0019286294700577855 
0.00121904764091596 0.004230724268381891 -0.0013835548306815326 
-0.0018268444546265528 0.0024288684071507305 -0.0009238623824785464 
-0.0013081988145131618 -0.0014409691648324952 -0.0018268777639605105 
-0.0012866600882261992 -0.0016399695523432456 -0.0027809151797555387 
-0.0011669537580019096 0.00027219095500186086 -0.0011320481789880432 
0.00037141477514524013 -0.00047055043978616595 0.0001066898403223604 
0.0007227115202113055 -0.002757810987532139 0.00042361907253507525 
-0.00010864282376132905 -0.001597154070623219 0.0009649431449361145 
-0.0005810229267808609 0.002025883281021379 0.0007452390855178237 
-4.405824438435957e-05 -0.0002382783277425915 0.0001609568134881556 
3.842986188828945e-06 -0.0013725940370932221 0.000718272989615798 
0.00014879246009513736 -0.0026060703676193953 0.0007487279362976551 
0.00014794478192925453 -0.0022390037775039673 0.00035867339465767145 
0.0009838648838922381 -0.0026807934045791626 5.509989568963647e-05 
0.0010619187960401177 -0.0007715867832303047 -0.0009500394226051867 
-0.0013319936697371304 0.0019224511925131083 -0.0007116342094377615 
-0.004285936884116381 0.00042477191891521215 -9.509848314337432e-05 
-0.0035547911829780787 -0.0008495121146552265 -0.0015173247084021568 
-0.0012600930058397353 -0.0008878861553966999 -0.0017863104585558176 
-0.00012946479546371847 -0.00026298913871869445 -0.00027512788074091077 
0.00029336544685065746 -0.00038636208046227694 3.2996758818626404e-06 
0.0006580174085684121 -0.0021901254076510668 -0.0003916197456419468 
0.0006813094660174102 -0.0023297065126826055 0.0008938306127674878 
0.0005459091808006633 0.0006033665267750621 0.0018465666212250653 
-9.310216410085559e-05 -0.00016522428632015362 0.00010959253268083557 
-0.00036777768400497735 -8.825649274513125e-06 9.571104601491243e-05 
-0.0005234528507571667 0.000507430435391143 -0.00033719424391165376 
-0.00024205748923122883 -0.00019288400653749704 3.0442926799878478e-05 
0.0007052943110466003 -0.0032493937760591507 0.0008500339463353157 
0.0010622229892760515 -0.0036430698819458485 0.00032158580143004656 
0.00011212649405933917 -0.001496396609582007 0.00012737515498884022 
-0.0010822854965226725 -0.001386337295116391 0.00044481745680968743 
-0.0010958335324176005 -0.0002040723047684878 -0.00022467169037554413 
-0.0004486376274144277 0.00025659435777924955 -0.0004004689399152994 
-0.0001006110142043326 0.0003953882260248065 -3.859883872792125e-05 
-0.00012441830335774284 5.714979488402605e-05 -0.0001172366610262543 
-0.0003174663142999634 0.0013648493913933635 -0.0024108170764520764 
-0.0007361857369687641 0.003147104987874627 -0.003474982688203454 
0.0001817681586544495 0.001131902756242198 0.0008784004858171102 
-3.957144872401841e-05 -0.00010431415284983814 7.512705315093626e-05 
2.4028733605518937e-05 0.0003010490909218788 -0.00015344423445640132 
0.0007544105756096542 0.0018985222559422255 -0.001164731482276693 
0.0010628380696289241 0.0017757085151970387 -0.0008210035157389939 
0.0005564712337218225 1.857290044426918e-05 0.0002986243780469522 
0.0003532811242621392 -0.0005965684540569782 0.000511223275680095 
0.0004843065398745239 0.0006704304832965136 -1.676310785114765e-05 
0.00032478894718224183 0.0016189017333090305 -0.000589986884733662 
0.00017168967679026537 0.0013847041263943538 -0.0007555782194685889 
0.00015952338253555354 0.0011297519522486255 -0.00038134021451696754 
0.00014632004604209214 0.0012622808862943202 -0.00012505584186328633 
0.00012155582771811169 0.00016953295562416315 -0.00010042282519862056 
-0.001700128021184355 0.0017375159077346325 -0.00341135889175348 
-0.00347865981166251 0.004401040307129733 -0.007033126636088127 
-0.001208082539960742 0.0016426700858573895 -0.002015631391259376 
1.6762656741775572e-05 -8.500726835336536e-06 3.6113415262661874e-06 
0.0003837334515992552 0.0002726162565522827 -0.0002443112898617983 
0.002283831243403256 0.0018016885442193598 -0.0015241873043123633 
0.0035871522268280387 0.002429949468933046 -0.0019336731493240222 
0.0016254477086476982 0.0007137747597880661 -0.0005641296593239531 
0.0003586912644095719 -0.000323703046888113 0.0007170973694883287 
0.001472313902922906 0.0011691255494952202 0.000249414995778352 
0.001857674995335401 0.0026845436659641564 -0.0005107931792736053 
0.001454728360840818 0.00234233180526644 -0.0007418291925205267 
3.687905245897127e-05 0.002107091568177566 -0.00047606832231394947 
-0.002047622940153815 0.003013807494426146 -0.0007840402686269954 
-0.0037170938285271404 0.0014086214650887996 -0.0017191311872011283 
-0.006001976900734007 0.0007644681245437823 -0.004924924578517675 
-0.0043315080110915005 0.001647266952204518 -0.005260505247861147 
-0.000879405575687997 0.0005383812858781312 -0.0012914323742734268 
1.842279471020447e-05 1.0418895726616029e-05 -1.3793686321150744e-05 
0.00014144094166113064 9.999834219343029e-05 -9.142792987404391e-05 
0.0007070698193274438 0.000486392636958044 -0.0004315960977692157 
0.0010984876425936818 0.0007702549046371132 -0.0006956391152925789 
-0.00020117952954024076 0.00046168387052603066 -0.00017872798343887553 
0.00021192582789808512 0.0015762961556902155 0.0002634905004015309 
0.0037498478195630014 0.004078928846865892 -0.00020887385471723974 
0.00421528919832781 0.00465588562656194 -0.0005034786590840667 
0.0010951627045869827 0.003006787970662117 -0.0006736533687217161 
-0.004618864797521383 0.0017086810257751495 -0.0005944127478869632 
-0.009064673009561375 0.003005687874974683 -0.0018863507866626605 
-0.00904915458522737 0.0022852779657114297 -0.0031115056190174073 
-0.006162064222735353 0.0006972296214371454 -0.0033445577366819634 
-0.0019563059468055144 0.00033495929528726265 -0.001680263812886551 
-0.00020308476814534515 6.892262535984628e-05 -0.0002440949647279922 
-5.898436761242465e-08 1.411338317325317e-07 -7.754682584959482e-08 
-1.9630139291848536e-07 4.796056884970312e-07 -2.4455545499790787e-07 
-3.9106673099809086e-07 8.41451758049061e-07 -3.2639482583363133e-07 
-2.588994423291524e-07 6.160134553567786e-07 -2.0342158801867072e-07 
1.681350241256041e-07 2.2132469013058653e-07 -1.1095758334356276e-07 
4.7482588172442775e-07 5.822038762204329e-08 -1.0689726082091511e-07 
3.0404143913642656e-07 8.022993558398639e-08 -9.502839670716412e-08 
-4.781021303301713e-07 -5.994442986434478e-08 -6.006487383025672e-07 
-9.676199397290475e-06 -5.071832589464975e-07 -5.8267150961910374e-06 
4.07949773943983e-05 -1.2589782841132546e-05 3.423095404286869e-05 
0.0003394171653781086 -0.0001147770817624405 0.00022637390065938234 
-0.0008766700193518773 0.0003754695790121332 -6.171798850118648e-05 
-0.003678148663311731 0.0019073325966019183 -4.890348827757407e-05 
-0.0038652211660519242 0.0017330744594801217 0.001976301791728474 
-0.0017194450228998903 0.0004280103457858786 0.0017444315453758463 
-8.801123385637766e-07 2.160500372383467e-06 -9.160831382359902e-07 
-2.5755489900802786e-06 6.538692218782671e-06 -2.515027972549433e-06 
-4.563781772048969e-06 1.0761822068161564e-05 -3.7660115594917443e-06 
-2.139591117611417e-06 1.0136534626781213e-05 -4.287262640900735e-06 
9.116841965806088e-06 5.74955515730835e-06 -5.232361786511319e-06 
1.8064504274661886e-05 4.750076243453805e-06 -4.9840263045553e-06 
1.3545111642088159e-05 8.14416591765621e-06 -3.891688265866833e-06 
2.4327573441951245e-05 -4.737358722195495e-06 7.4476145925927995e-06 
4.6481945901177824e-05 -2.9157237804611214e-05 2.687517871891032e-05 
-0.0003733638150151819 0.0003386137013876578 -0.00021676428150385618 
0.00032591819763183594 0.0003566675150068477 -3.457989078015089e-05 
-0.00012097676517441869 -0.0003845402388833463 0.00021474383902386762 
-0.0038176123052835464 0.0007005146762821823 0.00036556238774210215 
-0.004966380947735161 9.179490007227287e-05 0.00478170090354979 
-0.004078541416674852 -8.060465916059911e-05 0.00617213494842872 
-4.466548205073195e-06 1.1341748404447571e-05 -4.291419372748351e-06 
-1.0643492487361073e-05 2.674191364349099e-05 -9.02085503184935e-06 
-1.9138154030429178e-05 4.2341542211943306e-05 -1.6143930679390905e-05 
-1.1243775134062162e-05 7.190816813817946e-05 -3.485417005322233e-05 
8.79450290085515e-05 8.123396219161805e-05 -6.727683012286434e-05 
0.00019457969756331295 0.00014734325395693304 -8.606588539805671e-05 
0.0001257450639968738 0.0002786704480968183 -8.851507755025523e-05 
0.00015831505425012438 8.493114728480577e-05 4.845813236897811e-05 
0.001017123446217738 -0.0005353199230739847 0.0004647428504540585 
-0.0019509730918798596 0.0015043147723190486 -0.0016946542891673744 
-0.004107281274627894 0.004040574305690825 -0.0034477023655199446 
-0.0006482378230430186 0.0012593052815645933 -0.001091664940759074 
-0.00035277610004413873 -0.000447872604127042 0.0003625269055191893 
-0.0015540736494585872 -0.0011234045960009098 0.004268143209628761 
-0.003301703021861613 -6.729736924171448e-06 0.008497000206261873 
-1.0793716228363337e-05 2.4962680981843732e-05 -8.6893091975071e-06 
-2.0912256786687067e-05 3.063772965106182e-05 -8.636427082819864e-06 
-2.6542062187218107e-05 9.203606168739498e-06 -1.5806454030098394e-05 
-2.1867177565582097e-05 7.354366243816912e-05 -5.661956674885005e-05 
0.00018377049127593637 6.920594023540616e-05 -0.0001385455580020789 
0.00030536232952727005 0.0006315188220469281 -0.0003325249308545608 
-0.00023932054864417296 0.001532232141471468 -0.00040952970812213607 
-0.0008648004150018096 0.0010220819967798889 -0.000135915499413386 
0.0011005233391188085 -0.0003416232066228986 0.0004802737385034561 
7.263023871928453e-05 0.0015720881056040525 -0.0011585047468543053 
-0.0021863673464395106 0.003955209860578179 -0.0026292570983059704 
-0.0006622077780775726 0.0021852406207472086 -0.0011883822444360703 
8.34206584841013e-05 2.8689333703368902e-05 9.706524070907108e-05 
0.00013725367898587137 -0.0005532939212571364 0.003032858929145732 
-0.0003073138796025887 0.0008299244218505919 0.007552067108917981 
-1.6020565453800373e-05 2.7749993932957295e-05 -8.492291499351268e-06 
-4.0995680592459394e-05 2.2640590032096952e-05 -1.7783404473448172e-06 
-2.9552611522376537e-05 -0.00011073637870140374 2.340247738175094e-05 
0.00011530295887496322 -0.000483652635011822 0.00011945265578106046 
0.0006134728319011629 -0.0016144778346642852 0.0002673653943929821 
0.0005890989559702575 -0.001177227939479053 -0.00011691244435496628 
-0.0003772116033360362 0.00010482253856025636 8.84545261214953e-06 
-0.0014565518067684025 -0.0003975799772888422 0.0008027664152905345 
-0.00132283556740731 0.0010735993273556232 0.0003223359817638993 
-0.0007136237691156566 0.003664768999442458 -0.000997713883407414 
-0.00044623500434681773 0.0029056454077363014 -0.0012748891022056341 
-0.00010046771785710007 0.0008466622093692422 -0.0005987825570628047 
0.00019572647215682082 -0.0002924752770923078 0.00026604103186400607 
0.0014326901000458747 -0.0006724503764417022 0.004387454013340175 
0.0031234691268764436 -0.00022004806669428945 0.009754208149388433 
-1.3359966715142946e-05 1.9361955537533504e-05 -4.608163408192922e-06 
-5.06734750160831e-05 7.909788109827787e-05 -2.254488572361879e-05 
-7.942420052131638e-05 9.637795119488146e-05 -3.332662890898064e-05 
2.9040616936981678e-05 -0.0004555558552965522 0.00018936129345092922 
0.0005844382685609162 -0.0024352252949029207 0.0006198745686560869 
0.00101896544219926 -0.0028887211810797453 0.00036182900657877326 
0.0010264234733767807 -0.002164454897865653 0.0005223800544627011 
0.000473267660709098 -0.0018195350421592593 0.0009029049178934656 
-0.0008708488894626498 0.0014397070044651628 7.178651867434382e-05 
-0.0014356995816342533 0.00392523780465126 -0.0008429575245827436 
-0.000703369834809564 0.0018324349075555801 -0.000540462729986757 
-2.6489637093618512e-05 6.125541403889656e-06 -9.603863873053342e-05 
0.00031000940361991525 0.0006937755970284343 -2.022806802415289e-05 
0.0011231060489080846 0.0017511608311906457 0.003285977931227535 
0.002947594039142132 0.00044920236177858897 0.008741290075704455 
-2.8186863119117334e-06 1.2712799275504949e-05 -4.407814913065522e-06 
1.217897079186514e-06 9.068558847502572e-05 -3.798859052039916e-05 
6.329417374217883e-05 0.00028038781601935625 -0.0001274265960091725 
8.521204290445894e-05 2.4349465093109757e-05 5.803389649372548e-05 
6.923900218680501e-05 -0.0012390073388814926 0.0006206303369253874 
0.0003183318767696619 -0.0023144898004829884 0.0010398987215012312 
0.0007789238297846168 -0.002409576438367367 0.0009023131569847465 
0.0007587948712171055 -0.0006459362339228392 -0.00037750613410025835 
0.0005277112250041682 0.002918763959314674 -0.0018797705852193758 
0.0006782212003599852 0.00419934035744518 -0.0014860524388495833 
0.001328232348896563 0.0027151955291628838 0.0003253232571296394 
0.001142983150202781 0.0020076263463124633 0.0006547313460032456 
-0.000978401760221459 0.0019123286474496126 -0.0016357888816855848 
-0.0029925871058367193 0.0026397264446131885 -0.003772405325435102 
-0.0008665794666740112 0.0010656905215000734 0.00030506760958814994 
4.5096041958458954e-06 7.247913345054258e-06 -4.725080259504466e-06 
5.017598687118152e-05 5.695518302673008e-05 -3.85842458854313e-05 
0.0002718356408877298 0.00027655192752717994 -0.00018596491099742707 
0.0004748827632283792 0.00038269837386906147 -0.00022587885177927092 
5.270591645967215e-05 -0.0007111277664080262 0.0004010692355223 
-0.0003429605858400464 -0.002777460031211376 0.0014865966513752937 
-0.00010659787221811712 -0.003609634004533291 0.0015744536649435759 
0.0004108950379304588 -0.002557117957621813 0.0005989276105538011 
0.0023364891530945897 0.0013869404792785645 -0.0007719887071289122 
0.005041030148277059 0.005973734543658793 -0.001036271802149713 
0.005956750886980444 0.007837102166377008 0.0010517245682422072 
0.0007233411306515336 0.00494866973713215 0.00038908923670533113 
-0.005989843397401273 0.00013697025133296847 -0.004162429773714393 
-0.0052078114822506905 0.00023258948931470513 -0.005158828222192824 
-0.001243681414052844 0.00027069152565672994 -0.0013771627855021507 
2.3118044083503264e-06 2.086877145757171e-06 -1.878546399325387e-06 
1.8933084447780857e-05 1.596182073626551e-05 -1.2684801731666084e-05 
9.672232954471838e-05 8.635892299935222e-05 -6.301343933046155e-05 
0.00017901928367791697 0.00019254950166214257 -0.0001228583882948442 
-5.160559703654144e-05 -3.7932477425783873e-06 8.201066884794272e-05 
0.00022360391449183226 -5.228776717558503e-05 0.0004054579767398536 
0.0014835875772405416 0.000523664930369705 0.0003305551363155246 
0.002416037052171305 0.0007447808238794096 0.00013802628382109106 
0.003261333069531247 0.002000575768761337 -0.00023040504311211407 
0.003147358940623235 0.004476158879697323 -0.00045849733578506857 
0.0016841832111822441 0.005783092405181378 6.64533581584692e-05 
-0.0029334412538446486 0.002650235837791115 -0.0008563607989344746 
-0.005077288573374972 -0.000622616003965959 -0.0025736416137078777 
-0.002043392858467996 -0.00026365350640844554 -0.0015890417998889461 
-0.00024833665520418435 9.896029496303527e-06 -0.00026888648426393047 
-2.3311699740707903e-09 5.0777292683046316e-09 -2.007368841462631e-09 
-8.340931063888224e-09 1.8702583870489065e-08 -6.624491531714849e-09 
-1.4049648486280653e-08 3.116048362394874e-08 -9.637233670811707e-09 
-1.3262537956748588e-08 2.8522610412418103e-08 -7.404992046627923e-09 
-1.0948199014038096e-09 1.770949464852123e-08 -5.102816724722459e-09 
1.5618704773956438e-08 3.919975746780047e-09 -4.674500675427851e-09 
3.175204543737209e-11 1.150388834192384e-08 -1.816928635323123e-08 
-1.864389487238327e-07 1.0891793389422588e-07 -1.8767218357140791e-07 
-3.3592304831131514e-06 6.974938742132508e-07 -1.946680640685372e-06 
-1.4748315152246505e-05 4.813115083379671e-06 -9.121471009621018e-06 
3.316663787700236e-05 -3.119102107973504e-05 1.2737029464915395e-05 
7.281765647348948e-06 -0.00012183639410068281 4.4439005250751507e-05 
-0.0002625844135764055 -0.00012851436986238696 6.996656338742469e-05 
-0.0002088459732476622 -0.0002899767132475972 0.00030295107353595085 
-0.0001527670756331645 -0.00014543995348503813 0.00029987000016262755 
-3.0935064163073456e-08 7.615889424661404e-08 -3.037694606966568e-08 
-1.1253677723033206e-07 2.820821585203248e-07 -9.956120283760583e-08 
-2.2712465597152232e-07 5.522461989926342e-07 -1.7753085868044138e-07 
-2.8633596160787533e-07 7.206865797471096e-07 -2.2277331379605414e-07 
-7.936211687820105e-08 6.672812125074756e-07 -2.3267472393229127e-07 
3.341155334624091e-07 3.44353935588515e-07 -1.936348290598744e-07 
1.2221928358258083e-08 6.254734046251542e-07 -7.024140717959426e-07 
2.0083060690012644e-06 1.1155870467405293e-06 -9.220614138882866e-07 
-1.0258135489493725e-05 6.085157110646833e-06 -5.994439106871141e-06 
-0.0002927882960648276 0.0002195834313170053 -0.00020513426898105536 
-0.0003281805547885597 0.0004272164806025103 -0.00036796292260987684 
0.00048596312990412116 -0.0005548705812543631 6.51176887913607e-05 
0.0004936842378810979 -0.0014138914993964136 0.0002945426349469926 
0.0006674652977380902 -0.0022676681401208043 0.0011530881965882145 
-0.0005069372709840536 -0.0008108122274279594 0.0021121168247191235 
-1.8954873137744244e-07 5.013999384573253e-07 -1.944245822116386e-07 
-7.441500748939234e-07 1.900868980442283e-06 -6.678194992559838e-07 
-1.8461439097450238e-06 4.434603823710859e-06 -1.493688024822859e-06 
-3.117685821507621e-06 7.836741644950962e-06 -2.606330450127814e-06 
-2.263163196403184e-06 9.728578021395151e-06 -3.3674412662776376e-06 
9.028477734318585e-07 9.699328757051262e-06 -3.5074299944426457e-06 
-5.198691169994163e-06 1.6596839031990385e-05 -1.0698265612063551e-05 
3.7636262732121395e-05 -1.068424535333179e-05 1.357481141894823e-05 
0.00028736233434756286 -0.0001926846307469532 0.0001752602620399557 
-0.0006340641702990979 0.0007581324316561222 -0.0006174559239298105 
-0.0016596558125456795 0.00271608866751194 -0.0017656976633588783 
5.596216942649335e-05 0.0013559880899265409 -0.0009686505072750151 
0.000931911650695838 -0.0008358889322153118 8.56698115967447e-05 
0.0010419809259474277 -0.0022427404765039682 0.0024296033661812544 
-0.0015672869340050966 -3.3993273973464966e-07 0.007051573717035353 
-6.019875637974792e-07 1.6251357308760817e-06 -6.254684894457796e-07 
-2.6765135743289648e-06 6.547455441818784e-06 -2.352864722610093e-06 
-7.333858718538977e-06 1.6853195461408177e-05 -5.83727688763247e-06 
-1.252922993444372e-05 3.090762447754969e-05 -1.01155631000438e-05 
-9.348500043415697e-06 3.4143692573707085e-05 -1.1980711406067712e-05 
-8.90748378878925e-06 4.8613922785989416e-05 -1.7381399601390513e-05 
-5.6782121646392625e-05 7.690513757552253e-05 -3.1328453133028233e-05 
6.554844730999321e-06 -0.00011165838805027306 0.0001347512807114981 
0.0007601355464430526 -0.0007536691846325994 0.0007591971952933818 
0.0006777559465263039 0.0001158732920885086 0.0001350133679807186 
-0.00019049533875659108 0.0023022149689495564 -0.0014420573133975267 
2.4466600734740496e-05 0.0025400323793292046 -0.0016747552435845137 
0.0004813870618818328 0.0006852102815173566 -0.00016763144230935723 
0.0011624176404438913 -0.0012163742212578654 0.003510391165036708 
0.00022143966634757817 0.0002810393343679607 0.011077611474320292 
-9.71759439138964e-07 2.620894349547598e-06 -1.0049755516661207e-06 
-4.823736730941164e-06 1.192125455418136e-05 -4.359995614322543e-06 
-1.3265598227008013e-05 3.1984547604224645e-05 -1.0940722063423891e-05 
-1.6864169083419256e-05 4.4366164729581214e-05 -1.3207108736423834e-05 
1.0838764865184203e-05 -1.9682258425746113e-05 -2.9313987397472374e-06 
1.8405822629574686e-05 -4.571513272821903e-05 -1.0240220944979228e-05 
-3.487805588520132e-05 -0.00015974516372807557 7.427282116623246e-05 
-8.206557686207816e-05 -0.000701960816513747 0.0005609261570498347 
-6.294462946243584e-05 -0.0006930469535291195 0.001102458976674825 
-0.00015678652562201023 0.0008094906806945801 0.00031713955104351044 
-6.442837184295058e-05 0.00072108069434762 -0.0008639469742774963 
1.5129538951441646e-05 0.00028396747075021267 -0.0012812468921765685 
0.00018322846153751016 0.00015457021072506905 0.00015528254152741283 
0.0016343238239642233 -0.0009562074264977127 0.0049863094463944435 
0.004251982318237424 -0.0007221536943688989 0.012507542734965682 
-7.209723449363992e-07 2.204644856007576e-06 -8.469821732859373e-07 
-3.986657389987158e-06 1.2535938424207416e-05 -4.648977721899428e-06 
-1.2272622029740887e-05 3.880540185718928e-05 -1.2519862707449647e-05 
-1.732962300593499e-05 5.094770676805638e-05 -9.321449397248216e-06 
1.5827354218345135e-05 -6.080827733967453e-05 1.3316905096871778e-05 
7.615550566697493e-05 -0.0001636546803638339 2.3477812646888196e-05 
0.00020139096886850893 -0.0005132591468282044 0.00019022713240701705 
0.0001677532681867433 -0.0009534819691907614 0.0005382288654800504 
-0.0006039799482095987 0.00025186745915561914 0.0005572401569224894 
-0.001677505613770336 0.002102044178172946 -6.896402919664979e-05 
-0.0014772652357351035 -0.000545937567949295 -1.5047320630401373e-05 
-0.0006023214846209157 -0.002788925892673433 1.3326454791240394e-05 
0.00035128608578816056 -0.0014140556450001895 0.0005425447743618861 
0.0020472959149628878 2.2164778783917427e-05 0.004902539832983166 
0.0040400439174845815 0.0004978334357019776 0.00964814517647028 
-1.0279943296609417e-07 1.3969998491347724e-06 -6.191207084782491e-07 
-4.780478093380225e-07 8.927564465466276e-06 -3.547462256392464e-06 
-1.9598903691075975e-06 3.151830787828658e-05 -1.004410569294123e-05 
-9.54777715378441e-06 5.232104012975469e-05 -4.692521542892791e-06 
-1.5284806067938916e-05 -2.1940533770248294e-05 3.4350581699982285e-05 
3.347737219883129e-05 -0.00037204159889370203 0.00017087679589167237 
0.00015581096522510052 -0.0012875398388132453 0.00040218568756245077 
0.0001507948891230626 -0.0016255881637334824 0.00022204115521162748 
3.761553671211004e-05 0.0009323815465904772 -0.0007555717820650898 
-1.0547264537308365e-05 0.0029903691611252725 -0.0009039212309289724 
0.0005582465819315985 0.0009916622657328844 0.0009189040574710816 
0.0008083725115284324 -0.00037713884375989437 0.0014376130857272074 
0.00031805853359401226 -0.00020903442054986954 0.00040840054862201214 
-0.00016263430006802082 0.0002799329813569784 0.00033556128619238734 
0.0003055947017855942 0.0002390473964624107 0.0017439100192859769 
2.001244823190973e-07 5.762699650802006e-07 -3.2171053199192556e-07 
1.5821488617007162e-06 3.8833802591398126e-06 -1.9017688543954137e-06 
6.966779892536579e-06 1.7558160607222817e-05 -7.427129730785964e-06 
9.182715984934475e-06 4.105589960090583e-05 -9.70805353972537e-06 
-2.5603981612221105e-05 -5.7490935432724655e-05 4.9634814786259085e-05 
-0.0001143046683864668 -0.0006533137639053166 0.00028431788086891174 
-0.00033767244894988835 -0.001911245402880013 0.0005887426959816366 
-0.0005449584859889001 -0.002864668844267726 0.0006337008671835065 
0.00055971450638026 -0.0005814270698465407 -0.00015234359307214618 
0.0033123863977380097 0.0034902103943750262 -0.0005013382178731263 
0.005660976195940748 0.0056484066299162805 0.0014416449412237853 
0.003455558318819385 0.00401665922254324 0.0017694878188194707 
-0.0008043448906391859 0.00025962444487959146 -0.0003556454848876456 
-0.0014598809102608357 -0.0002633387630339712 -0.0011625965416897088 
-0.0004363493180790101 -2.655341086210683e-05 -0.00032444433600176126 
8.17262955088438e-08 1.0369572045476616e-07 -7.304873328450867e-08 
6.250348718594978e-07 7.751577228987117e-07 -4.6928443708793566e-07 
3.049270844712737e-06 5.017513672100904e-06 -2.5766333209276127e-06 
6.012387530063279e-06 1.952472484578749e-05 -6.7981796973981545e-06 
-5.165105648075041e-06 1.5696961781941354e-05 7.393568921543192e-06 
-2.19886042032158e-05 -9.567203233018517e-05 6.529585516545922e-05 
-8.14065060694702e-05 -0.00039492372889071703 0.0001341253228019923 
-0.00010100446161231957 -0.0007324836915358901 0.00019502901704981923 
0.0006907730348757468 7.290059875231236e-05 5.405889532994479e-05 
0.002494791777280625 0.0021491433144547045 -7.838220335543156e-05 
0.0036437899980228394 0.003489372960757464 0.0006297594518400729 
0.001551274093799293 0.0018711551383603364 0.0005806892731925473 
-0.0006605421658605337 -0.00012535759742604569 -0.0003196371253579855 
-0.000455171219073236 -0.0001267059487872757 -0.0003280210148659535 
-6.502733231172897e-05 -1.1748766155506019e-06 -6.587089774257038e-05 
-1.2641052079830252e-12 -2.8482888079085344e-14 4.19013104029059e-12 
-3.6901209892991325e-11 7.561464459128822e-11 -1.2376328278631253e-11 
-1.0010078381564877e-10 1.7938815894975174e-10 -2.9479963607441785e-11 
-2.0554920601972143e-10 2.3710351921852474e-10 -1.8597482535627312e-11 
-2.6184511134862143e-10 2.0807073209847763e-10 8.484117596831153e-12 
-1.0310282553931127e-10 -1.7023891779772982e-10 4.721989607051752e-11 
-2.7253007949326613e-09 3.282345870743355e-09 -2.761974719246718e-09 
-4.73636979116121e-08 5.8535654295921447e-08 -4.073303311313836e-08 
-4.6928918351341053e-07 3.393731375922471e-07 -2.377084147298092e-07 
-2.3879501327428443e-06 1.3667335849731899e-06 -1.352234242801842e-06 
-1.833601515954797e-06 6.398072258662069e-07 -1.919967985486437e-06 
8.43773938186132e-06 -1.6682161685821484e-05 3.7053032855283163e-06 
2.1202960169830476e-05 -5.1291588533786125e-05 1.0366898493430199e-05 
4.2163976104347967e-05 -8.444440209132154e-05 1.9224968582420843e-05 
1.3653610494657187e-05 -3.544515129760839e-05 2.1105499854456866e-05 
-2.3154966117909905e-10 5.687059270232699e-10 -2.0558850914129687e-10 
-1.2073451698037946e-09 2.959034058796009e-09 -9.234960320872627e-10 
-3.334208082371448e-09 7.388385170163658e-09 -2.030952250559742e-09 
-6.972969254087635e-09 1.316957965510207e-08 -3.281885543708618e-09 
-9.488169111504519e-09 1.666061738916924e-08 -3.844666425500964e-09 
-6.538301317027262e-09 6.70166572236397e-09 -4.73947573548239e-09 
-9.417365143260525e-08 1.4938074821557734e-07 -1.2630941209623714e-07 
-1.0586726721939499e-06 1.9172548295642855e-06 -1.236793853554019e-06 
-7.89204668194543e-06 9.996011272050964e-06 -5.248038462468685e-06 
-4.00190265281708e-05 3.81752138309821e-05 -2.4385376747204646e-05 
-5.815822078147903e-05 7.548538087576162e-05 -5.0400001782691106e-05 
6.0635221416305285e-05 -4.957377313985489e-05 -1.0674214081518585e-05 
0.0001959357559826458 -0.0002895097204600461 4.155155966145685e-05 
0.00036800948146265 -0.000563351612072438 0.00013285667046147864 
0.00011744694347726181 -0.00023547600721940398 0.00028986381948925555 
-2.0767025165485675e-09 5.856322206256731e-09 -2.1926060006245e-09 
-1.149310897494149e-08 3.03744787655269e-08 -1.0003732587096636e-08 
-3.962066240370543e-08 9.451775956348385e-08 -2.8597661974605337e-08 
-1.002335210387173e-07 2.242000513019704e-07 -6.3750340437152e-08 
-1.6564456206680234e-07 3.6484091769928284e-07 -9.392300652152907e-08 
-1.748097098186463e-07 3.1464825056559675e-07 -1.2923903858208519e-07 
-1.190530445782656e-06 2.208056990582463e-06 -1.7849630822297513e-06 
-6.678573303275925e-06 1.8630912165917834e-05 -1.1524196992240832e-05 
-1.5786720950927702e-05 5.6509934438508935e-05 -2.427194431220414e-05 
-7.479752434846887e-05 0.00013112863234709948 -7.309060310944915e-05 
-0.00010523329183342867 0.00025842752074822783 -0.0001845487204263918 
0.00014140386338112876 6.071152165532112e-05 -0.0001841797784436494 
0.00045969099301146343 -0.0005502107196662109 8.263150084530935e-05 
0.0010521571966819465 -0.0014929232420399785 0.0008364517861991771 
0.00034396955743432045 -0.0007028703112155199 0.0020500560640357435 
-7.719559143824772e-09 2.331502947650055e-08 -8.785181313322732e-09 
-5.060106730847558e-08 1.3858379177555946e-07 -4.7435659483729964e-08 
-2.103230282157753e-07 5.393774205053603e-07 -1.6919937628756543e-07 
-5.831213378826305e-07 1.5189495563561195e-06 -4.3135716865094764e-07 
-1.0195533910462018e-06 2.8030272147816504e-06 -7.020345762498437e-07 
-1.266335949878794e-06 3.142774033904061e-06 -9.350781287054133e-07 
-4.772445919343227e-06 9.999483154388145e-06 -7.00853375690258e-06 
-1.6215114101214567e-05 5.449852233141428e-05 -2.869433160412882e-05 
1.579098625370534e-05 5.912097549298778e-05 6.318041414488107e-07 
0.00011178699787706137 -0.00016616476932540536 7.161562098190188e-05 
0.00023946688452269882 -0.0004569252487272024 -6.916909478604794e-05 
0.0003549557732185349 -0.00042416888754814863 -0.000396292976802215 
0.0008093544693110744 -0.0013316688127815723 0.00042875512735918164 
0.0020103753195144236 -0.004146170802414417 0.0024892787187127396 
0.0015834448277018964 -0.0034791952930390835 0.005027511739172041 
-1.3653812322086956e-08 4.2754550101664623e-08 -1.614836547467191e-08 
-1.072036573956936e-07 3.187472096266575e-07 -1.1217931050744312e-07 
-5.207115938432594e-07 1.5668379109712305e-06 -4.913324698208044e-07 
-1.5753701632092998e-06 5.1272575944949494e-06 -1.3808151209104835e-06 
-2.923245418173792e-06 1.0549374252377675e-05 -2.493547469839541e-06 
-3.940525886036994e-06 1.3498263740530092e-05 -2.9856630874292023e-06 
-7.327306065008088e-06 1.5134663158278272e-05 -7.073716133731978e-06 
-2.2915934096090496e-05 4.701878242485691e-05 -1.1842907042591833e-05 
-2.8353773814160377e-05 -5.3024268709123135e-06 7.570635352749377e-05 
2.2839383746031672e-05 -0.0005308715044520795 0.0002254014543723315 
0.00015188700490398332 -0.0017576260725036263 0.00016376323765143752 
0.00021418725373223424 -0.002196222427301109 -0.0003291743341833353 
0.00010120897786691785 -0.002492161700502038 0.0006306271097855642 
0.0003635413959273137 -0.005181917193112895 0.003229779889807105 
0.001784236083040014 -0.004685748717747629 0.00566674314904958 
-1.1209176612944627e-08 4.011270723913718e-08 -1.527831868658458e-08 
-1.0395858648926115e-07 4.0464697703690433e-07 -1.4491324940024697e-07 
-5.966269593926654e-07 2.518866182299462e-06 -7.749142243440588e-07 
-2.101789064568038e-06 9.972015391213063e-06 -2.5261472700321974e-06 
-4.546933865867686e-06 2.5438359216423123e-05 -5.795501209604481e-06 
-5.986072892483207e-06 4.161210154052242e-05 -8.563281653550803e-06 
-1.6086805771919899e-06 3.0475264793494716e-05 -4.776038167619845e-06 
-2.9427944809867768e-06 1.872258053481346e-05 4.782108135259477e-06 
-8.822592462820467e-05 8.024500857573003e-05 3.699862281791866e-05 
-0.00033289096427324694 -0.000357151438947767 0.00015842860739212483 
-0.000538019863597583 -0.002392507274635136 0.00040775531670078635 
-0.000582290296733845 -0.004054272299981676 0.0001281000004382804 
-0.000636877870419994 -0.0036631079856306314 4.7559995437040925e-05 
-0.0004485737590584904 -0.0028206368442624807 0.0015821548731764778 
0.0008977446996141225 -0.0012639511605812004 0.003087512101046741 
-2.269650044295357e-09 2.5450863805343005e-08 -1.0624182374130431e-08 
-2.5719583962580117e-08 3.0719304033866024e-07 -1.136625082942544e-07 
-2.1636604952135485e-07 2.280401007581645e-06 -6.957068787727394e-07 
-1.0529763159183858e-06 1.1218283589187195e-05 -2.7692034336723736e-06 
-2.6813256184254897e-06 3.55226443389256e-05 -7.96032090022436e-06 
-2.6478926429263083e-06 6.344233406707644e-05 -1.2950912150699878e-05 
1.08186031866353e-06 3.1124909583013505e-05 -6.77805655868724e-06 
-2.2894407720741583e-06 -6.178136391099542e-05 1.854117726907134e-06 
-1.1697302397806197e-05 0.00015818094107089564 -0.00010822623880812898 
-8.689094102010131e-05 0.0001663596194703132 -8.327993418788537e-05 
-0.0002384754188824445 -0.001136837643571198 0.0003883655426761834 
-0.0005448894225992262 -0.0024918218259699643 0.0004134060327487532 
-0.0005972741346340626 -0.0023022426175884902 -5.481625339598395e-05 
-0.00034151048748753965 -0.0011200829758308828 3.1244097044691443e-05 
3.9947888581082225e-05 -0.00020325193327153102 0.0004297470113669988 
1.6519535427084175e-09 8.295587189399711e-09 -3.99875650994308e-09 
1.7450866640622564e-08 1.1476772293628201e-07 -4.6151005350658636e-08 
7.740745466833232e-08 1.055935490157367e-06 -3.436880362528427e-07 
1.7070178159883653e-07 6.5255857464308065e-06 -1.6923414136726933e-06 
5.025866016694636e-07 2.326230446669797e-05 -5.093965910418774e-06 
5.018151796321035e-07 3.747451410163194e-05 -6.347589078359306e-06 
-9.482583209319273e-06 -1.6110534488689154e-05 4.174802597844973e-06 
-3.7822364902240224e-05 -0.00017329072579741478 3.376231325091794e-05 
5.09873716509901e-05 -6.773745553800836e-05 -2.885850699385628e-05 
0.00040768733379081823 0.00030401353433262557 -4.111511225346476e-05 
0.0007546324832219398 0.00041682466689962894 0.00029270137747516856 
0.00041404580406378955 5.3678726544603705e-05 0.0003100077447015792 
-0.0001291270600631833 -0.0003471151285339147 1.966169656952843e-05 
-0.00015187855751719326 -0.00016658216918585822 -7.110281148925424e-05 
-4.053692282468546e-05 -2.0690917153842747e-05 -8.068190254562069e-06 
3.608998967730148e-10 5.56469576147578e-10 -3.5489103843155956e-10 
5.888761395178577e-09 1.5171265799196476e-08 -6.937100671677854e-09 
4.402768061240181e-08 2.257358149293509e-07 -8.002503459891841e-08 
2.133028154105432e-07 1.886901728198609e-06 -5.195717345252149e-07 
1.0061300628194658e-06 8.409928909713926e-06 -1.9662383579088782e-06 
2.563075213402044e-06 1.862434237409616e-05 -4.069880560564343e-06 
-7.637972885277122e-07 1.2368023817543872e-05 -4.089077265234664e-06 
-1.1971679555244918e-05 -2.963260340038687e-05 4.831042133446317e-06 
3.584706337278476e-05 -1.3094755104248179e-05 6.594797923753504e-06 
0.00023650376351724844 0.0001281427357753273 1.969677396118641e-05 
0.00042733999816846335 0.00026123065617866814 0.00011228315906919306 
0.00025406964368812623 0.00016707106442481745 8.440803230769234e-05 
1.6813493857625872e-05 1.0785439371829852e-05 -8.094311851891689e-07 
-6.683028345833009e-06 7.513011041737627e-06 -8.034719257921097e-06 
1.090508391143885e-06 4.855850846752219e-06 -6.244216024242633e-07 

-0.00013011592818656936 0.000533083759364672 -0.00012415299079293618 
3.547881715348922e-05 0.0011290731054032221 -0.001090349120204337 
0.00023332006185228238 0.0004160614662396256 -0.0006970153117435984 
3.292945723387675e-05 2.624556248065346e-05 -7.354254648817005e-05 
5.084007139721791e-07 2.163984902381344e-08 -1.337609825569075e-06 
-2.3791215664203946e-08 -4.956899191110864e-08 2.4368578710465272e-08 
-1.7299503331041043e-09 -2.7970031278058693e-09 1.7458350976500394e-09 
-7.190994188999156e-10 -1.8625059029775404e-09 -1.341341711313948e-09 
6.706398103517586e-09 -4.080654036897613e-09 2.316412173186677e-09 
1.0784018300569187e-07 1.7820859632422525e-07 1.1045887760019468e-07 
-1.391552899576709e-07 4.2700996516487066e-07 3.0517728077938955e-07 
-1.6284672028632485e-06 -2.1915888055445976e-06 2.7837218254944673e-06 
-3.3571000130905304e-06 -8.862207437232428e-06 8.019687612659254e-06 
-1.027678308673785e-06 -2.612398361634405e-06 3.3770483085504566e-06 
2.4316809188462685e-07 1.3108021335028752e-06 -2.057744694639041e-07 
0.0005307601095410064 0.0030407008016481996 0.0007805444911355153 
0.0013224690628703684 0.005787330097518861 -0.0034016452118521556 
0.0009283907838835148 0.0021028896153438836 -0.0029336675361264497 
9.640553155065845e-05 0.0001283269077703153 -0.0003390450365259312 
-5.476367448409292e-07 -2.6840450573217822e-06 -4.554971638981442e-06 
-3.975439432091221e-07 -7.929150117602646e-07 4.452006869826164e-07 
-3.3364475959807294e-08 -5.889164683692272e-08 3.531625586417064e-08 
5.9194529833384024e-09 3.2412159622907666e-09 1.0760546675925298e-08 
2.589907062144903e-07 4.461722440396443e-07 3.5505542328451156e-07 
2.238926029463073e-06 6.4335445131291635e-06 2.9466411888279254e-06 
5.313845804266748e-06 2.558486039561103e-05 6.2148072856871295e-06 
5.957112421128841e-07 2.241786978629534e-05 6.746579174432554e-06 
-5.916808731853962e-06 -1.4201226349541685e-05 1.4262147715271567e-05 
-3.0540120405930793e-06 -7.725300122274348e-06 6.190373341041777e-06 
-3.221871267555798e-07 9.49830621266301e-07 -1.1011501754865094e-07 
0.0007413120110868476 0.005986683187074959 0.002857515326468274 
0.0007290812936844304 0.009456555009819567 -0.0027953574899584055 
0.00021662776634912007 0.00313066114904359 -0.003557293413905427 
6.802053462706681e-06 0.00017248485255549895 -0.0004429675100254826 
-4.905915318431653e-06 -1.2291485290916171e-05 -8.490981144859688e-07 
-1.2214566602608556e-06 -3.881576752462479e-06 2.1252375468350237e-06 
-2.3516403357959348e-07 -5.347568112767931e-07 2.3419465366991687e-07 
-3.488369960946702e-08 -3.8793517731505744e-08 7.834673310114226e-08 
6.651286170722415e-07 2.3414325482917775e-06 1.6283131571981357e-06 
4.900482579728305e-06 3.0371705861398368e-05 1.257029248336039e-05 
1.0069405334434123e-05 0.00011659579104161821 2.3692810373177053e-05 
2.456978108966723e-06 0.000121036126074614 5.033894922235049e-06 
-1.392246588238777e-06 2.0663597638304054e-05 4.477211803077807e-06 
-4.792242762619026e-07 -2.7164728066964017e-06 2.66378657443056e-06 
-9.782320013751455e-08 -9.680604762252187e-09 5.4953446237959724e-08 
-0.00039558629168823245 0.006807452256907709 0.002796321059577167 
-0.001603913915459998 0.009344098740257323 -0.0016820296877995133 
-0.0008717329183127731 0.0025364774046465755 -0.0020773904398083687 
-7.55185064917896e-05 6.326855145744048e-05 -0.00019117776173516177 
-1.2773465641657822e-05 -4.5887066676186805e-05 2.1244930877628576e-05 
-7.988719801232946e-06 -2.1097167518746573e-05 9.848222191521927e-06 
-2.4809945529113975e-06 -5.403465451081502e-06 1.8961316357035685e-06 
-5.107306826346303e-07 -1.055748617417862e-06 2.8085916836673164e-07 
7.131303902951913e-08 2.8429236635929556e-06 1.8090780713464483e-06 
-1.7133989160811325e-06 3.220122357561195e-05 1.3065529174127732e-05 
-1.0944255677713954e-05 0.00011012191134796012 2.2769658244214952e-05 
-1.4398890812117315e-05 0.00010314506835129578 2.8600578900750406e-06 
-3.221484107029937e-06 1.89556491818621e-05 6.388170561422157e-07 
4.1421185947854156e-07 -1.773866699750215e-06 1.3361316124615996e-06 
8.879206969680808e-08 -3.8215391207074845e-07 1.8436245596831213e-07 
-0.0007949945575091988 0.00417331128846854 0.001202655977976974 
-0.001840435987105593 0.005695582774933428 -0.0012116412399336696 
-0.0006283628245000727 0.0018301186501048505 -0.0007219126855488867 
0.00023540800611954182 0.0005815370532218367 -0.00015174249710980803 
7.538511999882758e-05 7.998161891009659e-05 -3.964181451010518e-05 
-1.155211248260457e-05 -4.4549415179062635e-05 1.690520002739504e-05 
-8.176168762474845e-06 -2.0858256362998873e-05 6.434560873458395e-06 
-9.291258287191795e-07 -5.18773444468934e-06 5.822498962970712e-07 
9.915005989569181e-07 1.7737227153702406e-07 5.393654447516383e-07 
-9.601775650125433e-07 7.283133300006739e-06 4.018759796053928e-06 
-4.802544637527717e-06 2.124868296959903e-05 7.84644038276383e-06 
-4.729280021820159e-06 1.288209568883758e-05 5.072280828244402e-06 
-7.270116952895478e-07 -4.623290806193836e-06 3.601877892833727e-06 
1.560103157771664e-07 -3.454306861883083e-06 1.6816153873833173e-06 
1.9624343927659993e-08 -4.390796801700958e-07 2.4759697181409024e-07 
-0.00024726209812797606 0.0009131240076385438 0.00027368817245587707 
-0.00017033569747582078 0.0013647221276187338 -0.0005474177887663245 
0.00021449383348226547 0.0019516108732204884 -0.00037720383261330426 
0.0005064764409326017 0.0019522994989529252 -0.0004575556085910648 
0.00021910890063736588 0.0006919570732861757 -0.0002936256641987711 
1.9660179532365873e-05 7.723656017333269e-05 -4.3147629185114056e-05 
-9.378999493492302e-06 -2.29602592298761e-05 1.13813530333573e-06 
-5.132438332111633e-06 -2.5486132017249474e-05 5.729010865707096e-07 
-1.2897279475510004e-06 -1.640415905512782e-05 3.070620465450702e-06 
-7.742377192698768e-07 -6.168397533201642e-06 3.121894053492724e-06 
1.5623738818248967e-06 5.5643022278673016e-06 4.0697921122045955e-06 
1.2371658613119507e-06 2.7185751605429687e-06 3.4764212841764675e-06 
5.22526875101903e-08 -4.588039701047819e-06 2.4416792712145252e-06 
-1.3290165412627175e-07 -2.9846520988030534e-06 1.4901179383741692e-06 
-2.726326808755175e-08 -4.288118926609741e-07 2.822869706875508e-07 
-0.00010556650522630662 0.00015349025488831103 0.00010299285349901766 
2.5987683329731226e-05 0.0003340051043778658 -0.00015900176367722452 
6.1026745242998004e-05 0.0010352183562645223 -0.00019671452173497528 
9.774915815796703e-05 0.0010762547608464956 -0.00020001134544145316 
1.9245031580794603e-05 0.0004822310002055019 -0.0001819584285840392 
-8.956198144005612e-06 7.690004713367671e-05 -4.748926221509464e-05 
-1.0373460099799559e-05 -3.9804199332138523e-05 -4.879210791841615e-06 
-1.281359720906039e-05 -6.397390870915842e-05 2.374777068325784e-06 
-6.408320587070193e-06 -5.0715863295636154e-05 1.0543319149292074e-05 
-3.568751651528146e-06 -2.3512458028562833e-05 6.009788819483219e-06 
-1.2715497632598272e-07 -5.2198615207998955e-06 3.873731202475028e-06 
1.4916502095729811e-06 -5.021463948651217e-06 3.5152431223650638e-06 
7.17872865152458e-07 -4.329493549448671e-06 2.3360276486528164e-06 
1.201699966202341e-07 -1.7948241577414592e-06 1.1182634978013084e-06 
1.6979044836773483e-09 -2.337860767198663e-07 1.8786295186146162e-07 
2.746541940723546e-05 -1.3900495105190203e-05 -2.4457694962620735e-05 
2.6940244424622506e-05 4.048349364893511e-05 -5.1978204282931983e-05 
4.753057146444917e-05 0.0001093769351427909 -4.8578927817288786e-05 
9.634382877266034e-05 3.0393268843909027e-06 -1.6489502741023898e-05 
1.818154487409629e-05 -2.7455491363070905e-05 -3.6628771340474486e-06 
4.913325028610416e-06 -6.019014927005628e-05 2.734603185672313e-06 
1.926807271956932e-06 -5.599859878202551e-05 -1.7220098982306808e-06 
-2.5268577701353934e-06 -5.437262990426461e-05 5.028334186363281e-06 
4.140986220591003e-06 -4.908824075755547e-05 1.2765569607608995e-05 
1.4018386877978628e-06 -2.132649740360648e-05 6.499130734027858e-06 
-9.018705355856582e-07 -2.9499883282824158e-06 1.9454125208540063e-06 
6.368813387780392e-07 -2.5475413849562756e-06 1.6474621844508874e-06 
4.2939487343574e-07 -1.193579635128117e-06 9.232342854659237e-07 
5.8847984263366016e-08 -3.019798207049007e-07 3.2605330391177745e-07 
1.0632825175882488e-09 -3.4479585075963826e-08 4.738317066488307e-08 
1.3501835326223954e-05 -8.12861122767572e-06 -8.924745259264455e-06 
3.002952871611342e-05 -1.6127112530739396e-05 -1.5807219824637286e-05 
4.464444202767481e-05 -2.2788302430853946e-05 -1.395283322835894e-05 
4.751454844154068e-05 -3.1661887987866066e-05 -7.838796591386199e-06 
2.4474006750097033e-05 -2.3975212116056355e-05 -2.141145387213328e-06 
1.73977782651491e-05 -3.114760988864873e-05 -6.806004648751696e-07 
9.071054137166357e-06 -2.959753510367591e-05 -1.3018923610275124e-06 
3.023544422831037e-06 -2.6777609946293524e-05 2.937132990155078e-06 
4.942912710248493e-06 -2.1901750642427942e-05 5.724798583628399e-06 
2.199535220626103e-06 -8.470208797461964e-06 2.8483183882599405e-06 
-4.922452205846639e-07 -1.8900724541026648e-07 3.789531604070362e-07 
-8.895054293134308e-08 2.511044279174257e-07 1.1887851314451581e-07 
3.456311770122511e-08 1.9082204261167135e-07 3.872437304153209e-08 
-5.877857200964343e-09 7.232003418344846e-08 7.742851027003894e-09 
-1.2697203462253004e-09 6.594485506272729e-09 1.8529535197875369e-09 
-0.0012058779830113053 0.00026147042171942303 -4.895123856840655e-05 
-0.00204040200333111 0.0008074178003880661 -0.001456950336432783 
-0.00024236064200522378 0.0003259391705796588 -0.0010371406287958962 
3.475481980785844e-05 1.4006633136887103e-05 -0.00011296836692054057 
-1.2551188888210163e-06 -3.2388068973432382e-06 3.577602996074347e-07 
-4.1434930986294916e-07 -6.361814000044319e-07 4.2752852591476653e-07 
-3.79196264527204e-08 -5.465269309334886e-08 3.574401091777091e-08 
-1.7186641887434462e-08 -2.989875125258834e-08 -3.132488402002309e-08 
-3.7689261489504133e-08 -2.388595277125205e-07 -2.007440613738254e-07 
8.618313174224568e-07 1.0601131634757621e-06 4.736984688946677e-07 
-6.8173250156178256e-06 7.428089929817361e-07 1.5598735103594663e-06 
-7.49402170185931e-05 -0.00015073134488829965 5.314371128406492e-05 
-0.00022538805205840617 -0.0006273709404922556 0.0001990629193642235 
-0.0001175516113107733 -0.00041873370901157614 0.00015259169595083222 
-7.677280564166722e-06 -4.125494825757414e-05 1.447669455956202e-05 
-0.001414006546838209 0.0006912753015058115 0.0016670637123752385 
-0.002610617142636329 0.0022970301215536892 -0.003154205005557742 
0.00011804433597717434 0.0009883393358904868 -0.00338401385670295 
0.00010951431977446191 9.8759526736103e-05 -0.0004401153782964684 
-2.220909050265618e-05 -2.099872790495283e-05 9.634730304242112e-06 
-4.273768752227625e-06 -8.533634797913692e-06 5.3444810674818655e-06 
-5.421478661560286e-07 -1.043652318344357e-06 6.558943734802369e-07 
1.4700490780228392e-07 3.131027881408954e-08 2.0525659039094535e-07 
5.124219910612737e-06 6.380474815159687e-06 6.225363222256419e-06 
4.348974925960647e-05 0.00010152009690500563 5.3717203400083235e-05 
7.966937550918374e-05 0.00041125047755485866 8.387345587834716e-05 
-5.7847089919960126e-05 0.00018115177954314277 9.942445285560098e-05 
-0.0002437765069771558 -0.0009202801156789064 0.000339748404257989 
-0.00012343011985649355 -0.0005956713621344534 0.00023711179119345616 
-1.4155407825455768e-05 -5.408744891610695e-05 1.8922669937637693e-05 
0.00040295920916832983 0.0010149489098694175 0.004174303394393064 
-0.00045690064143855125 0.001858932024333626 -0.00010065734386444092 
-0.0002882493572542444 0.0005763787194155157 -0.001797961536794901 
-0.00012969736417289823 0.00045628437874256633 -0.0003867167979478836 
-3.0220904591260478e-05 5.358779162634164e-06 6.333082637866028e-06 
-1.7574184312252328e-06 -3.876213122566696e-05 1.858823361544637e-05 
-3.253722866247699e-06 -8.33426634017087e-06 3.785564956615417e-06 
-6.332176099022035e-07 -2.3809724325474235e-07 2.010618857184454e-06 
1.6547116501897108e-05 4.656346845877124e-05 3.9126791307353415e-05 
0.00011520346197357867 0.0005920763533140416 0.00029322576051526994 
0.00018623352116264869 0.002192703905166127 0.00045913328358437866 
-1.5610117770847864e-05 0.0021520707523450255 3.034356632269919e-05 
-6.160841803648509e-05 0.00016656478692311794 6.211013078427641e-05 
-1.670287909405488e-05 -0.00016021638293750584 6.28173384029651e-05 
-3.830175472785413e-06 -1.3954798077975283e-05 7.415596883220132e-07 
0.0009000806021504104 0.0009668038692325354 0.004832860286114737 
-0.0008975478067441145 0.0012122413463657722 0.0019606835558079183 
-0.0011433236504672095 -0.0008535582455806434 0.0011698004673235118 
-0.00018307024038222153 8.920511027099565e-05 0.00021671957074431702 
-4.734412686957512e-05 -0.0003016504560946487 0.0001630672049941495 
-2.3542258986708475e-05 -0.0001546424476650543 7.014032803454029e-05 
-1.9311150481371442e-05 -3.864181564949831e-05 1.2231304481247207e-05 
-4.4237060592422495e-06 -4.515531145443674e-06 4.7025100684550125e-06 
1.207966124638915e-05 7.61430237616878e-05 5.6429918913636357e-05 
2.9097818696754985e-06 0.0006645836310781306 0.00034739151851681527 
-0.00017526772717246786 0.002108951739501208 0.0004904968627670314 
-0.00028505786394816823 0.001932356768520549 -2.5415081836399622e-05 
-6.628709070355399e-05 0.00034770212732837535 -4.520770380622707e-05 
8.055500757109257e-06 -3.203892970304878e-05 1.3881555787520483e-05 
1.684791214984216e-06 -7.353549904109968e-06 1.731334236865223e-06 
0.000691035995259881 0.0004439543408807367 0.002912626718170941 
-0.0005787436966784298 0.0010011557897087187 0.0006339040119200945 
2.3284315830096602e-05 0.00019858183804899454 0.0014103531721048057 
0.0015601944760419428 0.0015905171167105436 -0.00014146766625344753 
0.0008973462972790003 0.0005674401763826609 -0.0003023876924999058 
0.00031494267750531435 0.00031326981843449175 -0.0001670011697569862 
4.413333226693794e-05 3.656522312667221e-05 -4.5437180233420804e-05 
6.849426608823705e-05 4.480095367398462e-05 -1.5849780254484358e-05 
7.797612670401577e-05 9.25762542465236e-05 1.4503800002785283e-05 
2.148024282178085e-05 0.00019971252822870156 0.00012074840014975052 
7.323686077143066e-06 0.0005728318792534992 0.00016834206326166168 
3.4460535971447825e-05 0.0006121419137343764 -1.2151427654316649e-05 
4.5906654122518376e-05 0.00013963801029603928 -4.555315899779089e-05 
1.1997419278486632e-05 -2.6120228540094104e-05 6.66781488689594e-06 
8.577717380831018e-07 -6.794966452616791e-06 3.33880143443821e-06 
4.4862041249871254e-05 -0.00015752261970192194 0.0012133884010836482 
0.0012419766280800104 -0.00015785032883286476 -0.0009557018056511879 
0.001582204713486135 0.0034214177867397666 -0.0006026467308402061 
0.002512842300347984 0.005546628730371594 -0.0014712036354467273 
0.0019238714594393969 0.004014060599729419 -0.001884382450953126 
0.0009424426825717092 0.0022286659805104136 -0.001150893687736243 
0.0001889604318421334 0.00033272721339017153 -0.0002950626512756571 
0.00010754703544080257 -0.000196617838810198 -5.064493598183617e-05 
0.0001024368430080358 -0.00022553651251655538 4.325336794863688e-05 
2.708821921260096e-05 -4.6214074245654047e-05 8.314897149830358e-05 
0.00011583436571527272 0.0005231520335655659 9.016283593155094e-05 
0.00012357924424577504 0.0007228950853459537 -8.13371516414918e-05 
5.32236517756246e-05 0.00031400522857438773 -0.00013438687892630696 
6.990818292251788e-06 1.4413963072001934e-05 -1.7126687453128397e-05 
-9.683435564511456e-08 -4.9459074489277555e-06 3.0146818517096108e-06 
-0.0004637337988242507 4.65699122287333e-05 0.0007585674175061285 
0.0008704049978405237 -0.0003435536054894328 -0.0007707967888563871 
0.0011808376293629408 0.0013857978919986635 -0.0008382278028875589 
0.0011131145292893052 0.0021027852781116962 -0.0005735965678468347 
0.00048094644444063306 0.0020830624271184206 -0.0010420253966003656 
0.00037758180405944586 0.0011430410668253899 -0.0008476543007418513 
7.783409091643989e-05 -0.0002500764894648455 -0.00023732972476864234 
-5.981473077554256e-05 -0.0008818582400635933 9.71348345046863e-06 
-1.1518204701133072e-06 -0.0009145713556790724 0.00017327188834315166 
-4.295827602618374e-05 -0.00041592913839849643 0.00010322154253117333 
3.014728099515196e-05 1.0053649020846933e-05 9.277069625568402e-05 
8.807193080428988e-05 1.3824796042172238e-05 6.040393782313913e-05 
4.606754555425141e-05 1.9627914298325777e-05 -1.0054318408947438e-06 
9.02961164683802e-06 -1.1739462934201583e-05 7.30924784875242e-06 
3.397393442128305e-07 -3.150772030835469e-06 2.887775167437212e-06 
-5.688150122296065e-05 5.756839527748525e-06 4.9284513806924224e-05 
3.34289507009089e-05 1.268164487555623e-05 -0.00012854128726758063 
0.0006310001481324434 -0.00017028884030878544 -0.00021649530390277505 
0.0012040234869346023 -0.0006639249331783503 -8.777860784903169e-05 
0.0004890008713118732 -0.00046810481580905616 -1.9492319552227855e-05 
0.0004100603691767901 -0.0008097538338915911 3.100962203461677e-06 
0.0001114681945182383 -0.0004177891678409651 -1.6446875179099152e-05 
-4.2250496335327625e-05 -0.0002484820142854005 3.6420460673980415e-05 
0.00012116118159610778 -0.0005836222262587398 0.00015863243970670737 
1.6665406292304397e-05 -0.00020032635075040162 7.150553210522048e-05 
-4.5310000587051036e-05 6.976376607781276e-05 2.7199367423236254e-05 
4.742858527606586e-05 -0.00010140098402189324 6.143638796629602e-05 
3.3263395835092524e-05 -5.026671510677261e-05 3.2373989597545005e-05 
5.983667733744369e-06 -8.869865951055544e-06 9.288809678764665e-06 
2.888808268153298e-07 -6.91366835781082e-07 1.2668581348407315e-06 
3.881302427544142e-05 -1.4622424259869149e-05 -2.808295175782405e-05 
6.465355545515195e-05 -2.2751217329641804e-05 -3.754636782105081e-05 
0.00015883560990914702 -6.789125473005697e-05 -3.220888174837455e-05 
0.00025811741943471134 -0.00011681348405545577 -3.694598126458004e-05 
0.0001107891439460218 -8.536244422430173e-05 -1.2688030437857378e-05 
0.00017717064474709332 -0.0002679430617718026 -6.82077825331362e-07 
1.5147816156968474e-05 -4.207900201436132e-05 -8.710016473401083e-06 
-0.00010118323552887887 7.720541907474399e-05 1.2295497072045691e-05 
4.5057582610752434e-05 -0.00016617563960608095 5.9956515542580746e-05 
1.2123107808292843e-05 -5.7166926126228645e-05 3.362469522016909e-05 
-5.4163363529369235e-05 8.255055581685156e-05 -1.0012539405579446e-05 
-7.033165275061037e-06 1.3796681741951033e-05 5.202684008054348e-07 
4.387080508649888e-06 -1.5570321920677088e-08 3.0582233137010917e-06 
8.282198677989072e-07 9.286383146900334e-07 9.315776168250522e-07 
5.7992080026991744e-08 1.1922685949627976e-07 1.6182792350605268e-07 
-0.0007841657061362639 0.00010793314777401974 -9.15805867407471e-06 
-0.0015235127648338675 0.00047422551142517477 -0.0007074064124026336 
-0.00023986170890566427 0.00020437861530808732 -0.0005969291269138921 
2.2457166778622195e-05 6.442213589252788e-06 -7.505041139665991e-05 
-6.420576141863421e-06 -4.6288107000691525e-06 3.12406382363406e-06 
-1.3776280454180778e-06 -1.673354233844293e-06 1.2301659246816143e-06 
-2.0358556618305101e-07 -2.6492267224398347e-07 1.8539647106408097e-07 
-2.3041651031618926e-07 -1.5898996252872166e-07 -3.764243245996113e-07 
-1.9446318475502267e-06 -1.300954721727976e-06 -3.4620657629602647e-06 
-3.788928893300181e-06 -3.6182473195367493e-07 -1.0091661692968046e-05 
-0.00010636158731358591 -6.664585453108884e-05 -7.845295749575598e-05 
-0.0006547631055582315 -0.0009760022949194536 1.1102747521363199e-07 
-0.0016307084588333964 -0.0038228262565098703 0.0006216612018761225 
-0.000657681972370483 -0.0028908378444612026 0.0005631779931718484 
2.719428448472172e-05 -0.00035768481029663235 -7.028397158137523e-05 
-0.0011417116620577872 -2.318332190043293e-05 0.0007030954002402723 
-0.0022426641080528498 0.0008985214517451823 -0.00132137538457755 
-2.5104545784415677e-05 0.0006178067997097969 -0.0015250438591465354 
-0.00016807462088763714 0.0003089953097514808 -0.000218567138290382 
-7.962795416460722e-05 5.9561727539403364e-05 -1.6580383089603856e-05 
8.417605386057403e-07 -1.756431538524339e-05 5.529735290110693e-06 
-1.731515567371389e-06 -6.361632358675706e-06 3.5159455364919268e-06 
1.4723280514772341e-06 5.873598922789824e-07 1.895949402808128e-06 
3.947710251850367e-05 3.970941065745137e-05 4.5849206571801915e-05 
0.0002332693838980049 0.00045164471885073 0.0002757516467681853 
-2.1136972009117017e-05 0.0011689838793245144 -9.628201587474905e-05 
-0.0009322729310952127 -0.00042912078788504004 -0.00023490046442020684 
-0.0016326544573530555 -0.005301708260958549 0.0012852634317823686 
-0.0006930489762453362 -0.003505610686261207 0.0009945479177986272 
-4.509866266744211e-05 -0.00026664377946872264 -0.00012864180098404177 
0.00036566632479662076 -0.0007044802187010646 0.002192240732256323 
-9.805738227441907e-05 -0.00024070008657872677 0.0013026079286646564 
-0.001061753777321428 0.001001068390905857 0.0006668290589004755 
-0.001776236604200676 0.002037961850874126 -0.00022819556761533022 
-0.00019654426432680339 0.0005224782507866621 -0.00031184658291749656 
8.029211676330306e-05 -0.00015957195137161762 -1.2392298231134191e-05 
-4.2400838538014796e-05 -9.052623147454142e-05 3.512612920530955e-05 
-2.2510354938276578e-05 -7.995428696006002e-06 3.441969511186471e-05 
0.0001584081674081972 0.0003151275195705239 0.00035150188341503963 
0.0006959498387004714 0.002758870046818629 0.0017321153864031658 
0.0005663792544510216 0.007425206713378429 0.001611552965187002 
-0.0001630843871680554 0.006186405895277858 -0.0001561940589454025 
-3.936560096917674e-05 -0.000517814711201936 0.0003487393551040441 
5.439549568109214e-06 -0.0008806998375803232 0.00013763511014985852 
-4.401501598749746e-05 9.853318442765158e-05 -0.0001926544246089179 
0.0014443947293329984 -0.00163034547585994 0.004245785647071898 
5.561258876696229e-05 -0.0006994991563260555 0.003008105617482215 
-0.0017894417433126364 -0.00011347932741045952 0.002213055035099387 
-0.0023678239158471115 0.0009428798221051693 0.0004337581340223551 
-0.001040459523210302 -0.0015073693357408047 0.0006189567502588034 
-0.00025162896963593084 -0.0009238528218702413 0.00027420828700996935 
-0.0003287568615633063 -0.00039957594708539546 0.0001470648276153952 
-0.00021329643823264632 -0.00010990350529027637 0.00014224989354261197 
0.00010627647861838341 0.0005752604192821309 0.0006349205796141177 
0.00034520166809670627 0.003070474660489708 0.0023645941982977092 
-0.00015951652312651277 0.006663254462182522 0.002564773050835356 
-0.00035585489240475 0.005324815341737121 0.00033977412385866046 
0.0003313293418614194 0.0002174492910853587 0.00014066780568100512 
0.00021357546211220324 -0.0004250210477039218 7.749869837425649e-05 
3.5538221254682867e-06 3.320038740639575e-05 -6.648397175013088e-05 
0.0003523477353155613 0.0007861759004299529 0.002307429036591202 
-0.0009575794101692736 0.0022407545475289226 0.00039587875517099747 
-0.0008873620245140046 -4.278251435607672e-05 0.0015875656390562654 
-0.00011777420877479017 -0.0018210487978649326 0.0014709399474668317 
6.187742110341787e-05 -0.0032758625166025013 0.0014373764570336789 
0.0008606891497038305 0.00019133673049509525 -0.0002766943071037531 
2.906964800786227e-05 -0.00011403158714529127 -0.00020388488337630406 
0.0003613760527514387 0.0004032647848362103 -8.158471246133558e-06 
0.0005376961762522114 0.0009148377284873277 0.00024802086409181356 
0.00023440466247848235 0.0009034141257870942 0.0009631970651753363 
0.0005067981983302161 0.0014695096760988235 0.0012926036652061157 
0.000935829128138721 0.0024292990565299988 8.745054947212338e-05 
0.000721206350135617 0.0013250097399577498 -0.0007973848842084408 
0.0001565945458423812 0.0002273236750625074 -0.00031870167003944516 
2.096507614623988e-06 3.759963146876544e-05 -4.212472231301945e-05 
-0.000654387753456831 0.0019886240479536355 0.0002755775349214673 
0.000334365526214242 0.002564870985224843 -0.002083284198306501 
0.0005096748936921358 0.0015939281147439033 -0.0005319093470461667 
0.0012585886288434267 0.000729390187188983 9.782915003597736e-05 
0.001989543088711798 0.0013065566308796406 -0.000927889603190124 
0.0023542221169918776 0.003628943581134081 -0.002358198049478233 
0.000650878413580358 0.00037036341382190585 -0.0011380802025087178 
0.0010121894010808319 -0.00023488618899136782 -0.0003183770313626155 
0.0009622398247302044 -0.0005579620192293078 0.00015414715016959235 
0.0002053185125987511 -0.0003400984132895246 0.0004823709969059564 
0.000660588062601164 0.0021470009814947844 0.0006751723121851683 
0.0008474674250464886 0.0038438120391219854 -0.00062030233675614 
0.0005297042371239513 0.0029165062587708235 -0.001738482154905796 
0.00010404674685560167 0.000730750267393887 -0.0006976581353228539 
-4.030780473840423e-07 4.632923082681373e-05 -5.48387470189482e-05 
-0.0005529678892344236 0.0005101824644953012 0.0005419381195679307 
0.0013042378704994917 0.0003380560374353081 -0.0018003969453275204 
0.0019166574347764254 -0.0003723302506841719 -0.0012188921682536602 
0.0018191561102867126 -0.0009169210097752512 -9.280384983867407e-05 
0.001033031614497304 -0.0002065659500658512 -0.0005688131786882877 
0.0012978320010006428 7.274339441210032e-05 -0.0013416651636362076 
0.0004157463554292917 -0.0021262489608488977 -0.0007217524034786038 
0.00011097907554358244 -0.0038058016943978146 6.431840665754862e-05 
0.00030646321829408407 -0.004720447992440313 0.0008606197952758521 
-0.00011853010801132768 -0.0023633684031665325 0.000536405059392564 
0.00039404379640473053 -0.0007753632380627096 0.0007319706928683445 
0.0011903534359589685 -0.001614464446902275 0.0008473719062749296 
0.0008424951920460444 -0.0006944362976355478 0.00014307699166238308 
0.000169073414781451 -5.443366535473615e-05 -0.00011032707698177546 
5.377812613005517e-07 1.1846042070828844e-05 -2.4636681700940244e-05 
-0.00013593686162494123 2.171725282096304e-05 9.432013030163944e-05 
-7.732072845101357e-06 -0.00022551414440385997 -0.00011515035293996334 
0.0013002760242670774 -0.001246799947693944 -0.00012559315655380487 
0.003068972611799836 -0.0021422025747597218 -0.00014073034981265664 
0.0022510155104100704 -0.0024327890714630485 6.0719321481883526e-05 
0.0024764740373939276 -0.004057992249727249 0.00010614738130243495 
0.0010663954308256507 -0.0026261514285579324 -8.668032114655944e-05 
0.0001531951711513102 -0.002025901689194143 0.00021983087935950607 
0.0009153314167633653 -0.0038257890846580267 0.000897494493983686 
-4.631422052625567e-05 -0.0008124530431814492 0.00033407367300242186 
-0.0005033413908677176 0.0006474545516539365 0.00013637963820656296 
0.0007314227041206323 -0.0017531535995658487 0.0007796017889631912 
0.0006729230590281077 -0.0012379718682495877 0.000577901941142045 
0.00014122081483947113 -0.00022983611961535644 0.0001289911887170092 
4.185265424894169e-06 -5.550463271219996e-06 5.0351787876934395e-06 
4.6308705350384116e-05 -9.831306442720233e-06 -3.720921540661948e-05 
-1.9494909793138504e-05 -5.859762677573599e-05 2.5059205654542893e-05 
1.3160111848264933e-05 -0.00024393874628003687 0.00013009078975301236 
0.0003046316560357809 -0.0003398088156245649 3.2322510378435254e-05 
7.984822150319815e-05 -0.00043831014772877097 3.2084673875942826e-05 
0.0005417182110249996 -0.0012292871251702309 3.4591492294566706e-05 
-0.0003599817064241506 -0.0002357414923608303 5.570473149418831e-07 
-0.0012080613523721695 0.00037844956386834383 2.3654331016587093e-05 
-0.0002199355512857437 -0.0009802418062463403 0.00029927841387689114 
-0.0006869553471915424 0.0002077337703667581 0.00011685385652526747 
-0.0012201015051687136 0.0013157777284504846 -0.00033666961098788306 
-0.00029559616814367473 0.00019754871789245954 -9.646078433434013e-05 
4.597608858603053e-05 -9.584286954122945e-05 4.524027644947637e-05 
1.7283595298067667e-05 -1.6360082327082637e-05 1.6590206087130355e-05 
1.2374676430226828e-06 7.070408969411801e-08 2.1032321910752216e-06 
-9.075882553588599e-05 2.5237865429517115e-05 -6.424847015296109e-06 
-0.0001776904027792625 8.539998998458032e-05 -0.00011108175363006012 
-1.1960511528741335e-05 3.0141947718220763e-05 -0.00010589716248432524 
-8.724762494694005e-06 6.551469596161041e-06 -1.2088516996300314e-05 
-7.9490961297779e-06 9.929318594004144e-07 1.987696464311739e-06 
-1.4555841687524662e-06 -1.1675228535068527e-06 1.0959011333966373e-06 
-2.49458427248328e-07 -3.876665815027991e-07 2.996141379441042e-07 
-7.678310112169129e-07 -1.1519827580741548e-07 -1.3597814074728376e-06 
-7.471734534192365e-06 -8.642630291433306e-07 -1.2184529168735025e-05 
2.698227035580203e-06 -9.17478746487177e-06 -2.4673467123648152e-05 
-0.00019453916229394963 -0.00017654485554885468 -0.00021719302458222955 
-0.00109580421121791 -0.0008415068805334158 -0.0004500130671658553 
-0.0017146369209513068 -0.0029169273329898715 -0.0007461647037416697 
0.0007912233122624457 -0.002507882018107921 -0.0017810838908189908 
0.0007684581214562058 -0.00023370256531052291 -0.001340207105386071 
-0.00013813844316246104 3.668767567432951e-05 4.912901931675151e-05 
-0.00018200434351456352 0.00010436077718622983 -0.00020985685114283115 
-7.627257105013996e-05 9.25757922232151e-06 -0.00013487384421750903 
-0.0004290302240406163 0.00022773095406591892 -1.3634868082590401e-05 
-7.885413651820272e-05 0.00011130316852359101 -6.112208575359546e-05 
3.12637721435749e-05 -2.4691737053217366e-05 -8.64081630425062e-06 
1.9883952973032137e-06 -1.6246211998804938e-05 7.89683792845608e-06 
1.0097415838572488e-05 5.430328769762127e-06 1.2589144034791389e-05 
0.0001762702886480838 8.999079000204802e-05 0.00017576615209691226 
0.0005907605227548629 0.00048739140220277477 0.0005813468305859715 
-0.0006300198729149997 0.0003161209460813552 -0.0010048670810647309 
-0.0022810677292000037 -0.0011805217218352482 -0.001700843044091016 
-0.0021641041385009885 -0.0039682952519797254 -0.00012778716336470097 
-9.454519022256136e-05 -0.0020760117331519723 -0.0013114193479850655 
0.0004388088782434352 0.0006655411270912737 -0.0018005556994467042 
0.00020587985636666417 -0.0003023448516614735 0.0004798393929377198 
0.0004749658110085875 -0.0008562792791053653 0.0007965683471411467 
-0.0009544867498334497 -0.00046555139124393463 0.0009171322453767061 
-0.0023502990079578012 0.0015514797996729612 -0.00027871725615113974 
-0.0001579860836500302 0.0007145323324948549 -0.0007177782827056944 
0.00024774499001978256 -0.0004291032673791051 -0.0001511281298007816 
-0.00025190994165313896 -0.00031238859810400754 0.00014678030493087135 
-0.00025754685680112743 -3.327150443510618e-05 0.00022679998346575303 
0.0008235338355007116 0.0007554612020612694 0.0013097443916194607 
0.0017301116313319653 0.0030981185554992408 0.0031834589535719715 
9.114021668210626e-05 0.00392580333573278 0.0007929606072138995 
-0.00016028311074478552 0.0013211192563176155 -0.0003816703501797747 
0.0009952774707926437 -0.0026910435408353806 0.0008492549532093108 
0.0003873961395584047 -0.0005487780435942113 -0.0006476373855548445 
-0.00016221565056184772 0.0015626370441168547 -0.0014767060056328773 
0.00047760800225660205 -0.0006539336172863841 0.0012171710841357708 
0.000679130433127284 -0.0016108360141515732 0.0016654361970722675 
-0.0004909319104626775 -0.002086397260427475 0.001325756311416626 
-0.002880326865124516 0.0009162761270999908 -0.0003836667165160179 
-0.0018316623936698306 -0.000721281860023737 -0.0004148181760683656 
-0.0011831670708488673 -0.0016033099964261055 5.467451410368085e-05 
-0.0022969390665821265 -0.0013807637078571133 0.0007898166732047684 
-0.0026675608423829544 -0.0009872273658402264 0.001037051435559988 
-0.0004327413917053491 0.0006012503581587225 0.0022199237428139895 
0.0013840547180734575 0.003022490069270134 0.004209645907394588 
0.0007690791389904916 0.0019354209653101861 0.002866508555598557 
0.0016725876994314604 -0.0014934297651052475 0.0022375579574145377 
0.002589963376522064 -0.005478589329868555 0.002199460403062403 
0.000976760871708393 -0.0018977036233991385 0.00014855401241220534 
-0.00017793318329495378 0.00123708086903207 -0.0010072698642034084 
-0.0002825165574904531 0.0015898955753073096 -0.00024136296997312456 
-0.0007769682561047375 0.001451049349270761 -0.00022777871345169842 
-0.0005144657334312797 -0.002457435242831707 0.0010778086725622416 
-0.0014862803218420595 -0.0031491259578615427 0.001050024526193738 
-0.002031963609624654 -0.003403307346161455 0.000984438695013523 
-0.0010275494423694909 -0.0007650433981325477 -0.00015292659008991905 
-0.002374244562815875 -0.0013990059960633516 0.00046925488277338445 
-0.0028553379233926535 -0.0009983641793951392 0.0009528313239570707 
-0.0016680894477758557 -0.00016246324958046898 0.0009492042881902307 
-0.00016742449952289462 -3.2125390134751797e-06 0.0014681776228826493 
0.000718889514246257 -0.0016194421332329512 0.0018397302119410597 
0.0016531303408555686 -0.0018320106901228428 0.001402488851454109 
0.00170471358433133 -0.000991896027699113 -0.000999673968181014 
0.0004130231900489889 0.0008424518164247274 -0.0016702520661056042 
-0.00010882444985327311 0.0008638696135676582 -0.0006031448883732082 
-0.0004296763800084591 0.0028913788846693933 -0.001530097477370873 
-0.0005002872785553336 0.00417208974249661 -0.0026299993187421933 
-0.0005200596060603857 3.591575659811497e-05 -0.0002963418955914676 
-0.0005670284735970199 -0.0018152552656829357 0.0006662976957159117 
-0.0003857612027786672 -0.0009760635068687407 0.00011156584741911502 
0.00046364276204258204 0.0005735779413953424 -0.0008942945278249681 
-0.00043797813123092055 -0.0011789265199695365 -0.0005570225803239737 
0.00044373064883984625 0.00013964850222691894 -0.00018863140576286241 
0.0006076482532080263 3.667027340270579e-05 7.675614324398339e-05 
-6.459777796408162e-05 -0.0007236740784719586 0.0004223026189720258 
0.0004341974563430995 4.862365312874317e-05 0.0009599339646229055 
0.0008542234427295625 0.0012037325650453568 -0.00018492003437131643 
0.0007215188816189766 0.0030773181933909655 -0.003566168015822768 
-3.388860204722732e-05 0.0026076461654156446 -0.0034086134983226657 
-8.218144284910522e-05 0.0005352988737286068 -0.0006152841888251714 
-0.00014923419803380966 0.001139310232247226 -0.0005489718751050532 
0.0001612784108147025 0.002389321380178444 -0.0019636761862784624 
-0.00018415972590446472 -3.0062517907936126e-05 -0.0004689613124355674 
0.0003433719975873828 -0.0013991057003295282 0.0003863551246467978 
0.00047855975572019815 -0.0006635683894273825 -2.5258275854866952e-05 
0.0005383536918088794 -0.0007575258191536705 -0.00033833902853075415 
-2.3550092009827495e-05 -0.0020848236163146794 -0.00030954679095884785 
0.00010021502384915948 -0.0024521317682228982 4.353308759164065e-05 
0.0003359065449330956 -0.003651509527117014 0.0006839505222160369 
-0.00018608827667776495 -0.002197151057771407 0.0005174843427084852 
0.0005885563150513917 -0.002181074465624988 0.0011436822678660974 
0.002565472503192723 -0.005501751555129886 0.0021901881555095315 
0.002291230921400711 -0.003704165923409164 0.00048214930575340986 
6.31403163424693e-05 0.00045176991261541843 -0.0020231337402947247 
-0.0002010040989262052 0.0004228410348332545 -0.0007194380050350446 
-9.192487050313503e-05 9.312262091043522e-05 -1.2037315173074603e-05 
-0.0006085280911065638 -0.0001505895343143493 0.0002196342684328556 
-0.0010878422763198614 -0.0016438088496215641 0.0010744647588580847 
0.0010244736913591623 -0.0017351296191918664 0.0002951844362542033 
0.0019024561624974012 -0.000979384407401085 -0.00040894513949751854 
0.001739733386784792 -0.002119770389981568 -6.2988416175358e-05 
0.00044529387378133833 -0.0018142961198464036 -2.404699716862524e-05 
-0.00024012720678001642 -0.0015131516847759485 0.00019454231369309127 
0.0008207409227907192 -0.003332804306410253 0.000865884852828458 
-0.001308355771470815 -0.00011238543083891273 0.00026733097911346704 
-0.0024620665062684566 0.001079137611668557 -0.0002015359277720563 
0.0007056962931528687 -0.004331985488533974 0.0014208431603037752 
0.0015250421638484113 -0.004234011983498931 0.001348786402559199 
0.00018305753474123776 -0.0006552549148182152 -0.0002792046361719258 
-7.592619112983812e-05 9.23092375160195e-05 -0.00020394995635797386 
1.86699689948e-05 1.662068598307087e-06 -2.005983787967125e-05 
-0.0001897962938528508 -0.00011839455873996485 0.000137439292302588 
-0.0007277271943166852 -0.0005021817596571054 0.0004990937886759639 
-0.0005596366245299578 -0.00035849984851665795 0.00022847828222438693 
-0.001126263290643692 0.0003111212281510234 5.222356412559748e-05 
-0.0019093661976512522 0.00029317953158169985 0.00032258397550322115 
-0.003537385258823633 0.0008437601572950371 0.0003879913128912449 
-0.003953138366341591 0.001463765511289239 -5.203892942517996e-05 
-0.0017783825751394033 0.00026665173936635256 0.00012777949632436503 
-0.004665494081564248 0.001924991956911981 -0.00014751090202480555 
-0.006893133977428079 0.0036969530337955803 -0.00172517987084575 
-0.003455867867160123 0.001132886426148616 -0.0012195062572573079 
-0.0008980749735201243 -0.0001683655248143623 -0.0003539854988048319 
-0.00013725829558097757 -3.313310480734799e-05 -0.00012384646470309235 
-1.1230025165787083e-05 7.799798822816228e-06 -1.57401541400759e-05 
-2.663755083176511e-06 2.7552904811045664e-06 -8.925553061089886e-07 
-5.756634436693275e-06 8.599249369467543e-06 -6.07563220000884e-06 
-4.569840655221924e-06 1.0536587708998013e-05 -6.949381770482432e-06 
-5.798669747036911e-06 7.934135510367923e-06 -1.9456341533441446e-06 
-2.3805408204680134e-06 2.635242807969007e-06 -2.174936071241973e-07 
-4.290909920712238e-07 1.7453960055036077e-07 2.0507595266394674e-07 
6.019932996537136e-08 -7.401627311054426e-08 1.1491418261400099e-07 
-9.042173587658908e-07 4.5554929606339556e-07 -2.008588353419327e-06 
-1.177090780402068e-05 3.491638494779181e-06 -1.8419334082864225e-05 
6.482883327407762e-05 -2.1018653569626622e-05 2.0105100702494383e-05 
0.00024552315881010145 -0.00014760781778022647 6.918306462466717e-05 
-0.00020072210463695228 -0.00010999892401741818 -0.00012106992653571069 
-0.00022880674805492163 -8.562630682718009e-05 -0.0013163437397452071 
0.00218975666211918 -0.0007344390323851258 -0.002929527807282284 
0.001322835887549445 -0.00024447804207738955 -0.0017114514630520716 
-9.030851458646794e-06 1.9167061282132636e-05 -6.8516837927745655e-06 
-1.7527234376757406e-05 4.866436938755214e-05 -3.060275003008428e-05 
-6.498723814729601e-05 8.201902164728381e-05 -3.27291309076827e-05 
-0.00010715395819715923 0.0001115360064432025 -3.0456703825620934e-05 
-9.463417882216163e-06 4.643745160137769e-05 -2.898343427659711e-05 
2.2591806555283256e-05 -8.839573638397269e-06 -6.418346401915187e-06 
7.227778041851707e-06 -4.180050837021554e-06 6.97721199571788e-06 
3.0219923246477265e-05 2.0545945517369546e-05 2.3032858734950423e-05 
0.0004126369167352095 8.039665590331424e-05 0.00030119423172436655 
0.0013592946925200522 -6.824970478191972e-05 0.001084162329789251 
0.00085885648149997 -0.000385231280233711 3.083993215113878e-05 
-0.0009845244931057096 -8.390353468712419e-05 -0.0011395115870982409 
-0.0006054984623915516 -0.00032947582758424687 -0.0012289115111343563 
0.001786881904990878 -0.00038675841642543674 -0.002289071519044228 
0.0014918600827513728 0.0005305799713823944 -0.002080335281789303 
-4.113238901481964e-06 3.2486164855072275e-05 3.940091119147837e-06 
3.91357607441023e-05 -3.517116419970989e-05 2.2793850803282112e-05 
-0.00012907951895613223 -5.243747727945447e-05 2.232345286756754e-05 
-0.000406603157898644 0.00045922782737761736 -0.00020798860350623727 
8.326539682457224e-05 0.0002484698488842696 -0.0003261188539909199 
0.00013171695172786713 -0.0001276198890991509 -0.00011638661089818925 
-0.0003523420982673997 4.0589720811112784e-05 0.00014274800287239486 
-0.000569502870348515 0.0003407232143217698 0.0002673365015652962 
0.002215811240603216 0.0011163800809299573 0.001973638864001259 
0.0038278825813904405 0.0014752554561709985 0.0037357406690716743 
0.0007300891447812319 0.0003742949920706451 0.000552862067706883 
-0.00019850966054946184 -0.00048386396701971535 -0.0005198787257540971 
0.0008336741448147222 -0.0017885782290250063 0.00037116105522727594 
0.0005131870057084598 6.277093780227005e-05 -0.0003366273595020175 
0.0001504708343418315 0.0023559409892186522 -0.0020329325925558805 
1.2909476936329156e-06 9.239025530405343e-06 5.7411103625781834e-05 
0.00020374292216729373 -0.0005913270870223641 0.0002682612102944404 
0.00037479796446859837 -0.0014536826638504863 0.0003373176441527903 
-0.0003773650823859498 6.543239578604698e-05 -0.00036880612606182694 
-0.0005033874185755849 0.00045428192242980003 -0.0007366461504716426 
-0.0011141512804897502 0.0004801223549293354 -0.000361107406206429 
-0.003401027075597085 0.0010411503171781078 0.0006559083922184072 
-0.00616332795470953 0.0011237162980251014 0.0006546786607941613 
-0.0012840322160627693 0.0017432083550374955 0.0015992078406270593 
0.002549650438595563 0.002617150661535561 0.0029124357679393142 
0.00043726041621994227 0.0003981234913226217 0.0006636532125412486 
0.0010490684071555734 -0.002420286211417988 0.0011319861805532128 
0.0018691853329073638 -0.0049514592392370105 0.0015644545783288777 
0.0006068877628422342 -0.000816112820757553 -0.00015770402387715876 
-0.0003710153978317976 0.00317032280145213 -0.0023683059262111783 
-9.335025606560521e-05 0.0002367727574892342 -7.89556979725603e-05 
-4.038558108732104e-05 -0.000657661585137248 0.0002716027374844998 
0.00037717237137258053 -0.00316430302336812 0.0009362055570818484 
-0.00010822521289810538 -0.002067053457722068 0.00017685070633888245 
-0.000683363792632008 -6.074842531234026e-05 -0.0005393163592088968 
-0.0015176227316260338 0.001514656119979918 -0.00042362004660390085 
-0.0040719609532970935 0.0019157758451910922 0.0006598450781893916 
-0.008327941060997546 0.002191322739236057 0.0001406500523444265 
-0.006036489270627499 0.001000123971607536 -0.0010971911251544952 
-0.000941855541896075 0.0008202587196137756 -0.00023492478067055345 
7.944711251184344e-05 -0.00034733430948108435 0.00017425263649784029 
0.000494592561153695 -0.0021155081049073488 0.0008149981731548905 
0.0007702903967583552 -0.002533488906919956 -1.7273297999054193e-05 
0.00038915532786631957 0.0003398132394067943 -0.0004576289575197734 
-3.722339170053601e-05 0.0014003635151311755 -2.9729213565587997e-05 
-9.614416921976954e-05 0.0005285784136503935 -0.00030062651421758346 
-0.00018270706641487777 0.00047643104335293174 -0.00036569223448168486 
-8.364644600078464e-05 -0.002095567062497139 0.0006759432144463062 
-0.0002027148730121553 -0.0017525269649922848 0.0004087015986442566 
-0.0003378485853318125 0.00116447958862409 -0.0005207083595450968 
-0.00016009272076189518 0.0016636340878903866 -0.00027123581094201654 
-0.0007002218535490101 0.0005769687850261107 0.0003318266390124336 
-0.0020675966807175428 0.003077336645219475 -0.0007329947220569011 
-0.001812861766666174 0.0024759058724157512 -0.0013249824587546755 
-0.0005387411511037499 0.0005230962851783261 -0.00044412934221327305 
-3.098109573329566e-05 -0.0001885867677628994 8.652146789245307e-05 
6.43312741885893e-05 -0.0006765711586922407 0.00011267862282693386 
-2.8474212740547955e-05 0.0007146941497921944 -0.00204096338711679 
-0.0005762629734817892 0.002336760051548481 -0.003408572269108845 
-0.0004119014711250202 0.0006355211371555924 -0.0007028670734143816 
-2.5914778234437108e-05 0.00032061844831332564 -0.00019115328177576885 
-0.00018034165259450674 0.0006634073288296349 -0.000431870183092542 
-0.0005654052802128717 -0.0009900595541694202 0.000447381884441711 
-0.00018230357090942562 -0.001593028602655977 0.0007358596412814222 
0.00031113342265598476 0.00041366198274772614 0.00018678214109968394 
0.0005889004169148393 0.001196046156110242 0.00025583163369446993 
0.0005448891133710276 -0.0003894160035997629 0.0005359433707781136 
0.0002349150599911809 0.0009448033524677157 -0.00022580541553907096 
9.955970745068043e-05 0.0007030476699583232 -0.00042975648102583364 
-0.0001620152615942061 -0.00021483837917912751 -4.751984670292586e-05 
-0.00013755042527918704 -0.0008660963794682175 0.0002480426919646561 
0.00038799118556198664 -0.002408886677585542 0.0006524848067783751 
0.0001706031271169195 -0.0008322330249939114 -0.0015107250364962965 
-0.0016702288412488997 0.0033644114737398922 -0.005843320642497929 
-0.0011877925135195255 0.0015313137555494905 -0.0027183346392121166 
-9.760975444805808e-06 4.489292041398585e-05 -3.0103212338872254e-05 
-0.00030468842305708677 -0.00013924150698585436 0.0001533832255518064 
-0.0009906112063617911 -0.001211410155519843 0.0008468537635053508 
0.0002991503570228815 -0.000695014190114307 0.00019541886285878718 
0.0017336836317554116 0.0018677403568290174 -0.0007860343866923358 
0.0011348490079399198 0.0026910038432106376 -6.437561387429014e-05 
-0.00012949318806931842 0.0006937766447663307 0.0005653875123243779 
3.7520003388635814e-05 0.0004902950022369623 0.0002074546937365085 
0.0010732314112829044 0.00032535300124436617 8.841589442454278e-05 
-0.0016956328254309483 -3.513181582093239e-06 5.589565262198448e-05 
-0.004465241236175643 -0.0002577844061306678 -0.0006868931795906974 
-0.003965872383560054 -0.0022096600150689483 -0.000860685500811087 
-0.0023135398514568806 -0.0018171014671679586 -0.001474923948990181 
-0.001087757176719606 0.0011184437207703013 -0.0025553249756740115 
-0.0003977667656727135 0.0005727635434595868 -0.0009096940630115569 
7.740648356957536e-06 3.6420494211597543e-06 -8.737009920878336e-06 
-6.786089716115384e-05 -6.515109726024093e-05 5.234777063378715e-05 
-0.0003688048745971173 -0.000318059217534028 0.00025062463828362525 
-5.550403147935867e-05 0.00019323704327689484 -0.0001069634745363146 
9.844958549365401e-05 0.0022535520256496966 -0.0006163988437037915 
-0.0010402505286037922 0.003824399085715413 -7.192054181359708e-05 
-0.0026725318166427314 0.0026142908754991367 0.00043410679791122675 
-0.0007799589075148106 0.0023861318186391145 1.990393502637744e-05 
0.002176338200115424 0.0027067940682172775 -1.0314537576050498e-05 
-0.004508782585617155 0.0014986056776251644 -1.3971383395983139e-05 
-0.011089296007412486 0.0011760602401409415 -0.0019314876917633228 
-0.009176619350910187 0.0006418525808840059 -0.0028648085572058335 
-0.004309378644393291 -8.810209692455828e-06 -0.0019741283631447004 
-0.0008249904931290075 0.00015054191953822738 -0.0007194028512458317 
-5.350433934836474e-05 4.6433046918537e-05 -8.123554528083332e-05 
-8.891526204202194e-08 2.2644433039786804e-07 -6.940577490510691e-08 
-3.440364189088996e-07 9.457866774198465e-07 -3.1232734265529416e-07 
-6.140177424285298e-07 1.6784151242177359e-06 -5.083885722956261e-07 
-5.676171834778643e-07 1.4136920789553642e-06 -3.6560350658021434e-07 
-2.9246345256694894e-07 7.016264920167714e-07 -1.5319319324191838e-07 
-7.270023155703242e-08 1.9683313823293247e-07 -1.2330908516489103e-08 
7.149335345957297e-08 -5.957680182522296e-09 4.1157655061851983e-10 
-6.186103007621568e-07 3.9016839492589384e-07 -1.2583577131408674e-06 
-1.0477117029950023e-05 4.601716113938892e-06 -1.3810822110826848e-05 
2.6850357244256884e-05 -1.4989214832894504e-05 9.974799468182027e-06 
0.00020192324882373214 -9.235349716618657e-05 9.960912575479597e-05 
0.00018515164265409112 -0.0001258360207430087 1.7609523638384417e-05 
0.0008147130688485049 -0.0005650443217746215 -0.0002960062411148101 
0.001718809420708567 -0.0009537736768834293 -0.0008730164263397455 
0.0008581151050748304 -0.0003924001612176653 -0.0005450187672977336 
-8.964016444679146e-07 2.619533773895455e-06 -1.022502786440782e-06 
-3.5519891810054105e-06 1.1095600825683505e-05 -4.147820646949185e-06 
-7.776986706176103e-06 2.226209016953362e-05 -7.414760034407664e-06 
-8.838562024493513e-06 2.358476331210113e-05 -7.299596177290368e-06 
-2.6602516598472903e-06 1.3247263723314973e-05 -4.8272442256802606e-06 
1.9017653123398759e-06 3.44876718827436e-06 -9.923318771143386e-07 
2.4652202910147025e-06 1.5372810935332382e-06 1.6913665916717946e-06 
1.8849780644814018e-05 1.0862424005608773e-05 6.046559974492993e-06 
0.00025052921409951523 1.4068371001485502e-05 0.00012777500523952767 
0.0010088395210914314 -0.00040328994509764016 0.0007563600374851376 
0.0013309483183547854 -0.0009041185257956386 0.0008080883417278528 
-5.7248747907578945e-05 -7.340393494814634e-05 -0.0004070198046974838 
0.001331636682152748 -0.0009365988662466407 -0.00044450747463997686 
0.0032149521575774997 -0.001943901734193787 -0.0006968310917727649 
0.002049198839813471 -0.0007933976012282073 -0.0009669555583968759 
-3.950421557874506e-06 1.2007925306534162e-05 -4.584066441992718e-06 
-1.243892302227323e-05 4.4383644990375615e-05 -1.6579441592057265e-05 
-2.5808568352658767e-05 8.890459048416233e-05 -3.2615580039419e-05 
-3.6564914353220956e-05 0.00012282986335776513 -4.626089048542781e-05 
-1.6215676623687614e-06 7.82322813392966e-05 -4.522342965174175e-05 
-1.6918656911002472e-06 5.36270663360483e-05 -1.7929147816175828e-05 
-0.0001370101235806942 0.00011802075459854677 2.4746069527736836e-05 
-0.00026009628163592424 0.0003169914416503161 -1.8687745523493504e-05 
0.0014476662513516203 0.0007288043270818889 0.000645395673927851 
0.0026518310187384486 0.0007073861524986569 0.001622506941203028 
0.0013303874293342233 -0.000438969669630751 0.0007605673745274544 
-4.098081262782216e-05 -0.00023239557049237192 -0.0003887714701704681 
0.00034362170845270157 -0.0003407778567634523 -0.00014369747077580541 
0.0009565625878167339 -0.0007006926462054253 0.00045957486145198345 
0.0008165905965142883 0.0005250614485703409 -0.0005408215802162886 
-9.1767848289237e-06 2.528865888962173e-05 -8.78137404924928e-06 
-1.8147318087358144e-05 5.5676699048490264e-05 -2.089114877890097e-05 
-1.4274803561420413e-05 5.751862772740424e-05 -3.6770012229681015e-05 
-3.880092299368698e-05 0.00013904800289310515 -8.437531141680665e-05 
-3.0086648621363565e-05 0.00012830525338358711 -0.00011181001536897384 
-0.00026967920712195337 0.00043213844764977694 -7.75978605815908e-05 
-0.0012097797880414873 0.0009532249823678285 0.00011114868175354786 
-0.002839804452378303 0.0019527713302522898 -0.0004772399697685614 
-0.00031185339321382344 0.0029795728623867035 -0.0006789267063140869 
0.0012429297705693898 0.004790617851540446 -0.00076612489647232 
3.577701863832772e-05 0.0033458867110311985 -0.0013001917395740747 
0.000302329717669636 0.0002545418101362884 -0.00031723614665679634 
0.0002650611422723159 -0.0004731666049337946 1.4092642231844366e-05 
0.0001228906912729144 0.00019179220544174314 0.0008055073558352888 
-2.7451838832348585e-05 0.0012528790393844247 0.0006160421762615442 
-1.299441066748841e-05 2.9551374609582126e-05 -1.0143757322111924e-05 
-2.1149969597900053e-05 -3.982262569479644e-06 3.1220588425640017e-06 
2.64889131358359e-05 -0.00026214958052150905 7.230649498524144e-05 
3.556633600965142e-05 -0.0002658480661921203 1.350724051008001e-05 
1.6025593140511774e-05 1.961605448741466e-06 -9.330910324933939e-05 
-0.00033125867776107043 0.0005839840741828084 -1.6875550500117242e-05 
-0.0014416099911613856 0.0013154571643099189 0.00029838400951121 
-0.004157066672632936 0.00464227853808552 -0.0012237512855790555 
-0.0034508908865973353 0.005451535806059837 -0.002482434269040823 
-0.0013090583961457014 0.005212973337620497 -0.002009141317103058 
-0.0005137065891176462 0.003575228853151202 -0.0015746433637104928 
5.54524885956198e-05 0.0002649459056556225 -0.0003085790085606277 
0.0002697770032682456 -0.00013384770136326551 7.116971391951665e-05 
0.0008801526273600757 -3.5783814382739365e-05 0.002171412867028266 
0.000631564122159034 -0.0006205298705026507 0.0027139405719935894 
-9.309819120062457e-06 2.824408784363186e-05 -1.2824412806367036e-05 
-2.3879184482211713e-05 -3.6249912227503955e-06 -1.4521833691105712e-06 
-1.0549880244070664e-05 -0.0003743615234270692 0.00013680880510946736 
-3.954790736315772e-05 -0.00036617330624721944 0.00011055398499593139 
-4.481997530092485e-05 0.00038764061173424125 -6.987799861235544e-05 
0.0001639958718442358 0.000143527053296566 0.00021743367142335046 
0.00014171353541314602 -0.0003960499307140708 0.0006198016817506868 
-0.00151254195952788 0.005540273792576045 -0.00176393284345977 
-0.0018731370801106095 0.0066275224889977835 -0.0029232696251710877 
-0.0011646035127341747 0.003561247489415109 -0.0013495143502950668 
-0.0006444780810852535 0.00183865858707577 -0.0006161026831250638 
-0.00026876545962295495 -7.12362234480679e-05 3.3123636967502534e-05 
0.0005516547244042158 0.0012223017401993275 -1.2085603884770535e-05 
0.0006666186964139342 0.002289982745423913 -0.00013929372653365135 
-0.0007254126248881221 7.091654697433114e-05 -0.0007074791938066483 
-3.012733031937387e-06 1.9226395124860574e-05 -1.094224353437312e-05 
-2.9375118856478366e-05 1.8108889435097808e-05 -9.229163424606668e-06 
-8.769318174017826e-05 -0.00026904017431661487 0.00013363293419388356 
-6.525096796394791e-05 -0.0006273896724451333 0.0003305038444523234 
4.723077290691435e-05 -0.00041853221046039835 0.0004192183187115006 
0.0004828035380342044 -0.001269172877073288 0.000946880376432091 
0.000981994075118564 -0.0037899105809628963 0.001692556426860392 
0.0006827676843386143 -0.00033084163442254066 -0.00010026514064520597 
0.00042912550270557404 0.0013550764415413141 -0.0014589838683605194 
5.0822505727410316e-05 0.00033391796750947833 -0.0008205379126593471 
-0.0004767625214299187 -0.00027986615896224976 -0.00023759335454087704 
-0.001265383732970804 -0.0015485617914237082 8.487141167279333e-05 
-3.318098606541753e-05 0.0011269840179011226 0.00021553902479354292 
0.0002724153455346823 0.004234596970491111 -0.002195870620198548 
-0.0015444973250851035 0.0014196972169884248 -0.00313897876185365 
6.053113850157388e-07 4.670335215450905e-06 -3.8397703221448864e-06 
-2.4743344511080068e-05 -1.9254177296090802e-05 1.493820730047446e-05 
-9.202625460602576e-05 -0.00017633534116612282 0.00010810667708938126 
0.00016535869508516043 -0.00016295151363010518 6.871021651022602e-05 
0.0006357983138514101 0.00037761284329462796 -2.5522225769236684e-05 
0.0005921693373238668 -0.00019627786241471767 0.0006815362721681595 
-0.000536586157977581 -0.0034387484192848206 0.0017303945496678352 
-0.0012738974764943123 -0.004009488970041275 0.001237796270288527 
-0.0010985861299559474 -0.0033151074312627316 0.00018994626589119434 
-0.0024027948966249824 -0.002958181779831648 -0.00019046843226533383 
-0.0037759329061373137 -0.0025319221895188093 -0.000587228514632443 
-0.00476570992032066 -0.0032206299947574735 -0.0010860688489628956 
-0.0027686419198289514 -0.001198581769131124 -0.0005529415793716908 
0.00023661338491365314 0.0017855140613391995 -0.00047660106793046 
-0.00021712473062507343 0.0006436474868678488 -0.0006653814925812185 
1.0383451088530338e-06 8.175320402870057e-07 -1.142148891020156e-06 
-2.377665509811777e-06 -4.525424515122722e-06 2.3461656155632227e-06 
-1.6482728824485093e-05 -2.3888387659098953e-05 1.5965674947437947e-05 
0.00012578706810018048 0.0001587981496413704 -8.634274854557589e-05 
0.0004936187206112663 0.0009605406376067549 -0.00030954171961639076 
0.0005177067414479097 0.0014693521952722222 -8.828336012811633e-05 
-0.0005244610365480185 4.369416274130344e-06 0.0004258011467754841 
-0.0002987785846926272 -0.000729645136743784 0.0004383994673844427 
0.0009782463894225657 -0.00043839961290359497 0.0002808981516864151 
-0.0025455516297370195 -0.0014647925272583961 0.00025964516680687666 
-0.006633809593040496 -0.002232077094959095 -0.0006719712455378613 
-0.006282827846007422 -0.001978526182938367 -0.0016649378176225582 
-0.0032084929407574236 -0.0010454632429173216 -0.0012088908779332996 
-0.0003907419595634565 4.9841534291772405e-05 -0.00026404512027511373 
1.0128675057785586e-05 5.192405058096483e-05 -1.665610307099996e-05 
-1.997685511912102e-09 5.6434675647920596e-09 -1.7837140430052717e-09 
-9.560655095733339e-09 2.8342529045932707e-08 -8.525442815252027e-09 
-1.9435315360555316e-08 6.057293590322477e-08 -1.713803499461819e-08 
-2.0452544172155918e-08 6.583161908657598e-08 -1.796858947050728e-08 
-1.3870760658118986e-08 4.562117764117524e-08 -1.1777353333894403e-08 
-1.4646543908258813e-09 1.6191167198642553e-08 -2.4674006102176627e-09 
1.529952473044993e-08 -1.314197650703619e-08 -4.308563172905622e-09 
-2.460596917330804e-07 1.3881170790597253e-07 -3.3890189143903626e-07 
-4.750020707433578e-06 2.6040021339213126e-06 -4.876801881437132e-06 
-1.4810991160629783e-05 7.67893425290822e-06 -1.2633043297682889e-05 
-6.982005288591608e-06 2.0041425159433857e-06 -5.88834700465668e-06 
1.9542858353815973e-05 -1.4349152479553595e-05 -1.5497911590500735e-05 
0.0003506719949655235 -0.00025236859073629603 -8.306577910843771e-06 
0.0005813401539853658 -0.00039538727651233785 -0.0001006788806989789 
0.00026804064179941633 -0.0001641606368139037 -8.97206177796761e-05 
-2.967165421696727e-08 8.746240018342455e-08 -3.396746361961078e-08 
-1.4184573426945235e-07 4.4850547276098496e-07 -1.5496605287879106e-07 
-3.317045429440668e-07 1.0936970369357368e-06 -3.447862095828924e-07 
-4.3069930732997364e-07 1.445737072280906e-06 -4.3983928121882343e-07 
-3.080351609341392e-07 1.1446038374884893e-06 -3.449921754938856e-07 
-5.537270197919497e-09 4.5553599914427423e-07 -6.2432035985438e-08 
5.092801487194265e-07 -2.6293425037238194e-07 8.144077101590597e-08 
2.143550773325842e-06 1.4469848679254937e-06 -1.1004673297065892e-06 
1.9225447431381326e-05 8.83258883277449e-06 -1.8284708858118393e-06 
0.00013461520575219765 -8.222069300245494e-05 8.755065937293693e-05 
0.0003337539528729394 -0.000391831825254485 0.00022393716790247709 
9.817193495109677e-05 -0.00026592508947942406 -4.371283284854144e-05 
0.0008585700124967843 -0.0007264280284289271 -7.39550159778446e-06 
0.0018210816197097301 -0.001500513928476721 -0.00011388213897589594 
0.000993636145722121 -0.0005950183258391917 -0.00021252756414469332 
-1.763517534225656e-07 5.372586517893296e-07 -2.0934488698109988e-07 
-8.190037057431709e-07 2.72329955208761e-06 -9.601738923947778e-07 
-2.091384942559671e-06 7.164094256495446e-06 -2.3881201229869475e-06 
-3.277382232269588e-06 1.0934005615581555e-05 -3.648521698096374e-06 
-2.862041313278496e-06 9.803665847130105e-06 -3.353697098695818e-06 
-2.66151670302861e-06 7.027966034911515e-06 -8.71043155825646e-07 
-1.0572327937552473e-05 7.057543712107872e-06 -6.842753919045208e-09 
-1.3787819625576958e-05 3.041962736460846e-05 -1.8159236333303852e-05 
0.00017684669091977412 0.0001390653196722269 -4.547129719867371e-06 
0.00034791389771271497 0.0004177957307547331 -2.7219679395784624e-05 
0.0007839646132197231 -0.0004288668860681355 0.00012230426909809466 
0.0008166526126842655 -0.0011539830593392253 2.3959772079251707e-05 
0.0005863899714313447 -0.0006632083095610142 3.079106681980193e-05 
0.0006292850885074586 -0.0006257846252992749 0.0007419511093758047 
-0.0009122784249484539 0.0012424084852682427 0.0017272813129238784 
-5.191591210262914e-07 1.5733986877819461e-06 -5.870562382881417e-07 
-2.2821135274853077e-06 7.372188917997846e-06 -2.5883331034037838e-06 
-5.937492801422195e-06 1.918780026244349e-05 -6.783945252664125e-06 
-1.0018174805281888e-05 3.093398117925972e-05 -1.1372913149898523e-05 
-1.0988359633756772e-05 3.051278986276884e-05 -1.161113891612331e-05 
-2.8330672648735344e-05 4.3300345623720204e-05 -5.0721948809950845e-06 
-0.00010945868012868232 7.332309178309515e-05 6.3883003349474166e-06 
-0.000223167531657964 0.00014532331260852516 -5.0757436838466674e-05 
0.00016836318536661565 0.00017095572547987103 -3.87860054615885e-05 
0.00020520630641840398 0.0017378795892000198 -0.0007897010655142367 
0.0006484702698799083 0.0014202145393937826 -0.001159064646344632 
0.001323864908044925 -0.00127394066657871 -0.000412473629694432 
0.0005147889896761626 -0.00017147866310551763 -0.00024675649183336645 
-0.00081474325270392 0.001874455250799656 0.0009267483837902546 
-0.0027526519261300564 0.0021378680648922455 0.002685148298041895 
-7.415917702147112e-07 2.2635078558153054e-06 -8.132373476854582e-07 
-3.0644499986465235e-06 9.203560580317571e-06 -3.1933719526477944e-06 
-7.451426881743828e-06 2.09942435276389e-05 -7.956399031172623e-06 
-1.2363033647488919e-05 3.785792387134279e-05 -1.5607378827553475e-05 
-1.294661137762887e-05 4.9851610128825996e-05 -1.9477029638892418e-05 
-3.730022581294179e-05 5.547127602767432e-05 2.8600761652342044e-06 
-0.00014965681111789308 0.0001159588573500514 4.7083303797990084e-05 
-0.0004993938491679728 0.0007075664470903575 -0.00018120218737749383 
-0.0005325900274328887 0.0002836745698004961 -2.4813140043988824e-05 
-0.0006252413149923086 0.000938772689551115 -0.0003581861383281648 
-0.0002314375597052276 0.0006801672279834747 -0.0009749673772603273 
0.0006925800917088054 -0.001869676634669304 -0.00028089230181649327 
0.0013987558195367455 0.0018005033489316702 -0.00031448335357708856 
0.0016166239511221647 0.004138383897952735 0.00039638514135731384 
-0.0012819856929127127 -0.0008088487375061959 -0.0012772996560670435 
-4.6894989402801457e-07 1.6177930071137325e-06 -6.08810335478438e-07 
-2.110197030447125e-06 5.629087922898179e-06 -1.971024346403283e-06 
-5.751989760938159e-06 1.020237073134922e-05 -3.762763270742653e-06 
-1.2221364727338369e-05 2.9845443123122095e-05 -8.69432172123652e-06 
-7.68836753195501e-06 6.679976286250167e-05 -1.1642183380899951e-05 
5.713290011044592e-05 -0.00010563141040620394 6.395917262125295e-05 
0.00013343603859539144 -0.0003031682740584074 0.00017307018788415007 
-0.0002084829320665449 0.001170660660136491 -0.0004397332959342748 
-0.0006919340521562845 0.0008737026946619153 -0.00044529392471304163 
-0.001269162617973052 -5.061388947069645e-05 0.00011904357234016061 
-0.001461432060750667 -0.0007622858975082636 0.00011097651440650225 
-0.000696520961355418 -0.0021842466667294502 0.0005902430566493422 
0.00235253490973264 0.0038027691189199686 0.0004499061615206301 
0.003880341653712094 0.006770882406271994 0.00013086089165881276 
-0.00048810074804350734 0.0006893182871863246 -0.0026097921654582024 
-1.4349653287837327e-07 6.550184252773761e-07 -3.0724066846232745e-07 
-1.2742597057524563e-06 1.5748361548162393e-06 -4.4748954763917936e-07 
-4.465622431837346e-06 -1.3878745903639356e-06 2.2158912997838343e-06 
-7.571538844786119e-06 -1.679662000242388e-05 1.7513163129478926e-05 
4.146602350374451e-06 -5.8292918765801005e-05 5.418619366537314e-05 
0.00010865576768992469 -0.0005850846064276993 0.0002470202307449654 
0.0002938553589046933 -0.0018871979555115104 0.0006200177303981036 
0.00026507838629186153 -0.0018298644572496414 0.00031376653350889683 
5.251544644124806e-05 -0.0019339134451001883 -0.0001873828296083957 
-0.00035797609598375857 -0.001886868558358401 -0.00021888603441766463 
-0.0012504304941103328 -0.0020053527550771832 5.8309335145168006e-05 
-0.0027490095235407352 -0.0038365379441529512 0.000754118780605495 
-0.0006216368637979031 -0.00014125555753707886 0.0012450107897166163 
0.0014032655162736773 0.0029208294581621885 0.0001617736415937543 
-0.0006937370635569096 0.0005170711665414274 -0.00181471899850294 
4.849969947873234e-08 1.9451740129738937e-07 -1.4693051086922537e-07 
-3.542917639265397e-07 2.1338536271287012e-08 5.967705618559194e-08 
-1.2243289972957427e-06 -1.730055146254017e-06 1.8819891707266834e-06 
1.0500116331968457e-05 1.4473006899606844e-06 4.797360531938466e-06 
4.433321737451479e-05 1.0212388588115573e-06 2.536885995141347e-05 
2.4382439733017236e-05 -0.00044795486610382795 0.00021625492081511766 
-0.0002880369720514864 -0.0019745221361517906 0.0006421068974304944 
-0.0008705743821337819 -0.0034801692236214876 0.0008347593538928777 
-0.001417902298271656 -0.004341429332271218 0.000440003233961761 
-0.0016629442106932402 -0.0036809133598580956 -0.00010444390500197187 
-0.0017531895136926323 -0.0025276808300986886 -0.0003148758391944284 
-0.002941821818239987 -0.003213610325474292 8.192569430320873e-05 
-0.0019302628352306783 -0.0018602405325509608 0.0006626973809034098 
0.00016511959256604314 0.000363307015504688 0.0004929025890305638 
-8.269785030279309e-05 0.0001609502505743876 -0.000208822799322661 
4.306470752224456e-08 4.574055642581065e-08 -4.657695412690899e-08 
1.3776816309984952e-07 8.031483744730394e-08 -8.814305729742955e-08 
7.378236546173866e-07 8.445832584413893e-07 -2.751732637307214e-07 
1.0257646181344171e-05 1.533059275971027e-05 -5.811926257592859e-06 
4.888986222795211e-05 8.07365422588191e-05 -2.0908478518322227e-05 
5.817502551508369e-05 6.769428728148341e-05 1.1906591680599377e-05 
-0.0001712479133857414 -0.00035646589822135866 0.00013291089999256656 
-0.0005052641208749264 -0.0009412359795533121 0.00022908893879503012 
-0.0007321201846934855 -0.0013475230080075562 0.00017622605810174718 
-0.0011561720166355371 -0.0014231090317480266 0.00010404151998955058 
-0.00141870258084964 -0.0012427645779098384 -7.651679698028602e-05 
-0.0012894935498479754 -0.0010706335015129298 -0.0002037071044469485 
-0.0006911066884640604 -0.0005636695423163474 -6.721479439875111e-05 
-1.6047124518081546e-08 -9.292972208641004e-06 7.036369606794324e-05 
2.877079987229081e-05 2.3183558596429066e-05 1.867177934400388e-05 
-1.522523691369861e-12 -6.9922565442093144e-12 6.093226466355191e-12 
-4.6600149335778384e-11 9.966424004983175e-11 -1.561854747223691e-11 
-1.306318229247496e-10 3.4663005921668636e-10 -7.226129189715825e-11 
-1.863357072264503e-10 5.30486039475211e-10 -1.2867059482235717e-10 
-1.8151764593905655e-10 5.61727457788503e-10 -1.4072004697021807e-10 
1.6898958976412602e-10 1.234159022130447e-10 4.799522026555439e-12 
4.6145167548194976e-10 -4.565962122282663e-10 -6.047770595950241e-10 
-3.145598315157372e-08 2.7589243785375306e-08 -3.2792588366969966e-08 
-5.46381670574192e-07 4.308009771136767e-07 -4.984296886334505e-07 
-3.050183579489385e-06 2.79810305414685e-06 -2.4083214498205052e-06 
-6.926223306891188e-06 7.5279050406606984e-06 -4.36786115187715e-06 
-8.407912901020609e-06 1.0161367072214489e-05 -4.040352848733164e-06 
1.6417719052697066e-05 -1.2437492841854692e-05 1.3500732620741474e-07 
4.8250065447064117e-05 -4.033635923406109e-05 -4.924298082187306e-06 
2.4952890953500173e-05 -1.646652708586771e-05 -6.034588295733556e-06 
-2.1872940345881928e-10 5.905030107331835e-10 -2.1256223867107023e-10 
-1.4100155514744708e-09 4.236849916045005e-09 -1.3224105423984694e-09 
-3.9346445146080586e-09 1.2547715757919853e-08 -3.63407715400256e-09 
-6.508826472587104e-09 2.0847317675539573e-08 -6.137587920968662e-09 
-7.217383640061893e-09 2.2693755346268885e-08 -6.543063336907247e-09 
-3.93565180445421e-11 1.0548727613635123e-08 -1.6563300865406194e-09 
9.97519264411828e-09 3.561346906266749e-08 -3.689059036027231e-08 
-3.236710561793643e-07 8.738314214440379e-07 -5.287940962883653e-07 
-2.218294156364209e-06 4.653843198809682e-06 -2.8216729504038085e-06 
-1.5455863149327342e-06 8.400629099014623e-06 -3.855919203488156e-06 
2.234859948657686e-05 -2.0883184333797544e-05 8.674906439409824e-06 
3.702771573443897e-05 -5.6363374866919e-05 1.0288300018146401e-05 
0.00012694815086433664 -0.0001484679596615024 2.5573433958925307e-05 
0.0002842687099473551 -0.00029532008920796216 3.889980143867433e-05 
5.173338286112994e-05 1.4417077181860805e-05 7.578832446597517e-05 
-1.891605292759016e-09 5.899402001630083e-09 -2.2073460750199336e-09 
-1.1588719640159839e-08 3.830849203134701e-08 -1.257107000614266e-08 
-3.7565111153659014e-08 1.2311141217580257e-07 -3.841831045653388e-08 
-8.00884490531617e-08 2.415835760605223e-07 -7.673014014442092e-08 
-1.209829824100339e-07 3.131955119695107e-07 -9.391547713816228e-08 
-1.6403718294810687e-07 3.1855834414784567e-07 -6.976470989794592e-08 
-5.701825678272598e-07 1.3721663805199569e-06 -8.96548980833245e-07 
-4.514109498643393e-06 1.2654818647206412e-05 -7.49363150021054e-06 
-1.3719159142056014e-05 4.834262563235825e-05 -2.2501735202240525e-05 
-8.363835377167561e-06 9.438268898520619e-05 -4.417058062244905e-05 
0.00017441252566641197 -0.0001510987822257448 8.579422683396842e-06 
0.00038322967157000676 -0.0005621561722364277 8.195041664293967e-05 
0.0003306202015664894 -0.00046774279689998366 0.0001344426636933349 
-7.013260619714856e-05 0.00012524881094577722 0.00042740479693748057 
-0.001343778392765671 0.0015336713986471295 0.0010490898857824504 
-6.564204123836459e-09 2.1842440297431542e-08 -7.985846178781841e-09 
-4.0845762397379026e-08 1.412909825249109e-07 -4.7515225143346385e-08 
-1.558581317340213e-07 5.111104277588652e-07 -1.7146061503936494e-07 
-4.085549447641057e-07 1.2136762275183344e-06 -4.075756276922249e-07 
-7.758192452911317e-07 1.9622762881255085e-06 -5.981606613914003e-07 
-1.7654846686809833e-06 3.2831238172548183e-06 -8.176043664320787e-07 
-5.536418711926672e-06 1.1113840855614399e-05 -5.442125484478311e-06 
-1.4673648706775566e-05 4.218596495775273e-05 -2.5210731337210746e-05 
-7.306081897695549e-06 4.4114101910963655e-05 -2.7057953047915362e-05 
3.0370127205969766e-05 3.6894052755087614e-06 -6.154027505544946e-05 
0.00038896115802344866 -0.0007502562366425991 -6.888571078889072e-06 
0.0008428246510447934 -0.0018415082595311105 0.0001332242100033909 
0.0005614974434138276 -0.000635964109278575 0.0001662140209646168 
-0.0008854676270857453 0.0018272359229740687 0.000207419041544199 
-0.003198267426341772 0.002048287840807461 3.5600671253632754e-05 
-1.0153395202730509e-08 3.62343862275738e-08 -1.29046409114153e-08 
-6.550234693536439e-08 2.4357029837496214e-07 -8.50292158904864e-08 
-2.960395999451748e-07 1.069057809388596e-06 -3.880649082077525e-07 
-9.277766466198045e-07 3.314190426539909e-06 -1.1404283215554756e-06 
-1.8932971208585059e-06 6.62385124883258e-06 -1.933688238864306e-06 
-3.766126241089296e-06 1.025738674798049e-05 -2.155181293872488e-06 
-9.869169161902391e-06 2.58008385571884e-05 -9.309547067459789e-06 
-2.967180876112252e-05 7.114025856935768e-05 -4.004719949080027e-05 
-5.397393579187337e-05 -0.00012996264558751136 3.3488409826532006e-05 
-7.488077608286403e-05 -0.0006398699479177594 0.00016501029313076288 
0.00013206986477598548 -0.0020528651075437665 0.0003285847487859428 
0.0006936315257917158 -0.0032128278398886323 0.0004077058256370947 
0.0016165316628757864 0.0013743496965616941 4.20943539864993e-05 
0.0016501220525242388 0.0049770761470426805 -0.0007084648677846417 
-0.0020580032805810333 -0.0006655979668721557 -0.003949290403397754 
-6.823713418098454e-09 2.6728614591596533e-08 -9.478639968404923e-09 
-4.991024959988266e-08 1.9903014902844518e-07 -7.252903766463703e-08 
-2.7043416217509275e-07 1.215351609573645e-06 -4.621543872040945e-07 
-9.85691240629194e-07 5.340003013998285e-06 -1.7384830641731241e-06 
-1.7359943953465518e-06 1.3372255466492788e-05 -3.366083260125663e-06 
5.794915693968505e-07 1.593312231307209e-05 -2.1153788338779123e-06 
7.96913218437112e-06 2.0450619558687322e-05 -3.137603016512003e-06 
-8.698480087332428e-07 7.837531120458152e-05 -3.978514632763108e-05 
-8.450813493254827e-05 -0.00017925374413607642 3.883088174916338e-05 
-0.0003108122073172126 -0.0008462353143841028 0.0002752930740825832 
-0.0006012655067024752 -0.0023138437245506793 0.0006355477817123756 
-0.00041093071922659874 -0.003039275179617107 0.0007877284588175826 
0.0017071531037800014 0.0024877898395061493 0.00026087799051310867 
0.003219812992028892 0.005981729598715901 -0.00011500534310471267 
-1.3835611753165722e-05 0.0009347579762106761 -0.0019168914805050008 
-2.1323490924374244e-09 8.226873179223437e-09 -3.090690762347359e-09 
-2.4119177280401694e-08 6.735270163815699e-08 -2.2701174329231577e-08 
-1.1647962661065492e-07 7.13113216477268e-07 -2.4918910890292523e-07 
-2.4094802975049845e-07 4.9042169294466476e-06 -1.3301754293593149e-06 
5.197756003383347e-07 1.6340636761924543e-05 -3.1048367645780672e-06 
6.875354472413164e-06 1.6390144992328715e-05 -1.215994416270405e-07 
2.542145898587478e-05 -2.1279833163134754e-05 8.79809886100702e-06 
3.737590122909751e-05 -7.417562301270664e-05 6.913720426382497e-06 
-1.3693219443666749e-05 -0.00032228053896687925 3.617578659032006e-05 
-0.00018773828787743696 -0.000680055221891962 0.00011965789235546254 
-0.0006505812634713948 -0.00145393842831254 0.0003567251351341838 
-0.0013522481604013592 -0.0024494409444741905 0.0006675384211121127 
-0.0005949898040853441 -0.0006755603244528174 0.0003826419706456363 
0.0003988133976235986 0.0009812938515096903 -1.906206125568133e-05 
-4.074246680829674e-05 0.00026039408112410456 -0.000426843595050741 
4.932526657085157e-10 1.8361371063998697e-09 -1.1570013333907572e-09 
-4.230213637712588e-09 1.2403271076877331e-08 -3.3466656806924178e-09 
7.253683209640371e-09 2.9187457162294095e-07 -8.667832118725016e-08 
5.260690301156501e-07 3.2248010271018757e-06 -8.452653909030161e-07 
2.9810600921109653e-06 1.4576285138900857e-05 -2.7615389512902766e-06 
7.054219395286054e-06 2.1568923330050893e-05 -9.404757292941213e-07 
6.310237949946895e-06 -2.2413711121771485e-05 1.1391808584448881e-05 
-1.5348130546044558e-05 -0.00015361086116172373 3.354932778165676e-05 
-8.226252975873649e-05 -0.0003945713397115469 4.1773246266529895e-05 
-0.00016388248332077637 -0.0005368552228901535 3.951955841330346e-05 
-0.0002938071556854993 -0.0005957988323643804 5.2654622777481563e-05 
-0.0006940966995898634 -0.0008916961960494518 0.00018287512648385018 
-0.0006029828182363417 -0.0006381118619174231 0.0001577381590323057 
-0.00012599831097759306 -8.967387839220464e-05 4.640730912797153e-05 
-8.820112270768732e-06 2.3079701350070536e-05 -2.639125523273833e-05 
4.980706940632684e-10 5.376260584725318e-10 -4.3912753424843465e-10 
1.9073995265184163e-09 3.1612608225595196e-09 -1.50731832224138e-09 
1.862027576571279e-08 7.427323944764197e-08 -2.0422723956414757e-08 
3.153675507405751e-07 1.0773008113362792e-06 -2.916968124822006e-07 
2.1415726223494858e-06 6.692913537165168e-06 -1.509920129372233e-06 
5.7303427638544235e-06 1.7902629522836833e-05 -3.0960368349042255e-06 
5.1559100029408e-06 2.0861987650278024e-05 -2.593144017737359e-06 
-6.202868462423794e-06 -1.2339514796622097e-06 -6.138816388556734e-08 
-2.757200491032563e-05 -4.5508670154958963e-05 -3.462201675574761e-06 
-4.6611286961706355e-05 -6.777185626560822e-05 2.891399162763264e-06 
-5.429612338048173e-05 -7.041262733764597e-05 9.782575034478214e-06 
-8.179379074135795e-05 -8.535479173588101e-05 1.6111263903439976e-05 
-5.797015910502523e-05 -5.019586387788877e-05 1.4878071283419558e-05 
8.10796541372838e-06 6.342901542666368e-06 1.4575452041754033e-05 
1.0469676226421143e-05 8.700824537299923e-06 6.0617895201176e-06 

-0.0019212696934118867 -0.0007391952385660261 -0.0006262479328142945 
-0.0031807125778868794 -0.0014928897435311228 0.0003768378810491413 
-0.0008574577514082193 -0.00042806983401533216 0.000510304445924703 
2.2714806618751027e-05 3.4653743568924256e-05 -5.740266715292819e-05 
7.573687270223672e-06 6.6802909941543476e-06 -1.3473987735324044e-05 
1.9820508090351296e-07 1.6977991235123113e-07 -3.850944614303131e-07 
3.772649459325705e-09 1.6399577376429927e-09 -3.434455678619913e-09 
-2.887758308520172e-09 -4.9096215218313866e-09 -3.914316778694249e-09 
4.9377192334887354e-09 1.1860018855891497e-08 3.406077797585283e-08 
8.68883329729897e-07 1.5533917405718967e-06 1.1261379242455405e-06 
4.038985593979305e-06 8.058893740781059e-06 2.688805295747443e-06 
4.303743125433357e-06 6.985316758800764e-06 -1.0508822470001178e-06 
-3.667480541480472e-08 -2.4622504497529007e-06 -4.2597033598212874e-06 
4.167807361454834e-07 8.102024366962723e-07 -1.4352577011322865e-06 
9.727206240484065e-08 2.8222518366760596e-07 1.598604182362351e-08 
-0.005122718401253223 -0.0029031176236458123 -0.002252626007248182 
-0.008020097156986594 -0.006761115859262645 0.003039867791812867 
-0.0024994678678922355 -0.002562036184826866 0.0033833796915132552 
-8.397900410272996e-05 -4.457345130504109e-05 0.00010209303218289278 
1.2151006558269728e-05 1.9606216255851905e-05 -3.969933231928735e-05 
6.872732551954641e-07 7.684350045167321e-07 -1.6023364484141212e-06 
3.4228767015198613e-08 1.9852474678061505e-08 -2.2203506026829967e-08 
-3.2465211269316896e-08 -8.052360700450123e-08 -8.016816255285164e-08 
-2.2509449593144382e-07 -5.408538967799359e-07 -1.2826898654338947e-07 
1.980858996830648e-06 3.5894632901545265e-06 5.626912070511025e-06 
8.944948149292031e-06 6.842849870736245e-06 1.4541950577040552e-05 
1.123881781950331e-05 -1.5984086303433287e-05 1.3542603483074345e-06 
3.7985182643751614e-07 -1.941764287494152e-05 -1.3482068084158527e-05 
-1.3383572650127462e-06 8.965440656538703e-07 -6.920656182352047e-06 
-2.513578718499332e-07 4.0430111880596087e-07 -4.825808730402059e-07 
-0.002330082410480827 -0.0022843466576887295 0.001817772863432765 
-0.0039320336654782295 -0.008490539970807731 0.008136821124935523 
-0.0015936845156829804 -0.003988765674876049 0.0061896816187072545 
-0.00017830534125096165 -0.0001929059981193859 0.0004072200481459731 
-2.2343945147440536e-06 1.8671176349016605e-05 -4.2208092963846866e-05 
-1.0190435695278666e-07 2.1256549054271545e-07 -1.607207934739563e-06 
-5.290540983082792e-08 1.872258827972928e-07 8.572546628116129e-08 
-2.8719998379500566e-08 -2.0045261434065154e-07 -4.467668883734177e-07 
-6.343502647609967e-07 -2.8900680604238005e-06 -1.22017352843784e-06 
2.8594022296601906e-06 -3.842682360755134e-06 1.2324071576585993e-05 
2.2761922991776373e-05 -4.681236578107928e-05 4.6671922063978855e-05 
3.843495414912468e-05 -7.018434598649037e-05 4.279383392713498e-05 
1.3139165380593454e-05 -1.619965951249469e-05 1.6292131306272495e-06 
-5.683918971044477e-07 2.6834997015612316e-06 -5.597085618092024e-06 
-3.296217130355217e-07 3.6669648140197353e-07 -5.66768250109817e-07 
0.0006389433060576266 -0.0006552042323164642 0.003759805782465264 
-0.00012660736683756113 -0.00448671609046869 0.005864081613253802 
-0.0003254237963119522 -0.0023808396072126925 0.0038831652491353452 
-0.00011559218728507403 -8.936089943745174e-05 0.0002762192943919217 
-2.422277430014219e-05 -1.8477187040844e-05 5.447383728096611e-06 
-1.1323596481815912e-05 -1.4478534012596356e-05 1.0408001230644004e-05 
-2.2041453462406935e-06 1.0529686278459849e-07 2.0789440497992473e-06 
-5.416795545443165e-08 9.195292705044267e-07 -1.0326779893432558e-06 
-4.861890374741051e-07 -5.359573378882487e-06 -2.933729149390274e-06 
1.4139654354039521e-06 -1.210766754411452e-05 9.097832098348135e-06 
2.1841402258360176e-05 -5.636239711748203e-05 4.521722439676523e-05 
3.0160931714817707e-05 -5.9763358876807615e-05 4.5287901230040006e-05 
7.044707615477819e-06 -6.5308977355016395e-06 9.018824670192771e-06 
-4.9067040208683466e-08 3.586809782518685e-08 -6.322115524426408e-07 
-8.431031162103864e-08 -9.17037983327873e-08 -9.718700688665649e-08 
0.001500433252658695 -0.0012841105926781893 -9.90079715847969e-05 
0.0015134211862459779 -0.0026345240767113864 0.0005306903331074864 
0.000512457569129765 -0.0013018464669585228 0.0008061523549258709 
0.00016607079305686057 9.760891407495365e-05 -2.3309752577915788e-05 
9.15315467864275e-07 9.414674423169345e-06 1.3284698070492595e-05 
-4.426586110639619e-05 -5.414863971964223e-05 4.010075389260237e-05 
-1.7675558410701342e-05 -1.4725477740284987e-05 1.128740802869288e-05 
-5.319522415447864e-06 -2.6201200853392947e-06 4.204086963000009e-07 
-1.886409677354095e-06 -5.38263509497483e-06 -1.1388908660592278e-06 
-1.0505664249649271e-06 -8.189711422801338e-06 3.1164460096988478e-06 
-7.560432777609094e-07 -1.1539801107574021e-05 1.5202504528133431e-05 
-1.5660203303013986e-06 -1.17954516554164e-05 1.207153536597616e-05 
-2.251383165230436e-06 -4.933936793349858e-06 3.112503350166662e-06 
-6.63822135038572e-07 -2.0570497980543223e-06 5.931560913552403e-07 
-6.102328231616383e-08 -2.9261427436644283e-07 7.801559886999598e-08 
0.0005660171154886484 -0.0007207567687146366 7.3015689849853516e-06 
0.0013894583098590374 -0.003127706586383283 0.00022811704548075795 
0.0007217350648716092 -0.0031234221678460017 0.0006639296298089903 
0.00015990433166734874 -0.0008873713086359203 0.0003031902015209198 
-1.3520853826776147e-05 -1.8038248526863754e-05 5.5242227972485125e-05 
-7.309655848075636e-05 -5.553441951633431e-05 4.277403604646679e-05 
-4.282708664504753e-05 -4.590773355062083e-05 1.9418391104863986e-05 
-1.702137001302617e-05 -1.7184821217597346e-05 3.963289515240831e-06 
-5.7139201317113475e-06 -6.657467565673869e-06 1.5450756336576887e-06 
-2.068950493594457e-06 -7.5399796060082735e-06 2.4475263558088045e-06 
-4.441046030478901e-06 -2.076586679322645e-05 6.267214985200553e-06 
-4.330304136601626e-06 -2.138412924068689e-05 4.274625894140627e-06 
-1.9521016270118707e-06 -8.133953848243891e-06 1.0511377581678971e-06 
-4.600667509180312e-07 -2.2411484650319835e-06 5.075725653114205e-07 
-4.471528791682999e-08 -2.835984935778413e-07 1.022813411744039e-07 
-0.00014785543316975236 -4.715984687209129e-06 0.00026097716181539 
0.00021305301925167441 -0.0010206474689766765 0.00020393944578245282 
0.0006821387796662748 -0.0022562373196706176 0.00016334059182554483 
0.0004784200282301754 -0.0015574179124087095 0.00026850839640246704 
6.821734132245183e-05 -0.00041173541103489697 0.00015372222605947172 
-4.7852354327915236e-05 -0.00010735200339695439 4.575622142510838e-05 
-3.0177565804478945e-05 -5.6008615501923487e-05 1.430515669653687e-05 
-6.38275548681122e-06 -1.1570184369702474e-05 1.1829293669052277e-06 
1.9854795141327486e-06 -3.974543460572022e-06 2.543303878610459e-07 
1.5757405833483062e-06 -1.3409372968453681e-05 2.1389813866790064e-06 
-1.679389697528677e-06 -3.101155789408949e-05 5.7760014442465035e-06 
-1.6594781300227623e-06 -2.9514927518903278e-05 5.3404263553602505e-06 
7.206040208984632e-09 -1.1283792218819144e-05 2.2550997798020944e-06 
2.4629947148469e-07 -2.4338483441965764e-06 7.022645185372767e-07 
2.8845471122806998e-08 -2.4956997446423657e-07 1.1375690389670012e-07 
2.1517487766686827e-05 -4.8075602080643876e-05 -4.651739800465293e-06 
4.1012404835782945e-05 -0.0001562657744216267 1.8368649762123823e-05 
0.0003390999336261302 -0.0005797036865260452 -2.0718536688946187e-05 
0.00040413366514258087 -0.000685126429743832 4.169441524481954e-05 
0.00014634989929618314 -0.00034538803811301477 7.282796650542878e-05 
2.4686461983947083e-05 -0.00011350226577633293 2.482185846020002e-05 
1.6711014268366853e-05 -3.3200103189301444e-05 2.374750920353108e-06 
2.0090659120342025e-05 6.102073257352458e-06 -4.43267771288447e-06 
1.4990508134360425e-05 -7.670041668461636e-06 -8.330346190632554e-07 
9.758773558132816e-06 -2.3685672431383864e-05 2.4041378878791875e-06 
6.646312606051197e-06 -2.6289494144293712e-05 5.194535717123472e-06 
4.6873354335730255e-06 -2.10980663268856e-05 5.983205539905612e-06 
2.291509758833854e-06 -8.54677205097687e-06 2.90872292829647e-06 
5.115228383090198e-07 -1.5658814618291217e-06 6.164380561557437e-07 
4.0698863390531415e-08 -1.2437206076132412e-07 6.338058583521544e-08 
2.37573810863978e-05 -1.7588284976000068e-05 -1.4140000644147221e-05 
5.38768917976995e-05 -4.8820961637829896e-05 -2.0119439795962535e-05 
9.00009927136125e-05 -9.981348011933733e-05 -1.6606437384325545e-05 
8.994469462209054e-05 -0.00011875578820763621 -5.990478371131758e-06 
5.603862064162968e-05 -8.570951649744529e-05 4.271645138942404e-06 
3.3777310363802826e-05 -4.376942774797499e-05 3.20770936923509e-06 
2.722181125136558e-05 -1.5672554013690387e-05 2.7237013000558363e-07 
2.1960991489322623e-05 -8.586404192101327e-07 -1.9163452122938907e-06 
1.39214234877727e-05 -7.85801671554509e-06 2.8815559005579416e-07 
8.695407927916676e-06 -1.4087736985857191e-05 1.3084571719446103e-06 
6.401759947038954e-06 -1.2324135546748494e-05 2.345553795635169e-06 
3.7979269222887524e-06 -7.950914024945632e-06 2.615355171542433e-06 
1.2772029762686543e-06 -2.7465551042382685e-06 1.134283024839533e-06 
1.9133277429084217e-07 -4.009708791663513e-07 1.8599605144942188e-07 
1.1839500671517733e-08 -2.402833923498271e-08 1.3322810639426752e-08 
-0.002518247812986374 -0.00041367840458406135 -0.0009347255763714202 
-0.004643180291168392 -0.0011596691911108792 0.0008132966468110681 
-0.0016769745852798223 -0.0005804598040413111 0.0012223160010762513 
-3.867390114464797e-05 -2.222586772404611e-06 1.0522517186473124e-05 
1.5076753243192798e-05 9.464718573326536e-06 -2.549751548031054e-05 
9.992614380394116e-07 5.252077919237763e-07 -1.2818933008418298e-06 
1.0905166381025566e-07 1.09433112953361e-08 -3.4552406269483527e-08 
-5.249215339481195e-08 -8.921384986315672e-08 -8.779054350149806e-08 
-3.11312916778661e-07 -5.651287295904694e-07 1.65511167438126e-07 
3.0262372092693113e-06 8.061570042627864e-07 8.1344721820642e-06 
-1.2433929896360496e-05 -6.23852929493296e-05 -9.366157485146687e-06 
-5.5576154409209266e-05 -0.000357498003722867 -7.00800928825629e-05 
9.200200111081358e-06 -0.00028993492469453486 -3.561541916496935e-05 
4.768649159814231e-05 3.2321633625542745e-05 1.7532347555970773e-06 
5.136011054673872e-06 1.409059370871546e-05 8.822618333681476e-06 
-0.006586974021047354 -0.0009751820762176067 -0.004117900738492608 
-0.011328497435897589 -0.0045876940712332726 0.004580324421112891 
-0.00491934665478766 -0.003354439453687519 0.007021661382168531 
-0.000508721230289666 -0.00037855371374462266 0.0008659527738927864 
1.3516239960154053e-05 1.548715135868406e-05 -5.205419074627571e-05 
5.186275906510218e-06 3.066301530907367e-06 -5.872842621101881e-06 
1.106736775113859e-06 3.9743293278604597e-07 -3.289352292767944e-07 
-4.029367595137501e-07 -1.0712263005530076e-06 -1.427375458717961e-06 
-2.519445729376457e-06 -9.642996587899688e-06 -2.3056566078594187e-06 
-5.17188982485095e-06 -7.558961465292668e-05 3.186600224580616e-05 
-0.000171327920497788 -0.0007821526050975081 -4.826008625968825e-05 
-0.00037115007216925733 -0.00212307098263409 -0.0002718840487432317 
-0.0002685427534743212 -0.0012829612026052928 -0.0002799841749947518 
-8.836910274112597e-05 -2.535892417654395e-05 -0.000144467180234642 
-1.2241926242495538e-05 1.8544261820352403e-05 -5.910363142902497e-06 
-0.0028150930302217603 7.317226845771074e-06 0.00039918586844578385 
-0.005743752815760672 -0.00494403182528913 0.009653746266849339 
-0.0038943675463087857 -0.0047439164482057095 0.010836921981535852 
-0.0009869763816823252 -0.0008604191461927257 0.0017752476560417563 
-0.00011144822565256618 -0.00013758761589599544 6.071412099117879e-05 
-8.040731700020842e-06 -2.0732873053930234e-06 2.2704080038238317e-06 
1.343621661931138e-06 1.1069977176703105e-05 -4.6738756509512314e-07 
6.043986218173814e-07 1.1406475550757023e-06 -7.712969647855061e-06 
-3.006292445206782e-06 -3.142940306588571e-05 -1.0214465874014422e-05 
2.513122853997629e-05 -0.0003380465486770845 5.496570929608424e-05 
3.673011815408245e-05 -0.0023160939454101026 0.00019978388445451856 
8.903413618099876e-05 -0.0037258072989061475 0.0003196753023075871 
-5.2025359764229506e-05 -0.0013181545946281403 -6.0724189097527415e-05 
-9.531193609291222e-05 1.8994876882061362e-05 -0.00014884804659232032 
-1.5360511952167144e-05 1.4435240927923587e-05 -1.4716377336299047e-05 
0.00168373769702157 -0.0008821439114399254 0.006044218054739758 
-0.0005400781446951441 -0.002461472526192665 0.006281269874307327 
-0.0012127625304856338 -0.0011222015164094046 0.004429879074450582 
-0.0005608632654912071 -0.0002744479352259077 0.0007727287031684682 
-0.0001112687386921607 -0.0004392522241687402 0.00032121556068887003 
1.06799925561063e-05 5.1096329116262496e-05 5.0212318456033245e-05 
3.726384966284968e-05 0.000141077001899248 -1.0541596566326916e-05 
2.8289254260016605e-05 7.163353893702151e-05 -2.7364065317669883e-05 
5.800729013571981e-06 -1.7404895970685175e-05 -7.845013897167519e-06 
6.486120696536091e-05 -0.0003851177607430145 4.3498068407643586e-05 
0.0003872741544910241 -0.0019421378674451262 0.00026979168796970043 
0.00039765726251062006 -0.0020650835940614343 0.00040088874084176496 
1.9967066691606306e-05 -0.0003957902954425663 2.3161952412920073e-05 
-2.8237132937647402e-05 -8.452568181382958e-06 -3.465539657554473e-05 
-3.421710232487385e-06 -3.6827732401434332e-06 -2.2785072104625215e-06 
0.0027023059083148837 -0.0025899569736793637 0.0010319360299035907 
0.0021865074522793293 -0.003490536444587633 0.0004686921165557578 
0.001388424076139927 -0.00044764659833163023 -4.106695996597409e-05 
0.0015608940739184618 0.0015869068447500467 -0.000766988261602819 
0.0010472809080965817 0.0010104415705427527 -0.0003720687818713486 
0.0003678608045447618 0.0006833737134002149 -0.00014833467139396816 
0.00014744109648745507 0.0004896288737654686 -6.488862709375098e-05 
0.00010902080975938588 0.00027741154190152884 -5.2781162594328634e-05 
6.034120451658964e-05 0.00010678890976123512 7.543647370766848e-06 
6.675679060208495e-06 -0.00019554010941646993 3.737790393643081e-05 
2.1201808635851194e-05 -0.0005929847757215612 7.214393554022536e-05 
8.467350198770873e-06 -0.00020421627050382085 -3.7826976040378213e-07 
-2.0091568785574054e-05 5.089712794870138e-05 -6.343279528664425e-05 
-1.0813341873472382e-05 -1.6190741007449105e-05 -8.892761456991138e-06 
-1.29201043108651e-06 -7.907184908617637e-06 1.417868020325841e-06 
0.0013567842543125153 -0.0018471325747668743 -0.00012831785716116428 
0.0030541103333234787 -0.006129840621724725 -0.0005408581346273422 
0.0020685296040028334 -0.006462665100116283 0.0008333767764270306 
0.0012439251877367496 -0.0019416760187596083 0.0008360415231436491 
0.0008542523719370365 0.0009233953896909952 -0.00021798897068947554 
0.00019410840468481183 0.000758378067985177 -0.00036082061706110835 
-0.00010292127262800932 0.0001819523167796433 -8.99986334843561e-05 
-4.3555410229600966e-05 0.0001421169872628525 -3.019502037204802e-05 
2.8669132007053122e-05 0.00018742641987046227 -4.1967305151047185e-06 
3.657913111965172e-06 -5.168586358195171e-05 4.939061182085425e-05 
-4.277048719814047e-05 -0.0007133273538784124 9.495535778114572e-05 
1.040835923049599e-05 -0.000500909925904125 2.8088003091397695e-05 
1.429978510714136e-05 5.516205419553444e-06 -7.354559420491569e-05 
-2.35088509725756e-06 2.5243411982955877e-07 -1.6802671076732167e-05 
-6.208683487329836e-07 -5.785124812973663e-06 1.8859721535591234e-06 
-0.0003108701203018427 -0.00023251125821843743 0.0006382670253515244 
0.001427733339369297 -0.0030406368896365166 -0.0003908465150743723 
0.0034022571053355932 -0.006825121294241399 -0.00033595412969589233 
0.0026786415837705135 -0.005936978152021766 0.0010043162619695067 
0.0007985755801200867 -0.0026717461878433824 0.000940730853471905 
-0.0001561769749969244 -0.0009681395604275167 0.00020119332475587726 
-0.00029600980633404106 -0.0006434604292735457 2.496400884410832e-05 
-0.00012091349344700575 8.454197086393833e-06 -4.890860873274505e-05 
1.4416800695471466e-05 0.00014044631461729296 -3.336592635605484e-05 
2.581461194495205e-05 -2.6975030777975917e-06 3.583329845469052e-05 
8.736344170756638e-06 -0.0004951733535563108 0.00010100276085722726 
4.325849295128137e-05 -0.0005615305381070357 8.856488784658723e-05 
2.5382913008797914e-05 -0.0001331025268882513 1.7321053746854886e-07 
6.096385732234921e-06 -1.942275093824719e-05 -1.2580429142872163e-06 
7.742038690139452e-07 -4.797387134658493e-06 2.5728447781148134e-06 
-0.0001059038913808763 -2.332773874513805e-05 0.00010486211976967752 
0.00015859119594097137 -0.00047633860958740115 -4.637404344975948e-06 
0.0018552534747868776 -0.0023203357122838497 -0.00030563521431759 
0.002427584258839488 -0.0031541012576781213 0.00017926387226907536 
0.0013019362231716514 -0.0020888552608084865 0.0004780942981597036 
0.0004025475645903498 -0.0006525540811708197 0.0001602931006345898 
0.00031493867572862655 4.48122009402141e-05 -6.507640864583664e-05 
0.0003342603158671409 0.0006028922653058544 -0.0001536715280963108 
0.00027836139634018764 0.0001955081388587132 -6.278894579736516e-05 
0.00013929997930972604 -5.6674471125006676e-05 7.962125891936012e-06 
2.1218125766608864e-05 -2.320361090824008e-06 3.3271296615566825e-05 
3.0978466384112835e-05 -0.00013853008931619115 5.7186058029401465e-05 
3.146642393403454e-05 -9.182985263578303e-05 3.1530474643659545e-05 
8.763662890487467e-06 -2.105405087604595e-05 7.815863966698089e-06 
9.357599708437192e-07 -2.644348811031705e-06 1.531925846620652e-06 
5.812428662466118e-05 -2.7415858767199097e-05 -3.914342050848063e-05 
0.00010538648348301649 -8.552459621569142e-05 -4.602835178957321e-05 
0.00019945224630646408 -0.0002415667440800462 -3.1223491532728076e-05 
0.00023095484357327223 -0.0003124316717730835 1.5453006199095398e-05 
0.00020145674352534115 -0.0002093682560371235 3.616284084273502e-05 
0.0002622777537908405 -2.02207884285599e-05 -6.570456207555253e-06 
0.0004950753937009722 2.0866136765107512e-06 -8.136650330925477e-05 
0.0005183154207770713 5.228567169979215e-05 -8.032821597225848e-05 
0.00035987824958283454 -0.00011602557060541585 3.5923876566812396e-06 
0.00017932745095095015 -0.00015190626436378807 1.231011128766113e-05 
8.256043520304956e-05 -4.6922190449549817e-05 2.017764910533515e-05 
4.3861412791557086e-05 -4.996116592792532e-05 2.868610192763299e-05 
1.799536528324097e-05 -3.154485207801372e-05 1.5145034154784298e-05 
3.4195598459518806e-06 -6.622699970648682e-06 3.1659254489113664e-06 
2.947824930821241e-07 -6.01966229751838e-07 3.4757977118715644e-07 
-0.0007397370354738086 -0.00015052125127112959 -0.00010866622687899508 
-0.001883162185549736 -0.0007303133315872401 0.0010216811788268387 
-0.001104041002690792 -0.0006115228243288584 0.0012404870358295739 
-8.932655873650219e-05 -7.14712075478019e-05 0.00013386019554673112 
1.3375160733630764e-05 4.320386665312981e-06 -1.9413077552599134e-05 
3.7479119043837272e-06 7.898628169300537e-07 -1.9085086933046114e-06 
1.510712110075474e-06 -1.4964247174731327e-08 -2.6132694674885215e-07 
7.97570898214417e-09 -2.4989271807385194e-07 -4.967886830797852e-07 
-1.8983363645475038e-06 -1.527300355519401e-06 1.428585107987601e-07 
-2.3454766278518946e-05 -3.0837477538625535e-05 2.1325931811588816e-06 
-0.00017061520338756964 -0.0004881270542682614 -0.0001358078807243146 
0.0005268491077004001 -0.001602855438250117 0.00017796439715311863 
0.0017861918604467064 -0.00045722037975792773 0.0009224172099493444 
0.000746187477489002 0.0007025642553344369 0.0009047930343513144 
-4.2753791149152676e-05 9.601414649296203e-05 0.000396037121390691 
-0.0019416513969190419 -2.7046684408560395e-05 -0.000993090718111489 
-0.004849564284086227 -0.0023146134917624295 0.004116196883842349 
-0.004057510173879564 -0.003081157579799765 0.00689715170301497 
-0.0010153168768738396 -0.0007897798641351983 0.0016125534602906555 
-0.00010824596756719984 -8.306665040436201e-05 3.998951569883502e-05 
-7.472595825674944e-06 5.835189767822158e-06 -1.5709609328951046e-06 
5.1719673592742765e-06 2.5152508094095083e-06 -1.1341900290062767e-06 
-5.81734411753132e-08 -2.199161315274978e-06 -7.5053214914078126e-06 
4.263608339272196e-06 -2.13671933124715e-05 -1.2357674677332398e-05 
-0.00010250336163153406 -0.00037573191002593376 -4.843447095481679e-05 
-0.001565709225815226 -0.0035225863684900105 -0.0010481996978342067 
-0.0021407978929346427 -0.00866743316873908 -0.001711940552922897 
-0.0008986445027403533 -0.004356452598585747 -0.0009819660281209508 
-0.0005010688455513446 0.0004248822806403041 -0.00015465266187675297 
-0.00017051783288479783 7.863459541113116e-05 0.00032218097112490796 
-0.0006043129251338542 0.0006154524744488299 0.0003667381242848933 
-0.003155880367557984 -0.00025668623857200146 0.005041934688051697 
-0.005343548487871885 -0.003143496112897992 0.009676540270447731 
-0.0035792929702438414 -0.002872488694265485 0.003935431697755121 
-0.0013960269789095037 -0.0011329539702273905 0.0008492107581332675 
-0.0005285545385049772 6.0494188119264436e-05 0.00011894463204953354 
-0.00016174509221400513 0.00014544004807248712 9.107808409680729e-06 
-2.0538301214401145e-05 6.0037915204702585e-05 -4.042019895678095e-05 
1.5080528100952506e-05 -6.581150955753401e-05 -8.980200800579041e-05 
6.923718319740146e-05 -0.0014250523672671989 -0.0005001634563086554 
-0.0009845174790825695 -0.007974810723681003 -0.0009739437809912488 
-0.0015768896992085502 -0.012238384340889752 -0.0008759307020227425 
-0.0014273943088483065 -0.0035845300590153784 -0.0014904594863764942 
-0.0008317357087435084 0.0005840814401381067 -0.000903069696505554 
-0.0001537262687634211 0.00011118678594357334 -1.5204424926196225e-05 
0.0015402717981487513 -0.0012281168019399047 0.004468234808882698 
-0.001163175329566002 0.0015489847864955664 0.0026806178502738476 
-0.00392658643249888 0.0007701853755861521 0.003138676518574357 
-0.00449119956465438 -0.004239124711602926 0.003989024160546251 
-0.0022008315136190504 -0.0026915872003883123 0.002261192217702046 
-0.0004951623996021226 0.0012754224007949233 0.00014103836110734846 
0.0002535697421990335 0.0019164460973115638 -0.00029767717933282256 
0.0003936709472327493 0.0010488346742931753 -0.00023603967201779597 
0.0001934362235260778 0.0004155075002927333 0.0001900526403915137 
0.00026345271851369034 -0.0018284787656739354 -0.000692918139975518 
0.0006443160455091856 -0.00638300331775099 -0.0009755987848620862 
-0.0006174939026095672 -0.003925153392628999 -0.0013226357696112245 
-0.0011348114348948002 9.890686487779021e-05 -0.0014140939310891554 
-0.0002493809224688448 -0.0002704576909309253 -0.0002368761845445988 
-2.4435583100057556e-05 -8.205218728107866e-05 -6.957252480788156e-06 
0.0014096923405304551 -0.001657478278502822 0.002352679963223636 
-0.00017364486120641232 0.0009023731108754873 -6.579255568794906e-05 
-0.0007557122735306621 0.0020570625201798975 -0.000865074987814296 
5.918776150792837e-05 -0.0002642418839968741 0.0008223073673434556 
0.0020624814787879586 0.0011725213844329119 0.0003180790226906538 
0.002937009441666305 0.005288599757477641 -0.0012372334022074938 
0.0029491345630958676 0.006358542101224884 -0.001331678155111149 
0.0023233306710608304 0.0039164590707514435 -0.0007805038621881977 
0.001243701743078418 0.0020101102854823694 0.0004557428474072367 
0.0001786326010915218 -0.0009318139054812491 7.05303973518312e-05 
-0.0004036684476886876 -0.003493158903438598 -0.0005815625772811472 
-0.00080823217285797 0.00029858178459107876 -0.001159487699624151 
-0.00037666473508579656 0.0008163658785633743 -0.0008801248040981591 
-7.411015940306243e-05 -0.00031624894472770393 -5.777311889687553e-05 
-1.2611443253263133e-05 -0.00010364437866883236 1.2942673492943868e-05 
0.0009462735615670681 -0.0006683584069833159 -0.0001519658835604787 
0.0016021793708205223 -0.0003588153049349785 -0.001947009121067822 
0.0007453263970091939 -0.0006849992932984605 -0.0006951655959710479 
0.000590975396335125 -0.0004925492685288191 0.000779578578658402 
0.0012089409865438938 0.0010836173314601183 -0.0001192272175103426 
0.0013319680001586676 0.0029304875060915947 -0.0013224614085629582 
0.001402831170707941 0.0035873299930244684 -0.0011315981391817331 
0.00126916472800076 0.0024610029067844152 -0.0006225519900908694 
0.0008893943740986288 0.0017760898044798523 -5.8832461945712566e-05 
0.0002463308846927248 0.00015187284225248732 0.0002895940706366673 
-0.0002475442015565932 -0.004532824852503836 0.000461412564618513 
0.00012677759514190257 -0.0032399360788986087 0.000177642228663899 
0.00018608936807140708 0.0002665199644980021 -0.0006271248712437227 
-9.935174603015184e-07 3.84224986191839e-05 -0.0001383954513585195 
-2.975103143398883e-06 -6.532682778015442e-05 3.282780926383566e-05 
0.0002855487400665879 -0.0002226305950898677 5.7539669796824455e-05 
0.002553577534854412 -0.0009219100465998054 -0.0022670680191367865 
0.003451458178460598 -0.003047879319638014 -0.001625095959752798 
0.0022025099024176598 -0.00427800853503868 0.0009084278717637062 
0.00037512602284550667 -0.00437072676140815 0.0015824290458112955 
-0.000772329862229526 -0.0038760637398809195 0.000591808493481949 
-0.0009682787349447608 -0.003271837718784809 -5.557194526772946e-05 
-0.0005431238678283989 -0.0009301321770180948 -0.0002230065110779833 
7.094786269590259e-07 -1.84423552127555e-05 -8.51059867272852e-05 
0.0001796786382328719 0.0003078345616813749 0.00020083816707483493 
0.00028596514312084764 -0.0023478989605791867 0.0005568398410105146 
0.0007829285750631243 -0.003320090938359499 0.0006292461766861379 
0.0004715962859336287 -0.000743640644941479 -4.605817957781255e-05 
7.937209738884121e-05 -5.388911813497543e-05 -3.231556911487132e-05 
9.387792488269042e-06 -4.338507415013737e-05 3.537314205459552e-05 
9.816285455599427e-06 2.7728674467653036e-08 -1.022149808704853e-05 
0.0006295975763350725 -0.000259649968938902 -0.0005549276247620583 
0.0020165566820651293 -0.001707868417724967 -0.0006045983172953129 
0.003009956330060959 -0.003017767798155546 0.00023403752129524946 
0.003035126021131873 -0.00345671025570482 0.0005268559652904514 
0.002534081693738699 -0.0030014755902811885 9.641340875532478e-05 
0.002752188011072576 -0.0023970858892425895 -0.0005613480225292733 
0.002441128483042121 -0.0003085527569055557 -0.0005131024281581631 
0.002071054157568142 -0.0010370154632255435 8.01687128841877e-05 
0.0010925796232186258 -0.000465062097646296 0.00013392169785220176 
0.0002721681084949523 0.0006879263382870704 0.00018262056255480275 
0.0004127657593926415 -0.0005867773725185543 0.0003936293360311538 
0.0002941258571809158 -0.0005391946906456724 0.0001619248250790406 
4.956299744662829e-05 -0.00010147989542019786 1.0322630259906873e-05 
5.4125807764648926e-06 -1.8612570556797436e-05 1.0923958143393975e-05 
8.183829687169464e-05 -6.078768137740553e-06 -6.719324028381379e-05 
4.795310087502003e-05 -2.3587857867823914e-05 -5.426902498584241e-05 
-0.0002345503307878971 -8.652966062072664e-05 0.00013002549530938268 
-0.00019937229808419943 -7.317360723391175e-05 0.00019152852473780513 
0.0005257683806121349 -0.0003014562535099685 -2.6564026484265924e-05 
0.0022083711810410023 -0.0013688465114682913 -0.00037543929647654295 
0.004374164098408073 -0.0032049386063590646 -0.0008648464863654226 
0.004715050745289773 -0.003417902276851237 -0.00025642846230766736 
0.003512631665216759 -0.0030266394605860114 0.00048382415843661875 
0.0019717447721632197 -0.0017066544969566166 0.0002964239538414404 
0.001203642510517966 -0.0004048621340189129 0.00035196245880797505 
0.000502620645420393 -0.0002306546230101958 0.0002597051552584162 
9.409373615199002e-05 -0.0001331308976659784 5.75075810047565e-05 
6.773896757295006e-06 -2.9632761197717628e-05 2.9159435825931723e-06 
1.296760245850237e-06 -4.163471231777294e-06 1.7147503967862576e-06 
-4.094833639101125e-05 -5.026358485338278e-05 3.4387023788440274e-05 
-0.00014397071390703786 -0.00024253218725789338 0.0002542938400438288 
-0.00013338622011360712 -0.000231011668802239 0.00030367187719093636 
-1.4876112800266128e-05 -3.9642192859901115e-05 4.220844220981235e-05 
6.967427907511592e-06 -5.278193384583574e-07 -6.047221631888533e-06 
7.5965139103573165e-06 6.014118980601779e-08 -1.073144886731825e-06 
5.556579623089419e-06 -6.913510652850618e-07 -6.803470427030334e-07 
1.7917024166536066e-06 -2.3518555636314886e-07 -5.474776969549566e-07 
-4.043836383971211e-06 1.379167315462837e-06 -1.4121172853265307e-07 
-8.293928112834692e-05 -3.975936851929873e-05 -2.8985647077206522e-05 
-2.3667525965720415e-05 -0.0005065360965090804 -1.5593866010021884e-05 
0.004101053171325475 -0.0008291071208077483 0.002553568730945699 
0.005928971746470779 0.0017705870704958215 0.0049368510153726675 
-0.000507151591591537 0.0022776469559175894 0.005335426074452698 
-0.0010787242645164952 0.0002609886505524628 0.0023075805220287293 
-0.00012209235774207627 -8.79404105944559e-05 6.67037456878461e-05 
-0.000438655599282356 -0.0008918968378566206 0.0011185428229509853 
-0.0008583639864809811 -0.0013155812048353255 0.002000598207814619 
-0.0005500119841599371 -0.0006215130269993097 0.0006916743659530766 
-0.00025025527975230943 -0.00014285274664871395 9.950482490239665e-05 
-0.0001560530417918926 3.845667379209772e-06 3.456415106484201e-05 
-5.446110026241513e-05 1.4113638826529495e-06 9.140036809185403e-06 
-1.2580336260725744e-05 -2.0174513792881044e-06 -1.1949860436288873e-05 
-4.709359200205654e-05 -1.7887439753394574e-05 -9.881459300231654e-05 
-0.0003653196035884321 -0.0003338911701575853 -0.0003700820161611773 
-0.0026049386360682547 -0.002743195138464216 -0.0018224132945761085 
-0.0004123577964492142 -0.005293822352541611 -0.0006531753460876644 
0.0012696207413682714 -0.0010968906717607751 0.0014962845598347485 
-0.001699221451417543 0.0008836998276819941 0.0038881477812537923 
-0.0010002566486946307 -0.0001002516073640436 0.0024599474272690713 
3.51992784999311e-05 -1.0114774340763688e-05 0.00030521300504915416 
-0.00043533684220165014 -0.0003809112822636962 0.0013423561467789114 
-0.002284636371769011 -0.0018985522910952568 0.003163232351653278 
-0.003464531015197281 -0.0027562296018004417 0.0023708298103883862 
-0.0034797494881786406 -0.0008497367380186915 0.0010502280201762915 
-0.003456673352047801 0.0004546355048660189 0.0005089544938527979 
-0.0020299997995607555 0.0006152426394692156 0.00022138241911306977 
-0.0006993777024035808 0.00029438197452691384 -3.390391793800518e-05 
-0.0006305853021331131 -0.00019634079944808036 -0.0008137942350003868 
-0.0007553163159172982 -0.0015555330028291792 -0.0023656728444620967 
-0.0022095555905252695 -0.0043770856282208115 -0.0024293275782838464 
-0.0030159635352902114 -0.004743783167214133 -0.0026456133637111634 
-0.0019311397918500006 -0.00109161960426718 -0.0019375501760805491 
-0.00111793665564619 -0.0003220526887162123 0.0004690030182246119 
-0.00045211824908619747 0.00030598725425079465 0.0004301273147575557 
0.00038687651976943016 -0.0007162755355238914 0.0013310590875335038 
-0.0004167965380474925 -0.00012573366984724998 0.0010999402729794383 
-0.002828220749506727 -0.0006257966160774231 0.001302455086261034 
-0.0058812538045458496 -0.002355723176151514 0.002403493272140622 
-0.006666735251201317 -8.22957226773724e-05 0.001652858278248459 
-0.006551097379997373 0.0035486939013935626 0.0005800236376671819 
-0.003708746808115393 0.005765853566117585 -0.00031313639919972047 
-0.0009426008764421567 0.00368208899453748 -0.0002951863862108439 
-0.0003006257093147724 0.0014936812804080546 0.0003484548069536686 
-0.0004570805722323712 -0.0021539380541071296 -0.0023891045711934566 
-0.0007207535381894559 -0.003564898911946557 -0.0027144370833411813 
-0.003363540192367509 0.0016993804601952434 -0.0039917964895721525 
-0.001953297223735717 -0.0020107026502955705 -0.0016384252812713385 
8.315021841553971e-05 -0.004077980760484934 0.0009508733346592635 
-9.282676546717994e-05 -5.6378019507974386e-05 -0.00033464800799265504 
6.741908146068454e-05 -0.0003676580381579697 0.0009566024818923324 
-0.0008824969991110265 0.0012982230255147442 -0.0002959862313787198 
-0.0016992833698168397 0.0012563636591949034 -0.0009816005040192977 
-0.002498845278751105 0.00044702074956148863 -1.2698466889560223e-05 
-0.0007207429152913392 0.0011237898434046656 0.00026203508605249226 
0.002028123941272497 0.006567180156707764 -0.0009488979703746736 
0.004785291530424729 0.012599425564985722 -0.0024248598783742636 
0.005011168250348419 0.009579488621966448 -0.0018693154561333358 
0.0033213064234587364 0.005337320384569466 0.0016733391676098108 
0.0008163892343873158 -0.00024507741909474134 0.0006712734466418624 
-0.0011236957798246294 -0.004015297279693186 -0.0008564103627577424 
-0.002416425384581089 -0.0005046285223215818 -0.0012874853564426303 
-0.0011416326233302243 -0.0035257130512036383 0.00013069517444819212 
-0.00017979932090383954 -0.0034790814388543367 0.0009537342702969909 
-0.00015207891556201503 -0.00010248123726341873 -0.00022348971106112003 
0.00012455973774194717 0.00046737035154365003 -0.0002111638259520987 
-5.2736024372279644e-05 0.00343876623082906 -0.0023584113514516503 
-0.0006122136546764523 0.003926809731638059 -0.0025593209284124896 
-0.00039013681816868484 0.002111068810336292 -0.0010690162671380676 
0.000614255084656179 0.0005597679410129786 -0.00019111577421426773 
0.001913646818138659 0.0030989765655249357 -0.0007379606831818819 
0.003557557938620448 0.007279417826794088 -0.0014971610507927835 
0.00355159945320338 0.0057587088085711 -0.001334943124675192 
0.002157975599402562 0.0030574737465940416 0.00010604361887089908 
0.0005768996961705852 0.0005711357371183112 0.000573343422729522 
-0.0007145034614950418 -0.004708945867605507 0.0007533841417171061 
-0.0007641537813469768 -0.004535978194326162 0.0007456560015270952 
-0.00025442958576604724 -0.001817106269299984 0.0001469708513468504 
-7.50869803596288e-05 -0.0014825371035840362 0.0009008099732454866 
-5.010808672523126e-05 -0.00016242671699728817 0.00017432401364203542 
0.00036488560726866126 0.00021818776440341026 -0.00034306704765185714 
0.00176330772228539 0.002090962589136325 -0.00277334894053638 
0.0016330576036125422 0.0025580874644219875 -0.0027563227340579033 
0.0012017041444778442 0.0013584690459538251 -0.0010874546715058386 
0.0008390654111281037 -0.0004571468016365543 -0.00013823190238326788 
-0.00014893466141074896 -0.0016733709344407544 0.00021199113689363003 
-0.0004045036621391773 -0.0017084614664781839 -0.0001199913676828146 
-0.0002640059683471918 -0.0010660903353709728 -0.00015527916548307985 
2.9454356990754604e-05 -0.0008512437925674021 6.188468614709564e-05 
0.00024051002401392907 9.167593088932335e-05 0.00023873108148109168 
0.0003323802666272968 -0.002158831339329481 0.0007442935675499029 
0.0012095135753042996 -0.00444641790818423 0.00110398989636451 
0.000973425863776356 -0.0021559910383075476 0.0003794220247073099 
0.00014831084990873933 -0.0007742080706520937 0.0005485879664774984 
1.5871526557020843e-05 -0.00017547677271068096 0.0002352744631934911 
0.00013576302444562316 7.817092091499944e-05 -0.00015354117203969508 
0.0007435774896293879 0.00043222967360634357 -0.0009013899834826589 
0.0013184072449803352 0.00037502043414860964 -0.0009614999871701002 
0.003649796824902296 0.0003340523107908666 -0.0012705402914434671 
0.005534496158361435 -0.000700536067597568 -0.0018959895242005587 
0.004954553907737136 -0.002746571321040392 -0.0010857044253498316 
0.004601317341439426 -0.0036653619026765227 -0.0009055859700310975 
0.004111536080017686 -0.002558937994763255 -0.00020822975602641236 
0.0038410676643252373 -0.0029663656605407596 0.00048134589451365173 
0.0030884368461556733 -0.0015732105821371078 0.0004622700798790902 
0.0028486120281741023 -0.0004739913856610656 0.0011813603632617742 
0.0022150074364617467 -0.002533311111619696 0.0014630889636464417 
0.00038986513391137123 -0.0015360644611064345 8.08533513918519e-06 
-0.0003381513015483506 -0.00011091458145529032 -0.00043676787572621834 
-5.100044472783338e-05 -2.2051572159398347e-05 -2.5128805646090768e-05 
6.107250953846233e-05 2.389374236599906e-05 -6.057106020307401e-05 
1.7274782294407487e-05 5.9290212448104285e-05 -6.410518835764378e-05 
-0.00023301760666072369 7.685686568947858e-05 0.00011941796401515603 
0.0011816774494946003 0.000524701379617909 -0.0005570458015426993 
0.004010323202237487 0.00033771968446671963 -0.0018921155715361238 
0.006252929102629423 -0.002133036614395678 -0.0018245410756208003 
0.007322662975639105 -0.005236136901658028 -0.0014675751299364492 
0.008215475012548268 -0.005628235143376514 5.4688567615812644e-05 
0.007545619737356901 -0.005183294939342886 0.0009806405287235975 
0.006803709256928414 -0.0038426524261012673 0.000983208277830272 
0.007147252443246543 -0.0030080872238613665 0.002174560766434297 
0.003148771123960614 -0.0017039366939570755 0.0013952713125036098 
-4.717460251413286e-05 -0.00016215779760386795 -0.00018953094695461914 
-0.00025431150424992666 7.757552521070465e-05 -0.00026575483207125217 
-2.132544068444986e-05 2.5434546842006966e-06 -2.236172258562874e-05 
-1.6725145428608812e-06 -7.984795047377702e-07 1.450345735065639e-06 
-3.93660661757167e-06 -1.1170018296979833e-05 1.0238699815090513e-05 
-4.315919795772061e-06 -1.3708923688682262e-05 1.2284649073990295e-05 
-6.627873290199204e-07 -1.999034793698229e-06 5.3657231546822004e-08 
3.3731661801539303e-06 -2.3423501716024475e-07 -7.648815767424821e-07 
7.610790135004208e-06 -1.7558263820660613e-06 -1.9703693965311686e-07 
7.854829078723924e-06 -2.0690768920417213e-06 -6.013274678196012e-07 
4.698959799043223e-06 -6.788588162720544e-07 7.754438797746843e-07 
-3.7008762774348725e-06 1.3205180948716588e-06 8.706529115443118e-07 
1.4035053027328104e-05 -4.7457946493523195e-05 2.877728547900915e-05 
0.0005031709733884782 -0.00033511894798721187 0.00034182700619567186 
0.003409977682167664 -0.00029762361373286694 0.0026080069292220287 
-5.7502882555127144e-05 0.0032390491105616093 0.0040348202746827155 
-0.006064154673367739 0.004342268221080303 0.00519873364828527 
-0.0021205682423897088 0.0008154396164172795 0.0022653811174677685 
-1.4014150110597257e-05 1.3241581200418295e-05 -1.0044036571343895e-06 
-3.761296466109343e-05 -3.060388917219825e-05 4.773330510943197e-05 
-7.501687105104793e-05 -0.00010016402666224167 0.00010925143214990385 
-7.595379065605812e-05 -9.670483268564567e-05 5.9996975323883817e-05 
-0.00010513716915738769 -4.201561023364775e-05 3.941612521884963e-05 
-0.00013957817736809375 -2.6957078091527364e-05 3.708469284902094e-05 
-8.687250465300167e-05 -1.9713763322215527e-05 1.4110740607975458e-05 
-6.10777351539582e-05 -1.034128126775613e-05 -1.8814593204297125e-05 
-0.0003476853162283078 2.2293059828371042e-05 -0.0002630545770898607 
-0.0004082373343408108 -0.00016447700909338892 -0.00033916792017407715 
-0.00021161051699891686 -0.0010105013498105109 -0.0001944497344084084 
0.0016598657675785944 -0.0008659679901938944 0.0014301394257927313 
-0.0016449178219772875 0.0021221576462266967 0.0026646668557077646 
-0.005853879090864211 0.002424912301648874 0.005612365901470184 
-0.0019993497407995164 0.00034790746576618403 0.003093395847827196 
-3.271108789704158e-05 6.149432374513708e-05 -9.553967174724676e-06 
-7.883276430220576e-05 -5.854904884472489e-06 6.0157217376399785e-05 
-0.0002487768797436729 -0.0003142383066006005 0.00022774061653763056 
-0.0007058531373331789 -0.00040271406760439277 0.0002830426092259586 
-0.0019402879406698048 1.4739525795448571e-05 0.00033374293707311153 
-0.0034415979171171784 0.0001956359774339944 0.0004903199965156091 
-0.0032603087020106614 0.0004834897699765861 0.0003601294520194642 
-0.0021525102856685407 0.00023441902885679156 -0.00018911743245553225 
-0.0034929514440591447 0.00019247294403612614 -0.0025164603866869584 
-0.004321435000747442 0.00015101817552931607 -0.004029456962598488 
-0.0018827817984856665 -0.00026095713838003576 -0.0016587440622970462 
-0.000861135427840054 -0.00017068124725483358 -0.0006820039125159383 
-0.0007324456237256527 -0.0007480582571588457 0.00039778696628900434 
-0.0013631804031319916 -0.0010125000844709575 0.0026623537996783853 
-0.0008462603072985075 0.0010831283871084452 0.00036504282616078854 
-1.9215854990761727e-05 -1.5073295799084008e-05 6.874199607409537e-05 
3.000532160513103e-06 -0.0004011440323665738 0.00019971324945800006 
-0.0002694308386708144 -0.0007582947728224099 0.0002187765494454652 
-0.001618244219571352 0.0002958770783152431 1.5918660210445523e-05 
-0.004024713809485547 0.000831565004773438 0.0002509401674615219 
-0.007446439121849835 0.0010485402744961902 0.0009856871038209647 
-0.008354282123036683 0.0030208879616111517 0.000858627792695188 
-0.006255797401536256 0.002189608523622155 6.353686330839992e-05 
-0.005300336983054876 0.0015866425819694996 -0.002434694324620068 
-0.004505297662035446 0.0006721216368532623 -0.00409191963262856 
-0.0015790554462000728 2.391685120528564e-05 -0.001737521670293063 
-0.0010099430692207534 -8.37128609418869e-05 -0.0008013224542082753 
-7.277179975062609e-05 -0.004671060247346759 0.0007933986344141886 
0.000303520251691225 -0.004391297843540087 0.0012049538781866431 
-0.00038584868889302015 0.0021443775622174144 -0.002871004631742835 
-6.742545156157576e-05 2.3798149413778447e-05 6.530589143949328e-05 
-0.0001486513065174222 -9.068117651622742e-05 -2.5450150133110583e-05 
-0.0002482067393430043 -0.00018762977560982108 -0.0002929417823906988 
-0.0007596474606543779 0.000743116601370275 -0.0006171605200506747 
-0.0006000474968459457 -0.0007878021569922566 7.801700849086046e-05 
-0.0008327049145009369 -0.0008855605747157824 0.0008475434951833449 
-0.0010956769692711532 0.0024126000935211778 0.0003792298084590584 
-0.001116942139560706 0.003526141168549657 -0.000198232417460531 
-0.0002907506095652934 0.003654845175333321 0.0005317233735695481 
-0.00023532639897894114 0.001485856861108914 -2.7347239665687084e-05 
-0.00043354298031772487 -0.0005315821326803416 -0.0003291973553132266 
-0.0008487086088280194 -0.0015292476455215365 0.00016159555525518954 
-0.0006419949349947274 -0.0055124154314398766 0.0013119453797116876 
-0.0002869397576432675 -0.0034012902760878205 0.0009967843070626259 
-0.0005325416277628392 0.0020166440517641604 -0.0020584184676408768 
-5.234743730397895e-05 0.00023166971550381277 -0.00010444897270645015 
-0.00016197716468013823 0.0013171347236493602 -0.0008142478618538007 
-0.0002823506365530193 0.002797381195705384 -0.0015685806865803897 
-0.0001427103125024587 0.0033114991383627057 -0.0017191052611451596 
0.0006914611149113625 9.420036803930998e-05 -0.00043319522228557616 
0.0010217370436294004 -0.0004127549473196268 0.00042698239485616796 
0.0009936154092429206 0.001974258993868716 2.335887256776914e-05 
0.0010963619588437723 0.0028168430435471237 -0.00048201970639638603 
0.000927695058635436 0.0023785319353919476 -7.484032539650798e-05 
0.0002496505476301536 0.0009650443680584431 0.00011213694233447313 
-0.0002081890452245716 -0.0006150869885459542 0.00011156742402818054 
-0.0004744817561004311 -0.0014916521613486111 0.00037844726466573775 
-0.0005405380506999791 -0.002725711208768189 0.001173843746073544 
-0.00015126587823033333 -0.0017613711243029684 0.002013772143982351 
-0.0002943251747637987 0.0010495620081201196 -0.0002791834995150566 
7.848172390367836e-05 0.0001699626268987231 -0.00016254321963060647 
0.0003403283772058785 0.001052060746587813 -0.0009106447105295956 
0.00038672384107485414 0.0025787593913264573 -0.001586333615705371 
0.0006969042005948722 0.0039328146376647055 -0.002078695280943066 
0.00095238220092142 0.0027785476995632052 -0.0013208730888436548 
0.0006621569909839309 0.0034302297863177955 -0.0004201239498797804 
0.000590808091146755 0.0033602584153413773 -0.00015091568639036268 
0.0006421351354219951 0.0013221206027083099 4.633449134416878e-05 
0.00038347872032318264 0.0005019255331717432 -0.0001792530092643574 
9.401300849276595e-05 0.00017766944074537605 -9.802419299376197e-05 
0.0001379021559841931 -0.0003951646722271107 0.00022907280890649417 
0.0005152884114068002 -0.0010216062073595822 0.0004116417512705084 
-0.0001494124880991876 -0.0010981565355905332 0.00018574006389826536 
-0.0004962001694366336 -0.0007242523715831339 0.00089266337454319 
-0.0002192569081671536 0.000241265312070027 0.00013826275244355202 
6.541476614074782e-05 6.725593601686342e-05 -9.175187005894259e-05 
0.00022545745014213026 0.00021036570251453668 -0.0003040726587641984 
0.0006178704788908362 0.000491611659526825 -0.0005139451241120696 
0.003147950512357056 0.0018191419076174498 -0.001965519622899592 
0.005157017847523093 0.0019289718475192785 -0.0029813667060807347 
0.0038825875817565247 0.0025677650701254606 -0.0014631546509917825 
0.0028067739331163466 0.0033638854511082172 -0.00036268893018132076 
0.0025815567933022976 0.0017596508841961622 0.00019057215831708163 
0.0019231923361076042 -0.00020990672055631876 6.1022903537377715e-05 
0.0017365880339639261 -0.0011009216541424394 0.00029273717518663034 
0.0029938342049717903 -0.0013425573706626892 0.0013077872281428427 
0.0029556243389379233 -0.00038170249263203004 0.001235517644090578 
-0.0007785411435179412 0.0010986600054252449 -0.0016810051165521145 
-0.0018906184704974294 0.0008290063342428766 -0.002089677844196558 
-0.0003665032381832134 0.00014123673281574156 -0.00033119307681772625 
2.6537284611549694e-05 1.788661370483169e-05 -2.8458613996917848e-05 
4.760616138810292e-05 3.404192648304161e-05 -4.860452827415429e-05 
0.0001408981333952397 1.9322709704283625e-05 -3.1525836675427854e-05 
0.0021409226465038955 0.0006833047009422444 -0.0011138403206132352 
0.006091586910770275 0.0015167375095188618 -0.003117557876976207 
0.007111705024726689 0.0019044048385694623 -0.0023962813247635495 
0.004617222963133827 0.0023446576669812202 -0.0005780327701359056 
0.00528330952511169 0.0021419950062409043 0.0003155366866849363 
0.00509303671105954 4.881598215433769e-05 0.00019549928401829675 
0.0059472834909684025 -0.00163142109522596 0.0006819763075327501 
0.007966105244122446 -0.0028487674426287413 0.002408673462923616 
0.004750034888274968 -0.0006398966434062459 0.0017466488061472774 
-0.00012014276217087172 0.0013219859101809561 -0.000852348079206422 
-0.0008272792911157012 0.000530850021277729 -0.0009536638099234551 
-9.971479448722675e-05 4.265245115675498e-05 -0.00011083960998803377 
-1.2670127036429335e-07 1.9183794641719487e-07 -5.1294424707748476e-08 
-3.786602214006507e-07 4.5708959106605107e-07 -7.229218823567862e-08 
-4.748100153051382e-07 5.614090383687653e-07 -1.4353700805713743e-07 
-1.5807787168142795e-07 5.16726331056816e-07 -2.2564867308005887e-07 
9.718191513741203e-07 -4.874804560017765e-08 -1.0058244015453965e-08 
2.8170750638878417e-06 -8.532517248305282e-07 -4.826197042007152e-08 
3.357492630584602e-06 -1.0852736682664954e-06 -1.2027384865831436e-07 
3.0168527302976145e-06 -1.3850178248731027e-06 1.2723560587346583e-06 
-6.016361453475838e-07 -3.094942059078676e-06 2.0633198118957807e-06 
8.006718053366058e-05 -4.500722138800484e-05 6.025123911967967e-05 
0.00041474224417470396 -0.0001626637822482735 0.00027755174778576475 
0.00025480587646597996 0.0001567309082020074 0.0006044524707249366 
-0.002958927805593703 0.002142726312740706 0.0006807564132031985 
-0.00430846365634352 0.0026026619016192853 0.001158308168669464 
-0.0010602123693388421 0.000569322714000009 0.0004836052539758384 
-1.2938917883786871e-06 2.47251075791155e-06 -9.40944698157864e-07 
-4.4369268863420075e-06 6.7032877950623515e-06 -1.7987279079534346e-06 
-7.3884228535270324e-06 7.987452022462094e-06 -1.369986080135277e-06 
-6.023111950526072e-06 3.917625861049601e-06 2.3886218514235225e-07 
-4.16825514548691e-06 -4.472090836316056e-06 5.01982913192478e-06 
-3.310038664494641e-06 -1.5660085466606688e-05 6.026806318004674e-06 
-7.4461895565036684e-06 -1.624063884264615e-05 8.549078529540566e-07 
-4.6103477870929055e-05 -1.4751750313735101e-05 -1.861316013673786e-05 
-0.0003606355530791916 6.355038203764707e-05 -0.0002027044304213632 
-0.000212332459341269 9.736686843098141e-05 -0.0001057249610312283 
0.0010279328562319279 -3.135346923954785e-05 0.0006660552753601223 
-0.000468206513687619 0.001300659350818023 0.0004070570789735939 
-0.004990111861843616 0.0033131222589872777 0.00043042219476774335 
-0.006886227318318561 0.0036957489319320302 0.002794182801153511 
-0.0026883325481321663 0.0014115518133621663 0.0024701524525880814 
-5.5255766824302555e-06 1.1655871105631377e-05 -5.082484761942396e-06 
-1.7729395267451764e-05 2.9442239792842884e-05 -1.0642107866942752e-05 
-3.255003430524539e-05 3.129688366243499e-05 -8.019368578970898e-06 
-6.310646040219581e-05 2.13595050126969e-05 4.376623110147193e-06 
-0.00021641411512973718 -1.3069515262031928e-05 4.364437336334959e-05 
-0.000571500335354358 -5.5699743825243786e-05 8.83290013007354e-05 
-0.0008782557415543124 -2.2035335859982297e-05 7.36728867138936e-05 
-0.0011258970407652669 -5.905286525376141e-05 -0.0002912212585215457 
-0.003273428970715031 0.000860967964399606 -0.0020498086050793063 
-0.004520292452070862 0.002646487730089575 -0.003240774560254067 
-0.001635321299545467 0.0030267027905210853 -0.0014732978161191568 
-0.0011749044788302854 0.0030674280133098364 -0.0008424220432061702 
-0.0018134596175514162 0.0020228783250786364 -0.00019897344463970512 
-0.0032700165902497247 0.0018879008857766166 0.0026779062463901937 
-0.0028282232815399766 0.002122127771144733 0.002579675754532218 
-1.0595245612421422e-05 2.082558626170794e-05 -9.69819166130037e-06 
-2.523281546018552e-05 2.503351424820721e-05 -1.4965745094741578e-05 
-4.766758178220698e-05 3.885616024490446e-07 -1.3895180018153042e-05 
-0.0001528040174889611 5.22990376339294e-05 -2.4861285055521876e-05 
-0.00047294625255744904 -9.737842992763035e-05 7.15740131909115e-05 
-0.0013741786242462695 -0.00029106918373145163 0.00028858468431280926 
-0.0023856313491705805 -0.00029505958082154393 0.0004435326518432703 
-0.0028128347476013005 -0.0006182102952152491 -3.4487806260585785e-05 
-0.004297974810469896 0.001155576203018427 -0.0022195245837792754 
-0.004589013929944485 0.004123979946598411 -0.0036744038807228208 
-0.0017787586548365653 0.003900374285876751 -0.002219203859567642 
-0.0005243282066658139 0.002214014413766563 -0.000904773420188576 
-0.00033424628782086074 0.0008732964633964002 -0.00034693008637987077 
-0.0003987150703324005 0.0005110653582960367 0.0006626798713114113 
-0.0003743205452337861 0.002350236813072115 -0.0011794196907430887 
-1.3781178950011963e-05 2.57108993082511e-05 -1.301443273860059e-05 
-3.4264691294083605e-05 3.964491315855412e-05 -3.4667669638110965e-05 
-5.2051003876840696e-05 7.853593888285104e-05 -8.70908515935298e-05 
-5.349960702005774e-05 0.00011873435869347304 -0.00014862274474580772 
0.00013356814451981336 -0.0006434119131881744 8.440959936706349e-05 
-7.291237125173211e-08 -0.001286800602429139 0.00048277386849804316 
-0.0006339751416817307 -0.0013772192760370672 0.0007491587602999061 
-0.0014874354237690568 -0.001059484900906682 0.0007436113664880395 
-0.0017922582919709384 0.0010621261317282915 0.0002526144962757826 
-0.001489027461502701 0.0038180584087967873 -0.001033033593557775 
-0.0006557787710335106 0.0034760183189064264 -0.001395100262016058 
-0.00025879493477987126 0.0014183269813656807 -0.0007109633879736066 
-0.00024091407840387546 9.107403457164764e-06 -9.544083949464266e-05 
0.0006016218976583332 0.0001974322076421231 0.0017423255485482514 
0.0014313976280391216 0.001981106761377305 0.0017759898910298944 
-9.859953365776164e-06 3.9111293517635204e-05 -2.4232057057815837e-05 
-3.678141569452009e-05 0.00018034931747479277 -0.0001113172780833338 
-6.46024927846156e-05 0.0006172955763759091 -0.00032336802814825205 
4.48008378839404e-06 0.001067147619323805 -0.000564679728995543 
0.00038596277590841055 0.0001792402472347021 -0.0002117173935403116 
0.0004988544387742877 -0.00010414811549708247 0.00019222816627006978 
0.00022324024757836014 -0.0003849573549814522 0.00038061809755163267 
8.611503290012479e-05 -0.0010791064087243285 0.0006134305149316788 
-0.00021992201800458133 0.000917141092941165 -2.8321577701717615e-05 
-0.0007507815025746822 0.002809234894812107 -0.0007633164641447365 
-0.0006726290266669821 0.002246339339762926 -0.0007049947162158787 
-0.000326438901538495 0.0008318155305460095 -0.0003703624533955008 
-0.00024064717581495643 -0.0004143492260482162 0.00024728785501793027 
0.0007822386687621474 0.0003295243514003232 0.0029702618485316634 
0.0011220099404454231 0.0015717132191639394 0.002909540431573987 
6.652036290688557e-06 4.122346263102372e-05 -3.320265022921376e-05 
1.950701880559791e-05 0.00019341866163813393 -0.0001317699807259487 
4.581776011036709e-05 0.0006729435190209188 -0.00035391869459999725 
0.00017912875773617998 0.001540263769129524 -0.0007574713818030432 
0.0002859208398149349 0.0019938694313168526 -0.000636563403531909 
0.00019766213608818362 0.0033278767950832844 -0.00044226134195923805 
0.00048440917453262955 0.0016779646975919604 0.00020431433949852362 
0.0011264452132309088 -0.0025350949726998806 0.0011406402627471834 
0.0010330901277484372 -0.0010920248460024595 -0.00023524253629148006 
0.0002487151068635285 0.0006181607604958117 -0.0009623056739656022 
-6.717551150359213e-05 0.0005057943635620177 -0.0001507925262558274 
0.00032620743149891496 0.0010831364197656512 0.0003113944112556055 
-0.0004919443745166063 0.0002230820246040821 -2.646649954840541e-05 
-0.0006583944195881486 9.61767218541354e-05 0.0007454294245690107 
-0.00029216986149549484 0.0005518154212040827 0.0003876080736517906 
1.0109271784131124e-05 2.046158374469087e-05 -1.9310314428366837e-05 
3.730897878995165e-05 7.927940714580473e-05 -6.337804006761871e-05 
0.0001366501528536901 0.00020849851716775447 -0.00014038116933079436 
0.0006367877649609 0.000581804160901811 -0.0004951356822857633 
0.0009443114449823042 0.0008060274412855506 -0.0006093176925787702 
0.0008518866961821914 0.002498294459655881 -0.00039637617010157555 
0.001006570877507329 0.0026271227397955954 0.00022051485575502738 
0.0001631626219023019 -0.00133194075897336 0.0011007958673872054 
-0.0014700256288051605 -0.0029614553786814213 0.00010763117461465299 
-0.0022851753747090697 -0.003022745018824935 -0.0003199571365257725 
-0.0006396282697096467 -0.0013724319287575781 0.0006064855988370255 
0.0028879978344775736 0.0031562726653646678 0.0014328714169096202 
0.0006850226200185716 0.0028046317165717483 -0.00038350847898982465 
-0.0016796710224298295 0.0005448558949865401 -0.001524274586699903 
-0.0005454329220810905 7.289768109330907e-05 -0.0004012760327896103 
4.275929370578524e-06 4.9273426441232004e-06 -5.155932441880395e-06 
2.0637826764868805e-05 2.4436831267848902e-05 -1.9834998056467157e-05 
7.788146479015268e-05 5.030089619140199e-05 -3.780335282499436e-05 
0.0004974641342414543 0.00013628456872538663 -0.000249428216193337 
0.0013657052186317742 0.00020843164747930132 -0.0006167561223264784 
0.0018705861875787377 0.0010196426301263273 -0.00046463545731967315 
0.0018223625957034528 0.0020422108937054873 -2.4538399884477258e-05 
0.0014136913232505322 0.0010101567604579031 0.00032432208536192775 
-0.00046689501323271543 -0.0013240885455161333 9.535904246149585e-05 
-0.0014863348915241659 -0.0027920741122215986 0.00026943307602778077 
-0.00011329635162837803 -0.0022299207776086405 0.0009716668646433391 
0.0027503771852934733 0.0015500443987548351 0.0013064112281426787 
0.0012519376468844712 0.002007675779168494 8.215869456762448e-05 
-0.0003545587242115289 0.00041717939893715084 -0.0005160073924344033 
-7.963303141877986e-05 3.340517143612942e-05 -7.960798393469304e-05 
-2.3064369988543e-09 4.9900128924751375e-09 -1.8108549937334573e-09 
-9.233958285503885e-09 1.8524096950800484e-08 -6.044014247419405e-09 
-1.7480206754294514e-08 3.313046684216836e-08 -1.0593159349703285e-08 
-9.58070832390856e-09 3.2831253993226284e-08 -9.907990039526027e-09 
6.727269519224421e-08 -7.863597384361043e-09 -1.1574047276141641e-10 
2.3879714050600853e-07 -8.590122195506478e-08 -4.469767750370224e-09 
3.875901595229436e-07 -1.4165410078259555e-07 1.5134961450780082e-08 
6.850976461691971e-07 -4.2556647628089195e-07 4.056513143169127e-07 
-4.625957217285759e-07 -9.050579592440045e-07 1.6906452060538868e-07 
5.364740900404286e-06 -1.0753870327562254e-06 4.943383601130336e-06 
9.523387234366965e-06 3.3143842642857635e-05 1.4950727745599579e-05 
-0.0002060340302705299 0.00019493263243930414 -5.410587618825957e-06 
-0.0007834723819541978 0.000460421168099856 3.167579052387737e-05 
-0.0009597984571882989 0.0005640326835418819 0.00016508937187609263 
-0.00033484906302305717 0.00024395918808295391 0.00014182165614329278 
-3.018891991946049e-08 6.719457665282924e-08 -2.7760971452184258e-08 
-1.3704463364128117e-07 2.696268277535552e-07 -9.391791022661522e-08 
-3.195649890819219e-07 5.443718888997751e-07 -1.6280855930084215e-07 
-3.339013847636352e-07 5.498085409172404e-07 -1.1422974477426351e-07 
3.6839507799868443e-07 -2.3718488181834196e-07 1.594174232621981e-07 
1.745804155461883e-06 -1.5471923227039497e-06 7.974296423185478e-08 
1.4788367366236344e-06 -1.511304148493764e-06 -9.295861076452638e-07 
-7.864009603508748e-06 -1.2105504083592677e-06 -3.845819222192404e-06 
-7.766033559164498e-05 1.9867791706928983e-05 -4.065514480089405e-05 
-0.00016168131696758792 0.0001662761133047752 -0.00011375716530892532 
-0.00022770959185436368 0.0006770447798771784 -0.0001687623198449728 
-0.0010047640680568293 0.0016086457762867212 -0.0004269950441084802 
-0.001986171744647436 0.0017967720923479646 -0.00013548160495702177 
-0.0032455090010898857 0.002528895071009174 0.0013110503641655669 
-0.0024148471420630813 0.001928437763126567 0.001886014302726835 
-1.8463409190427882e-07 4.1367270653402954e-07 -1.8555396030794924e-07 
-8.665082962266979e-07 1.7028070580238364e-06 -6.559651701820712e-07 
-2.221229857379825e-06 3.6096039472965913e-06 -1.1586162251830956e-06 
-3.680715906284604e-06 3.8887358186912024e-06 -7.960270842488626e-07 
-6.2676020320395764e-06 -7.068538252497092e-07 1.286864375060759e-06 
-1.91759408494363e-05 -5.403259137892746e-06 1.040282597841724e-06 
-5.45440343557857e-05 1.649718797125388e-07 -1.273083489650162e-05 
-0.00015812034325790592 1.5519617591053247e-08 -6.513631888083182e-05 
-0.0005821038766953279 0.00016824924387037754 -0.0003122289926977828 
-0.0010515423819015268 0.001101016765460372 -0.0008589322387706488 
-0.0009351101471111178 0.002549421857111156 -0.0010958521743305027 
-0.0010651377961039543 0.0036714680027216673 -0.0012657221523113549 
-0.0011042009864468127 0.002934520016424358 -0.0008485398138873279 
-0.0033499942219350487 0.003806632594205439 0.0018880248389905319 
-0.004324899138737237 0.0037734865909442306 0.0038167007733136415 
-5.364909325678013e-07 1.2377567966126435e-06 -6.009599928802345e-07 
-2.3849812187393127e-06 4.926479746814039e-06 -2.181282564350795e-06 
-6.036962446387406e-06 1.0464114012620485e-05 -4.253616893379331e-06 
-1.0880302966143063e-05 1.2180793760308006e-05 -4.822095945655747e-06 
-2.0897271951980656e-05 -1.0148522733288701e-07 4.80459902973962e-08 
-6.587138614122523e-05 -1.1023422757716617e-05 5.516905730473809e-06 
-0.00015396118271837622 -4.342173269833438e-05 -2.1602309061563574e-06 
-0.0002482753770891577 -0.0002726751263253391 7.734719838481396e-05 
-0.0004275317769497633 -0.00044296623673290014 0.00017140695126727223 
-0.0004619842511601746 0.0007254946976900101 -0.0004221490817144513 
3.0911469366401434e-05 0.002169686835259199 -0.001059994101524353 
-0.00022460264153778553 0.003759972983971238 -0.001792681636288762 
-0.0011932883353438228 0.0052877378184348345 -0.002217659028246999 
-0.0017623390012886375 0.003977449348894879 0.0006551294645760208 
-0.0010388341033831239 0.001838369877077639 0.0031691727926954627 
-8.085337013241656e-07 2.1881963547798478e-06 -1.1759113398568388e-06 
-3.6484035907946577e-06 1.0010888217948377e-05 -5.0885397229194496e-06 
-9.112818247558607e-06 2.7838555979542434e-05 -1.368240350529959e-05 
-1.0766200944090087e-05 4.330633009885787e-05 -2.310818149453553e-05 
5.895924459764501e-06 9.843133739195764e-06 -1.180919457510754e-05 
6.890922122693155e-06 -3.737298175110482e-05 1.8328279111301526e-05 
-4.1580515244277194e-05 -0.00016553689783904701 6.441771620302461e-05 
-0.00014513400674331933 -0.0006184846861287951 0.00039524954627268016 
-0.0003478165599517524 -0.000964451115578413 0.0009740357636474073 
-0.0005824606632813811 0.0004400685429573059 0.0004448596155270934 
-0.0004644521395675838 0.0025482825003564358 -0.001092576771043241 
-0.0005640282943204511 0.003756473772227764 -0.002320934901945293 
-0.0009770089673111215 0.004342991625890136 -0.0020812334842048585 
0.0004445717831913498 0.0011203708709217608 0.0025182342069456354 
0.0033071405487135053 -0.00037399306893348694 0.007319543743506074 
-5.251953498763839e-07 3.1843308789802904e-06 -1.9587473403248623e-06 
-3.025453843008563e-06 1.9383488506719004e-05 -1.0377664807492692e-05 
-8.274380547845794e-06 7.063707289489685e-05 -3.3587764391995734e-05 
-2.8918702810187824e-06 0.0001455912170058582 -6.480113825091394e-05 
4.494912900554482e-05 0.0001439036859665066 -4.3584032255239435e-05 
9.27749351831153e-05 0.00011801141954492778 9.820465493248776e-06 
0.00014835999172646552 -0.000350365400663577 0.00013803930596623104 
0.00021352530166041106 -0.001446111942641437 0.000556985309231095 
-0.0002375383410253562 -0.0013349876389838755 0.0007725535870122258 
-0.0012867930490756407 -0.00020720809698104858 0.0005454227211885154 
-0.0016957025072770193 0.0012107519432902336 -0.0002694767899811268 
-0.0012237278424436226 0.001218082383275032 -0.0010934206657111645 
-0.0010910194177995436 -0.000791254686191678 -0.0009900802106130868 
0.00032235600519925356 -0.00140749839192722 0.0026684850454330444 
0.002387123357038945 -6.7587607190944254e-06 0.005683953990228474 
3.6690247107173946e-07 3.652127844588904e-06 -2.5253243904899136e-06 
1.4325250674573908e-06 2.4375492102990393e-05 -1.3613708034654337e-05 
4.635094228433445e-06 8.99765218491666e-05 -4.201385172564187e-05 
1.9372177575860405e-05 0.00021218028996372595 -8.318716709254659e-05 
4.823325002689671e-05 0.0003589018997445237 -6.748010537194205e-05 
6.887608833494596e-05 0.00048475585936103016 -1.404106296831742e-05 
0.00019110946141154272 -0.0007094205357134342 0.00029401299252640456 
0.00044636090751737356 -0.003357118461281061 0.0009327996667707339 
0.0004264611125108786 -0.0030039490666240454 0.0003117835585726425 
-0.0003942657131119631 -0.0018433397635817528 -0.0001847138919401914 
-0.0011429491569288075 -0.0013901146594434977 0.0003265024861320853 
-0.0015023042215034366 -0.0010768557549454272 0.0003693861508509144 
-0.0025084108929149806 -0.003209829330444336 -0.0005603830795735121 
-0.001770276459865272 -0.0025200644740834832 -0.0002451364416629076 
-0.00036119407741352916 -0.00048684305511415005 0.0004984296974726021 
6.137527357452655e-07 1.812509644594229e-06 -1.3718981932697716e-06 
4.06597769142536e-06 1.3150792369742703e-05 -7.921545961409038e-06 
1.63655649885186e-05 4.6995637859481576e-05 -2.3756266728014452e-05 
4.8431453251396306e-05 0.00010277170940753422 -4.829498857361614e-05 
6.187431836224278e-05 0.00016482468163303565 -2.379649913564208e-05 
4.2298010157537647e-05 0.00032197992550209165 3.676513733807951e-05 
-5.74396581214387e-05 -0.0004783836775459349 0.00027885237795999274 
-0.0006312588520813733 -0.00293985684402287 0.0008091588824754581 
-0.0014290480175986886 -0.0038349609822034836 0.0003260082594351843 
-0.0019773548701778054 -0.0033571214880794287 -0.00022201296087587252 
-0.001238925917277811 -0.0017051415052264929 0.00024032399960560724 
0.00015497353160753846 0.0005517558311112225 0.0007559348414361011 
-0.0009827921749092638 -0.0007269025081768632 -6.222515366971493e-06 
-0.0013198239612393081 -0.0010582811082713306 -0.0005807910929434001 
-0.0003776838711928576 -0.0002308932671439834 -0.00017401388322468847 
2.3832004469870327e-07 3.7238764116764855e-07 -3.1015680557189285e-07 
2.0535857743197994e-06 3.326354828914191e-06 -2.1774569063381932e-06 
9.207339985550789e-06 1.236138996318914e-05 -6.867675153898745e-06 
3.4230233723064885e-05 2.1330644813133404e-05 -1.75826573354243e-05 
7.544185541519255e-05 8.507171514793299e-06 -1.5147548310778802e-05 
9.520282674202463e-05 7.353087130468339e-05 1.8283930330653675e-05 
3.329713354105479e-05 3.98453794332454e-05 6.82020418025786e-05 
-0.0003593999572331086 -0.0006217454210855067 0.00017914009367814288 
-0.0010969741852022707 -0.0014176061376929283 0.00011650319720502011 
-0.0016137443599291146 -0.0017876686761155725 0.0001037846250255825 
-0.0010417810990475118 -0.0010874170111492276 0.00024121551814459963 
0.0004897134385828394 0.0005487274684128352 0.0003956736618420109 
0.0003280895762145519 0.00041283221798948944 0.000147338054375723 
-8.930166222853586e-05 -3.8698635762557387e-07 -6.609223964915145e-05 
-1.2560838513309136e-05 4.560871275316458e-06 -3.606069704176207e-06 
-5.4659590359269696e-12 4.76755726724513e-12 4.035073280339897e-12 
-5.4028731616135965e-11 8.903699349663676e-11 -1.5203411771712305e-11 
-1.5849568837553955e-10 2.48666351656472e-10 -5.4038195793082444e-11 
-7.778801120762995e-11 2.768444406554306e-10 -5.699392252090686e-11 
1.4865144544982944e-09 -5.144116223618081e-10 6.93060652270927e-11 
6.553509779121114e-09 -2.532185335816107e-09 -4.468947147019328e-11 
1.338001747938633e-08 -1.338089404903653e-09 -7.820894019211488e-10 
-2.9820866886964836e-09 2.8432222243246486e-08 -1.4903588030357184e-08 
-4.772930246588203e-07 3.8036318983358797e-07 -3.086600610657797e-07 
-3.214094881798246e-06 3.2687064788206044e-06 -1.9190539859437195e-06 
-1.7059580386558082e-05 1.9938148909659503e-05 -8.812252474399429e-06 
-5.673054943144962e-05 5.581137685339854e-05 -1.700648749647371e-05 
-0.00010008007393480511 7.161431176427868e-05 3.363903033459792e-06 
-0.00010167913387704175 6.847116947028553e-05 3.881316172282823e-05 
-4.616410069502308e-05 4.193746144665056e-05 2.779101731675837e-05 
-1.7406408717616042e-10 3.7646047173697794e-10 -1.3600937063607595e-10 
-1.0876693249404004e-09 2.1908800587524396e-09 -7.407705584464193e-10 
-3.208078249176873e-09 5.7096124577403484e-09 -1.7489216476949954e-09 
-3.5947497808302975e-09 6.135257403462255e-09 -1.4288159717879e-09 
1.3081339900189448e-08 -1.0482421774343775e-08 2.7258741618074733e-09 
5.9313205569289096e-08 -3.074395051039236e-08 -9.980149658084247e-09 
-3.779562396388769e-08 2.096677365059918e-07 -2.0273388212643795e-07 
-1.6659329844515014e-06 2.1168107693370075e-06 -1.614692060059042e-06 
-1.1983765944023617e-05 1.1308653029118432e-05 -8.78925641245587e-06 
-4.647528930945555e-05 5.2138247610855615e-05 -3.314964044420776e-05 
-0.00012073870652784535 0.00017920706523000263 -8.169718967110384e-05 
-0.0002158231277249456 0.00034092875284841284 -0.00012033669781885692 
-0.0002466029459355923 0.0003023934127668326 -2.815169864334166e-06 
-0.00047198502215906046 0.00045207730727270246 0.0002963238293887116 
-0.0005015302458559745 0.00048227544175460935 0.00035421546272118576 
-1.504715490554219e-09 3.451197167240669e-09 -1.4886493729339076e-09 
-9.209974464498283e-09 1.883202382924054e-08 -7.310756638956306e-09 
-3.096233089187883e-08 5.344544327587353e-08 -1.8392319718445183e-08 
-6.70086615639498e-08 7.520886041723074e-08 -2.1192675253578486e-08 
-1.2440093355436943e-07 2.435105728171294e-08 -2.5460945574096172e-09 
-4.814660563567941e-07 3.530860759326515e-07 -2.5631932143443947e-07 
-3.2226946728997063e-06 4.526004381943949e-06 -3.2644402949699725e-06 
-1.8310341943106323e-05 2.5296719627476705e-05 -1.8264958612235205e-05 
-6.0275867326708976e-05 7.256785647768993e-05 -5.145843988429988e-05 
-0.00010330378773915072 0.00015246678231051192 -0.00010262441901431885 
-6.009883509250358e-05 0.0002332694421056658 -0.00013944156671641394 
-5.07269287481904e-05 0.0005351284053176641 -0.00026581279234960675 
-0.00016077093641797546 0.0008195324189728126 -0.000290845928248018 
-0.0009422162256669253 0.001338162532192655 0.00036738217568199616 
-0.0014137125108391047 0.0014291152474470437 0.0008879111628630199 
-5.8092147750196665e-09 1.3836506732034515e-08 -6.5224079457727735e-09 
-3.6668125452665734e-08 8.456715205884535e-08 -3.647973513629804e-08 
-1.3143766997014694e-07 2.8920173544833006e-07 -1.166428443277745e-07 
-3.156056629372017e-07 5.796160209570189e-07 -2.2664296595031885e-07 
-7.827210684041574e-07 1.0309926068430286e-06 -3.4368526535821786e-07 
-2.9393679099598558e-06 4.357013210665173e-06 -1.668375289476387e-06 
-1.1388606253603939e-05 2.1221606687049643e-05 -1.1888383880886977e-05 
-3.564998360161553e-05 6.454761387431063e-05 -3.720179438460036e-05 
-5.12344527123787e-05 4.277053085388616e-05 -1.7077818483812734e-05 
4.591228935169056e-05 -0.00018631317652761936 8.149871428031474e-05 
0.0003046338533749804 -0.0005234057898633182 8.334821905009449e-05 
8.14879167592153e-05 0.0006977474549785256 -0.0006237530615180731 
-0.0008344950474565849 0.0029544358840212226 -0.0013066926621831954 
-0.0013149013175279833 0.001448947936296463 3.368591205799021e-05 
-0.000748793623642996 -0.0005088611505925655 0.0010812556720338762 
-1.0615903921554204e-08 3.2933329716100523e-08 -1.663550530661695e-08 
-7.642899456372643e-08 2.711981379466266e-07 -1.2261882242903255e-07 
-3.1138076694858796e-07 1.2565246887419335e-06 -5.348075786670847e-07 
-7.047889187816736e-07 3.452137988801951e-06 -1.3456260745670079e-06 
-1.0569114827774229e-06 6.735497379395383e-06 -2.0013037485000496e-06 
-2.905426100596742e-06 1.3731491549151542e-05 -3.633833472349579e-06 
-1.0593048614282452e-05 3.115355116278806e-05 -1.4211208736014669e-05 
-3.047395875910297e-05 5.155034887138754e-05 -2.0545175175357144e-05 
-6.219640765792178e-05 -8.89083748916164e-05 9.378374670632184e-05 
-7.473478763131425e-05 -0.000553189602214843 0.0003245514817535877 
-4.24334666604409e-05 -0.0008757082978263497 0.00015653506852686405 
-0.0002626990317367017 0.00038648955523967743 -0.0009591460111550987 
-0.0010849084865185432 0.0022030991967767477 -0.0014869000297039747 
-0.0012856919420300983 -0.0021432770881801844 0.0009586044106981717 
0.0005045770813012496 -0.003780612489208579 0.0026355485679232515 
-7.060086119458492e-09 5.9534218943557704e-08 -3.19414742294688e-08 
-7.03034748472664e-08 6.347863470423931e-07 -2.8996567280614727e-07 
-3.4468893606032225e-07 3.4403611053335226e-06 -1.4336613993748415e-06 
-6.372617562533378e-07 1.0558805570326513e-05 -3.716904188877379e-06 
3.5598982606188656e-07 2.025340381806018e-05 -4.669143436331069e-06 
2.6355099294050888e-06 2.613316883071093e-05 -2.986176752983738e-06 
5.659599764840095e-06 1.653876097407192e-06 1.5820996281945554e-06 
2.0728057279484347e-06 -8.112616342259571e-05 2.740482523222454e-05 
-8.874859031493543e-05 -0.00024149095406755805 0.0001351418595731957 
-0.00038827979369671084 -0.0007862957718316466 0.0004147516592638567 
-0.0007408224191749468 -0.0012531486572697759 0.00038730064989067614 
-0.0008864914925652556 -0.0015077712014317513 -0.00029100297251716256 
-0.0012234009918756783 -0.0021201615454629064 -0.0008621205051895231 
-0.0012693617609329522 -0.003127469797618687 0.000413816625950858 
0.00023941355175338686 -0.0016491515343659557 0.0018215184973087162 
5.380384523329118e-09 7.047238262392064e-08 -4.036829369391537e-08 
3.5504560152999076e-08 8.43262196070782e-07 -3.956635006296949e-07 
1.702866740949105e-07 4.781285838362237e-06 -1.9642008268760947e-06 
8.795627085139701e-07 1.5427765902131796e-05 -4.9872642193804495e-06 
2.866115693223037e-06 3.162259599776007e-05 -5.506829666046542e-06 
5.624240998258756e-06 4.0839285247784574e-05 -1.0762498732219683e-06 
1.2257538855919847e-05 -1.9032922864425927e-05 1.2917490494146477e-05 
2.3023692847345956e-05 -0.0002087102475343272 5.445531496661715e-05 
-2.0460152882151306e-05 -0.00033760939550120384 6.669896629318828e-05 
-0.00027645251248031855 -0.0007696352549828589 0.0002141463482985273 
-0.0007070801366353408 -0.0013023264473304152 0.00037047289424663177 
-0.001202735797050991 -0.0019474875589367002 0.00020539844990707934 
-0.0016204066560021602 -0.002931037946837023 -0.00040405999425274786 
-0.0011396771224099211 -0.0020970165005564922 -0.0004120270605199039 
-0.00022333202650770545 -0.0005077622772660106 0.00010876043234020472 
8.396557619333445e-09 3.2773542192610083e-08 -2.0034640189903197e-08 
1.0207068040779532e-07 4.555577115539222e-07 -2.2729602144888617e-07 
6.566714025879605e-07 2.79447952422629e-06 -1.219189464052306e-06 
2.5006344657185764e-06 9.897667666791676e-06 -3.450582823916193e-06 
5.0624801417598064e-06 2.354049229325028e-05 -3.882491455442505e-06 
6.201868018251844e-06 3.963209883295349e-05 2.3102188606571872e-07 
3.381398528290447e-06 1.2715139746433124e-05 8.860609341354575e-06 
-2.151938679162413e-05 -0.0001317939895670861 3.5560577089199796e-05 
-8.077684105955996e-05 -0.0002828455762937665 2.400000812485814e-05 
-0.0002171547821490094 -0.0005123776354594156 4.9267851863987744e-05 
-0.0002792134000628721 -0.0005355945831979625 9.5805629825918e-05 
-0.0003594712106860243 -0.000493906089104712 0.0001075787513400428 
-0.00057316981110489 -0.0007946503537823446 -6.103937994339503e-05 
-0.0003460364132479299 -0.00046906671923352405 -0.00010111435403814539 
-5.4457230362459086e-05 -7.147062660806114e-05 4.976604031980969e-06 
2.62411886903062e-09 5.325758938891367e-09 -3.5416699894000314e-09 
4.348247206742428e-08 9.895737726473008e-08 -5.3417792925114504e-08 
3.2750374057144427e-07 6.814681876576856e-07 -3.273260933411848e-07 
1.5762530125584817e-06 2.73091237090739e-06 -1.1808071533891962e-06 
4.305343765054204e-06 7.977457926244824e-06 -1.8668892209916521e-06 
6.420622412406374e-06 1.900117808872892e-05 -7.391971053039015e-07 
5.019871878175763e-06 3.05518969980767e-05 -5.756771770393243e-07 
-9.339951247966383e-06 1.5984784113243222e-05 -2.923134161392227e-07 
-4.250364872859791e-05 -2.7782050892710686e-05 -6.526538527396042e-06 
-9.802763088373467e-05 -0.00010791375098051503 8.267021712526912e-06 
-8.296622581838164e-05 -9.450780271436088e-05 2.147808709196397e-05 
1.611334801054909e-05 2.113739742526377e-05 2.6192420818915707e-05 
1.206276829179842e-05 6.549887984874658e-06 1.2321824215177912e-05 
7.219735380203929e-06 4.541579073702451e-06 7.039727165647491e-06 
9.127463044933393e-06 7.992172299964295e-06 8.449271746258091e-06 
