# vtk DataFile Version 3.0
vtk output
ASCII
DATASET POLYDATA
POINTS 2298 float
-0.22264245 -0.0115053 0.26282912
-0.21997368 -0.011448487 0.25815368
-0.21790184 -0.02019298 0.2626052
-0.21496171 -0.030646488 0.28437045
-0.22830458 -0.011905845 0.28542694
-0.21829629 -0.011846517 0.30946377
-0.21859562 -0.011499779 0.3094846
-0.21836655 -0.011489854 0.3097109
-0.2264249 0.010835271 0.26363367
-0.22519425 0.010988022 0.2613382
-0.23182547 0.009652554 0.28721955
-0.22330914 0.00976065 0.31147918
-0.2196315 -0.006277689 0.31038985
-0.22589597 0.014197673 0.26381
-0.22767074 0.026318405 0.2896156
-0.19873609 -0.03568461 0.24165091
-0.19541061 -0.03628718 0.23712836
-0.19476411 -0.040797453 0.24181604
-0.19392015 -0.04681339 0.26212716
-0.2092633 -0.033725362 0.26233575
-0.19485818 -0.04090494 0.283759
-0.21236423 -0.032757796 0.2842597
-0.19655834 -0.031995937 0.29799575
-0.20879853 -0.012182056 0.24106911
-0.19990976 -0.013371961 0.2305189
-0.1988136 -0.021492045 0.3096448
-0.20125896 -0.010926629 0.31812033
-0.21185146 0.010971322 0.24093123
-0.20622814 0.010350288 0.23434483
-0.22218959 0.00976895 0.31305766
-0.2065909 0.009848136 0.3247184
-0.20971003 0.021179168 0.24112673
-0.22019039 0.03365528 0.2652016
-0.21309566 0.033797435 0.2526823
-0.22485344 0.032409396 0.29074797
-0.21171154 0.031237142 0.31845176
-0.21121936 0.029139902 0.3201226
-0.21459438 0.041174676 0.26613805
-0.21460928 0.04377076 0.2939736
-0.17417207 -0.060354177 0.24258985
-0.17099549 -0.061321087 0.23682141
-0.17117117 -0.062300377 0.2426814
-0.17221978 -0.058787186 0.25589547
-0.18386905 -0.03843817 0.22290923
-0.17029412 -0.040580932 0.20980854
-0.17053725 -0.056608304 0.22392146
-0.1726041 -0.05710195 0.26186246
-0.17521226 -0.044002287 0.28307322
-0.17781693 -0.031779345 0.29920503
-0.1729362 -0.017784517 0.20514834
-0.17083506 -0.018071007 0.203602
-0.17077374 -0.024879549 0.20531258
-0.19161047 -0.014723459 0.22192217
-0.18013357 -0.021827344 0.31022513
-0.18271494 -0.011035637 0.32096997
-0.17423178 0.0043965788 0.20508042
-0.17313991 0.00420116 0.20426676
-0.19352773 0.008207239 0.22149566
-0.18753175 0.008512098 0.33307093
-0.17382126 0.006974182 0.2051289
-0.18891037 0.029270995 0.22203425
-0.18007109 0.027040543 0.2138268
-0.2060561 0.032959945 0.24164632
-0.21024485 0.03096896 0.32067895
-0.19127227 0.027954374 0.336935
-0.18490419 0.037002094 0.22255912
-0.19240452 0.051209114 0.24339347
-0.19106112 0.05087993 0.2411791
-0.20309186 0.053027887 0.26783466
-0.20545253 0.0520637 0.29604074
-0.1947949 0.04806347 0.32592615
-0.19309294 0.047586326 0.32823345
-0.19147593 0.052175745 0.24351016
-0.19308123 0.06091144 0.26889494
-0.19303231 0.061264344 0.297437
-0.19308273 0.049838327 0.32618895
-0.15260337 -0.17238414 -0.33285967
-0.14761947 -0.17315748 -0.34029076
-0.1464052 -0.1754745 -0.33389112
-0.14412978 -0.17063299 -0.3221506
-0.15462793 -0.15705796 -0.35500786
-0.15192632 -0.15748347 -0.35813004
-0.1512495 -0.16151948 -0.35571012
-0.16461036 -0.15482493 -0.33129767
-0.14265428 -0.16412956 -0.31483722
-0.14933512 -0.15323006 -0.3139881
-0.14153102 -0.15297092 -0.31174174
-0.1577512 -0.13876437 -0.3528455
-0.1525967 -0.13932769 -0.3595258
-0.16377772 -0.13760278 -0.3303625
-0.14764775 -0.13745713 -0.3117284
-0.1401242 -0.13767596 -0.30765736
-0.15332428 -0.1211191 -0.34822163
-0.15024775 -0.12124728 -0.35206854
-0.160539 -0.12099255 -0.3254473
-0.14778674 -0.1222691 -0.30415678
-0.13789594 -0.12327641 -0.2962645
-0.14811757 -0.11401255 -0.34560654
-0.15453191 -0.10504159 -0.31799647
-0.14445268 -0.104936 -0.33428046
-0.1505117 -0.10649628 -0.295019
-0.1360271 -0.108923264 -0.2785757
-0.13816524 -0.09106411 -0.30961108
-0.14670433 -0.0904825 -0.28726724
-0.1378804 -0.09057291 -0.30799553
-0.13629422 -0.09251362 -0.26160592
-0.13559358 -0.08289347 -0.28209096
-0.16190821 -0.06345825 0.2244074
-0.14762704 -0.06561771 0.21341673
-0.1484577 -0.07051435 0.22507302
-0.14998117 -0.06928544 0.24310365
-0.15216191 -0.060035914 0.2613897
-0.16517647 -0.058294967 0.2617184
-0.15248713 -0.058397833 0.2632451
-0.16488127 -0.04126341 0.2057792
-0.1450656 -0.042900607 0.19375202
-0.14705212 -0.060978703 0.20690858
-0.15578549 -0.042423595 0.2819466
-0.15816592 -0.031511568 0.29459798
-0.15035562 -0.020093778 0.18957062
-0.14096169 -0.020363482 0.18251207
-0.1438258 -0.033754434 0.18959428
-0.1609345 -0.019121792 0.30981058
-0.16263333 -0.011138389 0.32016003
-0.15426376 0.0013535644 0.18991476
-0.13661069 0.00026317083 0.17444648
-0.16600776 0.0065724277 0.33870512
-0.13770099 0.019285647 0.17462532
-0.13487647 0.019171884 0.17185454
-0.13653088 0.0009211413 0.17436256
-0.15349677 0.021069445 0.19038138
-0.17052974 0.024692422 0.20563848
-0.1678493 0.023791732 0.35033906
-0.1361114 0.037529737 0.17407015
-0.13587715 0.037518185 0.17382881
-0.15002759 0.039299663 0.1905582
-0.16390198 0.042816497 0.2064713
-0.17843404 0.047260825 0.22343932
-0.16810472 0.03458227 0.35348156
-0.16878025 0.041260626 0.35382977
-0.16769165 0.0410465 0.35457593
-0.13596289 0.03804032 0.17403948
-0.14339024 0.056938615 0.18999621
-0.1412179 0.056651738 0.18720153
-0.15456758 0.05949758 0.2070204
-0.16622296 0.06283501 0.22484222
-0.17705877 0.06572284 0.24513544
-0.18438068 0.06689317 0.26949418
-0.1862741 0.06578249 0.29759297
-0.18105039 0.06254851 0.32611692
-0.16605626 0.058086887 0.35248247
-0.16486867 0.057850268 0.35372546
-0.14225203 0.05883257 0.18987213
-0.14880176 0.06691101 0.20702036
-0.15384431 0.075331 0.22558469
-0.16131826 0.07895741 0.24626744
-0.15442011 0.07820982 0.23134106
-0.16766363 0.0790215 0.26981694
-0.16989318 0.07790023 0.29629725
-0.16812463 0.076147914 0.32329768
-0.1599061 0.07423514 0.34826005
-0.16097769 0.07112209 0.34967324
-0.15477873 0.083283 0.24648952
-0.1532247 0.08776516 0.26968533
-0.15200567 0.08974301 0.29452485
-0.15345523 0.088439815 0.32043722
-0.13184333 -0.17635722 -0.35692286
-0.12821402 -0.18123399 -0.33557612
-0.1253429 -0.17178084 -0.3158135
-0.13387421 -0.16965336 -0.31534857
-0.12507887 -0.16943298 -0.31423026
-0.13480513 -0.15983884 -0.37093285
-0.1318526 -0.17633498 -0.35697317
-0.12384164 -0.15300508 -0.30813736
-0.13539313 -0.14098217 -0.37302208
-0.12262306 -0.13858947 -0.29973876
-0.13348791 -0.1220789 -0.36470693
-0.12121469 -0.12511551 -0.28399113
-0.13648494 -0.10500812 -0.34095222
-0.12839587 -0.10519026 -0.3452934
-0.12086869 -0.11199676 -0.26369968
-0.12178825 -0.11113728 -0.2636174
-0.12089415 -0.1112668 -0.26270533
-0.12656209 -0.10139911 -0.33800215
-0.13678783 -0.09059261 -0.30914342
-0.121492185 -0.091559134 -0.3139221
-0.13622962 -0.09252357 -0.26148853
-0.12195599 -0.095085874 -0.24676476
-0.120062485 -0.08774378 -0.3036292
-0.11919219 -0.078467205 -0.27528933
-0.12798773 -0.075778395 -0.25472942
-0.11957869 -0.07755008 -0.26882452
-0.122569375 -0.07654568 -0.24359591
-0.13824499 -0.06648058 0.20744118
-0.124869354 -0.06680647 0.20033592
-0.12566872 -0.07208072 0.20816976
-0.12736964 -0.0749433 0.22590785
-0.12943877 -0.06987166 0.24319811
-0.14365207 -0.058911484 0.261054
-0.13178538 -0.059691515 0.2571301
-0.121462114 -0.0739123 -0.25192484
-0.13805175 -0.043049417 0.18971853
-0.120165035 -0.04149116 0.17542224
-0.123453096 -0.05759821 0.19032422
-0.13239913 -0.056901053 0.2604931
-0.13667777 -0.036263738 0.2803817
-0.13771394 -0.03127322 0.2856882
-0.11822058 -0.018244505 0.15615842
-0.11492688 -0.017740672 0.15023373
-0.11575166 -0.023104638 0.1558358
-0.11953975 -0.038670886 0.17316495
-0.13046834 -0.019992905 0.17369351
-0.14083771 -0.015101262 0.30793628
-0.14152521 -0.010733061 0.31518632
-0.12253 0.0008789354 0.15703678
-0.11387998 0.001502376 0.14149237
-0.13650051 0.00026263756 0.17434087
-0.14327534 0.0053616427 0.3401066
-0.12270694 0.019307714 0.15695857
-0.11418603 0.019772235 0.1432987
-0.14362183 0.009778674 0.34512064
-0.164448 0.023328895 0.35148233
-0.14400592 0.021231944 0.3558689
-0.1211724 0.037726745 0.15543851
-0.11577259 0.038190797 0.14761484
-0.14369641 0.037802067 0.36380875
-0.11802306 0.054058023 0.15271564
-0.1312478 0.05605407 0.17222755
-0.11853868 0.057225138 0.15388905
-0.14166908 0.054827105 0.3681055
-0.122018896 0.07678838 0.16859944
-0.12186243 0.07681641 0.1683556
-0.13232648 0.07582835 0.1881277
-0.1412896 0.076513745 0.20667769
-0.15121455 0.07781481 0.22565065
-0.15961108 0.074194126 0.34884784
-0.13859397 0.07265362 0.36945847
-0.121895745 0.07699822 0.16855566
-0.124246955 0.08735048 0.18640673
-0.12631676 0.09354238 0.20519105
-0.13048965 0.09511802 0.22519863
-0.12710595 0.09595769 0.21557665
-0.13857938 0.09323064 0.24653786
-0.14619686 0.09158454 0.2695486
-0.15095018 0.09039187 0.29443654
-0.1516671 0.0898635 0.3201391
-0.14550659 0.09007889 0.34578443
-0.1349877 0.09073766 0.3615809
-0.12751612 0.09735082 0.2250186
-0.12727909 0.09936274 0.24621369
-0.12608792 0.10082119 0.26902714
-0.1254815 0.10305209 0.2932853
-0.12705824 0.10468131 0.31870058
-0.13131264 0.10064222 0.345342
-0.13175282 -0.17637235 -0.35697883
-0.113400996 -0.17868556 -0.36300078
-0.11259588 -0.18182962 -0.35725427
-0.10991115 -0.18517497 -0.33489767
-0.108063795 -0.1744516 -0.3149485
-0.10780152 -0.16983259 -0.31173202
-0.115483545 -0.16198671 -0.37767786
-0.1072657 -0.15381654 -0.30423394
-0.13069955 -0.14138003 -0.37502354
-0.11582715 -0.14263538 -0.37989637
-0.11551464 -0.16146411 -0.3778271
-0.10668342 -0.13982606 -0.29321843
-0.11704631 -0.12308364 -0.37077373
-0.114434265 -0.1232534 -0.37158433
-0.1062823 -0.12673606 -0.27479038
-0.114239775 -0.1219287 -0.37036908
-0.11033786 -0.106005065 -0.3497694
-0.106568374 -0.11893125 -0.2613239
-0.10700936 -0.11314936 -0.2526751
-0.10728972 -0.098601855 -0.3329952
-0.10464505 -0.092441246 -0.31489855
-0.10832531 -0.09754235 -0.23693787
-0.10314678 -0.08673779 -0.29776132
-0.11378867 -0.07812383 -0.27314252
-0.10335924 -0.07927841 -0.2729065
-0.10907078 -0.079243176 -0.22930072
-0.113518655 -0.065503165 0.19077565
-0.10157364 -0.062050488 0.17586064
-0.10314436 -0.071985774 0.19116284
-0.10477487 -0.0770276 0.20904948
-0.106825784 -0.072905965 0.22613919
-0.10982883 -0.062395852 0.24242619
-0.10969298 -0.062409982 0.24232101
-0.10361052 -0.077945836 -0.26933712
-0.1063873 -0.07397147 -0.2459933
-0.10734258 -0.038032003 0.15470476
-0.09852706 -0.036619786 0.1365507
-0.099455886 -0.04823692 0.15387808
-0.10123982 -0.059916414 0.17285194
-0.11787562 -0.041082308 0.1731103
-0.10971265 -0.06233303 0.24241832
-0.113594525 -0.044934645 0.25886524
-0.1296822 -0.031505838 0.27988404
-0.11612666 -0.032375645 0.2696363
-0.107766934 -0.017130576 0.1358468
-0.098298095 -0.017738752 0.12122878
-0.098453134 -0.034397077 0.13381168
-0.11778827 -0.023724718 0.27917585
-0.12727791 -0.010231955 0.30701897
-0.1199019 -0.010134949 0.30180603
-0.11145646 0.0015537558 0.13671316
-0.09886609 0.0005256351 0.115369685
-0.120110035 -0.008007093 0.30648643
-0.120577365 0.005347731 0.33480462
-0.11012193 0.019906282 0.13585755
-0.09985912 0.019472336 0.11685399
-0.12062649 0.009068387 0.34058058
-0.12064076 0.020405969 0.35426974
-0.10698532 0.03905852 0.1330672
-0.101530984 0.03942614 0.12293842
-0.120411314 0.036437295 0.36522385
-0.103362195 0.055808127 0.12951605
-0.11733758 0.05742806 0.15203501
-0.10389914 0.060110833 0.13113016
-0.11932495 0.053547848 0.37324834
-0.10900926 0.08012738 0.14676146
-0.10618421 0.08096687 0.14216422
-0.11850446 0.06338479 0.37670305
-0.1279442 0.072388306 0.37485972
-0.11774226 0.07232598 0.37911943
-0.106460534 0.08473599 0.14565818
-0.10701916 0.097219825 0.16400391
-0.11310851 0.09949484 0.18415566
-0.10715331 0.10136897 0.17303655
-0.12252874 0.09700142 0.20473498
-0.12374146 0.091616265 0.37231418
-0.11611319 0.0921891 0.37787184
-0.10729016 0.10513291 0.18304099
-0.10743006 0.10938939 0.20274246
-0.107144214 0.110906236 0.22328171
-0.106220834 0.11077609 0.24493994
-0.10642225 0.1104779 0.26811323
-0.10517014 0.11119002 0.26495045
-0.11815317 0.106458984 0.29310405
-0.12437024 0.106117904 0.31870693
-0.12014459 0.1085813 0.34567362
-0.11270717 0.110685974 0.36001164
-0.11511125 0.10035001 0.37273377
-0.105042465 0.11128945 0.26802784
-0.104728796 0.11336702 0.292733
-0.10645583 0.11562877 0.31910306
-0.11028343 0.115105234 0.34637195
-0.093708456 -0.18074375 -0.3650226
-0.09294111 -0.18503676 -0.3562853
-0.09125494 -0.18722922 -0.33306992
-0.09041759 -0.17520267 -0.31244463
-0.090380006 -0.17121093 -0.3092958
-0.114272185 -0.16210632 -0.37789795
-0.095007874 -0.16398183 -0.3804676
-0.094884135 -0.16714188 -0.37864974
-0.09046663 -0.1552532 -0.30006754
-0.09521275 -0.14441916 -0.38316303
-0.09053902 -0.14127287 -0.2876618
-0.09420448 -0.12472917 -0.37586704
-0.09099929 -0.1281515 -0.26825738
-0.09308068 -0.115758464 -0.36731625
-0.0913335 -0.10687332 -0.35523626
-0.091566436 -0.12221318 -0.25760886
-0.09245094 -0.11472508 -0.24584323
-0.08771523 -0.0944938 -0.32651412
-0.08713936 -0.09258198 -0.32058865
-0.09396968 -0.0999002 -0.22958942
-0.085749 -0.083880045 -0.2921449
-0.086249165 -0.080257975 -0.27736872
-0.094518974 -0.08623895 -0.22110325
-0.10277053 -0.08063435 -0.22342427
-0.09465623 -0.08261966 -0.21847856
-0.0882929 -0.057644036 0.15300368
-0.0815973 -0.056873158 0.14400208
-0.08169695 -0.06213874 0.15255412
-0.08220704 -0.07230105 0.17258517
-0.099509396 -0.06132399 0.17283925
-0.083043106 -0.07877628 0.19137765
-0.084337234 -0.075152904 0.20899215
-0.0904789 -0.06311138 0.22515023
-0.086572215 -0.06257194 0.22276762
-0.08728438 -0.076741636 -0.26466703
-0.09043603 -0.07355941 -0.24161121
-0.09387374 -0.07700335 -0.22136861
-0.09640732 -0.036615647 0.13342442
-0.081901304 -0.03800753 0.119769655
-0.081686266 -0.04836668 0.1308843
-0.08701716 -0.060306635 0.22476806
-0.09082451 -0.042810548 0.23996216
-0.10366501 -0.033815995 0.25780156
-0.092512004 -0.034893185 0.2467456
-0.085148774 -0.019939478 0.10845169
-0.08266655 -0.02047597 0.106226996
-0.08254648 -0.022568265 0.107643224
-0.09461376 -0.024420932 0.25718242
-0.10057656 -0.010964894 0.27936167
-0.09679809 -0.011306005 0.27510124
-0.095560655 3.094587e-05 0.11148172
-0.083554715 -0.002228277 0.09902422
-0.09712127 -0.008981913 0.27948365
-0.09801544 0.0007806652 0.3065056
-0.09801899 0.005718262 0.31985942
-0.09579149 0.019053271 0.110711806
-0.084554724 0.017581517 0.09556108
-0.09774543 0.014425005 0.33880588
-0.09757084 0.02045175 0.34802735
-0.09307813 0.039519567 0.10827573
-0.08572957 0.039259575 0.09523895
-0.09726352 0.036107708 0.36338383
-0.08836546 0.06222661 0.105248995
-0.08751968 0.06226039 0.10356739
-0.10233497 0.060418077 0.12851578
-0.096762806 0.053138733 0.37556845
-0.08771242 0.0640897 0.104993016
-0.09459404 0.0839203 0.12392643
-0.08948441 0.08483138 0.1167217
-0.09672136 0.05437855 0.3763555
-0.09619073 0.07236393 0.38527402
-0.08992292 0.09147279 0.12266575
-0.09031297 0.106006384 0.14133374
-0.101263605 0.10331493 0.16263945
-0.090308614 0.10639373 0.1421516
-0.0957046 0.09323908 0.38910386
-0.090031765 0.11297868 0.16059789
-0.08962206 0.11789709 0.18023185
-0.08915222 0.12177893 0.20035893
-0.09027512 0.12252276 0.22147629
-0.088557236 0.12357976 0.21755648
-0.09744858 0.11656369 0.24419422
-0.105976656 0.1124855 0.37235513
-0.09480572 0.11388239 0.38402656
-0.08839368 0.12383237 0.22127937
-0.08727017 0.123456456 0.24330227
-0.086108595 0.122782476 0.26681906
-0.08564788 0.12374049 0.29224166
-0.08679791 0.12675023 0.31950262
-0.08964192 0.12983325 0.34701976
-0.093142346 0.12534814 0.37234214
-0.07308825 -0.18278584 -0.36544985
-0.072641306 -0.18752924 -0.35404062
-0.07198515 -0.18770462 -0.33061892
-0.072005995 -0.17425838 -0.30882588
-0.072025225 -0.17343189 -0.30804837
-0.0737011 -0.16597006 -0.38190508
-0.073571764 -0.17203802 -0.37797046
-0.07252875 -0.15720452 -0.29646492
-0.07379964 -0.14631319 -0.38559
-0.07307995 -0.14282174 -0.28337914
-0.07308014 -0.12627393 -0.38082218
-0.07415634 -0.12922418 -0.26401818
-0.07915336 -0.107193425 -0.36188167
-0.07125947 -0.10741157 -0.3659644
-0.074796736 -0.1245989 -0.25569385
-0.07618445 -0.115702346 -0.24109887
-0.07056495 -0.10287873 -0.35904568
-0.08263822 -0.09231709 -0.3244064
-0.06839447 -0.09167998 -0.33586562
-0.07812244 -0.10154535 -0.22265668
-0.06729782 -0.086327225 -0.3195982
-0.073729225 -0.07964478 -0.2891853
-0.0667306 -0.07941555 -0.29471484
-0.078336835 -0.09881262 -0.22012906
-0.078976184 -0.085438125 -0.2064885
-0.06358551 -0.057342798 0.13568541
-0.06300648 -0.06533001 0.15113367
-0.06274924 -0.07358171 0.17180948
-0.06301252 -0.0757165 0.19065377
-0.06420574 -0.062735096 0.20722464
-0.0647559 -0.0574751 0.210235
-0.066872194 -0.07758932 -0.28811768
-0.068943866 -0.072693944 -0.26229757
-0.0718764 -0.0677149 -0.2404031
-0.08491932 -0.0647826 -0.22210379
-0.07217404 -0.06718819 -0.23834026
-0.07852178 -0.07799427 -0.20201428
-0.09033658 -0.062287375 -0.20569673
-0.07719233 -0.06925767 -0.1874225
-0.0901322 -0.06023886 -0.19015825
-0.07435016 -0.0630629 -0.1729065
-0.07717366 -0.06141615 -0.17338541
-0.07381706 -0.061831973 -0.17099321
-0.06513689 -0.040729027 0.112607956
-0.06401062 -0.053010445 0.12803212
-0.06746603 -0.03876969 0.22138211
-0.084189095 -0.03506821 0.2389853
-0.068404324 -0.033569857 0.22536539
-0.07429669 -0.062175907 -0.22198829
-0.075190894 -0.056116235 -0.20593902
-0.07281843 -0.042145237 -0.19266291
-0.08055605 -0.037182186 -0.1778762
-0.072598 -0.041140746 -0.19194783
-0.06875642 -0.04421007 -0.1596955
-0.07428564 -0.03643163 -0.16125134
-0.06570053 -0.035766706 -0.14375888
-0.06609338 -0.035423923 -0.1438238
-0.06561638 -0.035417035 -0.1432316
-0.06670728 -0.023970203 0.09788462
-0.06613966 -0.030167498 0.1026935
-0.07066911 -0.02223676 0.23749776
-0.07876282 -0.012577091 0.25691336
-0.07236388 -0.01263683 0.25116336
-0.070100464 -0.036305796 -0.17751734
-0.06731981 -0.033872154 -0.16127566
-0.06557827 -0.034749977 -0.14387985
-0.06795951 -0.005440011 0.08831335
-0.0728569 -0.009362497 0.25694156
-0.07410207 0.0002551695 0.28025076
-0.08422957 0.005265783 0.30672482
-0.074535035 0.004589222 0.29469293
-0.07268149 0.016094888 0.082959406
-0.06873158 0.015673071 0.07803503
-0.06857996 0.0096192835 0.081643745
-0.07473311 0.008007221 0.30686247
-0.074567646 0.01911665 0.33706808
-0.074520305 0.020469936 0.33957797
-0.06942104 0.039092097 0.064552754
-0.068591654 0.039172407 0.061786767
-0.06857102 0.037478663 0.06429326
-0.07916468 0.039051473 0.08500821
-0.07399237 0.03617132 0.36077464
-0.069786 0.062021468 0.06572626
-0.06754621 0.062050793 0.05950912
-0.07692975 0.06241668 0.08463994
-0.073598236 0.048806887 0.37344402
-0.09203981 0.05311146 0.37589714
-0.07349291 0.053029947 0.37702218
-0.06733745 0.06599457 0.06553164
-0.06805167 0.07860467 0.083565176
-0.076759756 0.08653078 0.10244855
-0.06880626 0.087018035 0.09197046
-0.0732557 0.07220938 0.38924983
-0.06968604 0.09424729 0.10168001
-0.070720695 0.10886979 0.12023212
-0.089697056 0.10652953 0.14123534
-0.070766285 0.10980691 0.12172331
-0.073242605 0.09327603 0.39658198
-0.071031615 0.11837134 0.13917702
-0.070969485 0.12422138 0.15846466
-0.07071083 0.12889992 0.17816502
-0.07873901 0.12817241 0.19920456
-0.070575245 0.13062847 0.18617313
-0.07325419 0.09578228 0.3968334
-0.077791475 0.11436295 0.39509678
-0.07305759 0.114283994 0.3972213
-0.07032748 0.13270655 0.19843161
-0.06968438 0.13412857 0.21958676
-0.068646304 0.13369624 0.24199927
-0.0673529 0.1333864 0.26606426
-0.07258967 0.13129635 0.2920427
-0.066746496 0.13376503 0.27869776
-0.083217636 0.12895513 0.31950146
-0.08913387 0.13021496 0.34700692
-0.086134024 0.13255715 0.37167096
-0.0719185 0.13330677 0.3897043
-0.07267654 0.12413616 0.39434233
-0.06627443 0.13456486 0.29209834
-0.066189505 0.13769147 0.31978366
-0.06724698 0.14324106 0.34647855
-0.069075525 0.14590983 0.36958227
-0.05153251 -0.18479532 -0.36472633
-0.051553614 -0.18960814 -0.35049006
-0.05174775 -0.18758918 -0.32716894
-0.068746924 -0.17390221 -0.30811304
-0.052194484 -0.17667001 -0.31039867
-0.05152333 -0.16784035 -0.38241753
-0.05151943 -0.1773848 -0.37525618
-0.052412827 -0.17118584 -0.30424228
-0.052886177 -0.15972786 -0.2940949
-0.051456746 -0.14806655 -0.38782007
-0.053685747 -0.14445977 -0.28066733
-0.050951596 -0.12745696 -0.38662973
-0.05515851 -0.12969245 -0.2619288
-0.049902797 -0.107493415 -0.37757394
-0.05569163 -0.12631892 -0.25623178
-0.057665143 -0.1153461 -0.23821564
-0.052039124 -0.09035052 -0.35170788
-0.048354845 -0.08999907 -0.35505402
-0.05944455 -0.105640486 -0.22301942
-0.0738767 -0.10169422 -0.22074948
-0.060165036 -0.10119284 -0.21614604
-0.04813269 -0.08821911 -0.35076487
-0.046824012 -0.07738366 -0.3158781
-0.046814144 -0.07724214 -0.3153185
-0.061089784 -0.09064733 -0.20207874
-0.072537616 -0.085854724 -0.20139661
-0.061060645 -0.08543756 -0.19418089
-0.044440836 -0.057096794 0.14260499
-0.043993473 -0.059319574 0.14890535
-0.04297069 -0.06277422 0.16988799
-0.042842332 -0.058566775 0.18809995
-0.058005493 -0.055500254 0.20605773
-0.043188494 -0.05137541 0.19420964
-0.047110736 -0.07068133 -0.28684288
-0.054370847 -0.067233466 -0.26231462
-0.048263524 -0.06685921 -0.26893926
-0.071063444 -0.067225315 -0.24045807
-0.060308874 -0.078481555 -0.18610902
-0.057720184 -0.069784366 -0.17131309
-0.05463075 -0.062098708 -0.15928213
-0.047631044 -0.042990368 0.11156569
-0.046045735 -0.05090839 0.12498774
-0.04429928 -0.039944842 0.20307235
-0.06076764 -0.03205646 0.22019018
-0.045735534 -0.028400702 0.21064788
-0.048820242 -0.06513002 -0.2626195
-0.05120493 -0.059738085 -0.24193904
-0.05325638 -0.052521776 -0.22434513
-0.06050367 -0.046263326 -0.20813012
-0.053907093 -0.04871531 -0.21670474
-0.07219659 -0.041357197 -0.1928143
-0.053598516 -0.0582071 -0.15672632
-0.049401175 -0.044583563 -0.14169411
-0.04697327 -0.034756888 -0.12511346
-0.047913335 -0.03437774 -0.12518857
-0.04689667 -0.034273162 -0.12438703
-0.05031629 -0.027043471 0.09380149
-0.049424253 -0.03293771 0.09919091
-0.046864264 -0.021315463 0.21811368
-0.04889043 -0.010685941 0.2359912
-0.04871718 -0.010658675 0.23587649
-0.054316316 -0.044802006 -0.2085341
-0.0540537 -0.03903072 -0.19297126
-0.052241422 -0.034533486 -0.17719883
-0.049448244 -0.029826963 -0.16102539
-0.046356153 -0.019758614 -0.1447157
-0.0532258 -0.011365712 -0.12749143
-0.04537553 -0.01416788 -0.13873154
-0.04539777 -0.01493448 -0.10807009
-0.052115317 -0.008125186 -0.108655035
-0.046205368 -0.0071743033 -0.0892662
-0.05081834 -0.0039505824 -0.089446574
-0.04734073 -0.00084489817 -0.07568853
-0.052398223 -0.008172261 0.08195346
-0.048725437 -0.010609687 0.2359806
-0.049995553 -0.0029794606 0.25650698
-0.05575053 0.003445492 0.2799986
-0.050866816 0.0033492965 0.27677506
-0.044651363 -0.009806676 -0.1272453
-0.044764783 -0.0044271965 -0.10866812
-0.045902543 0.0040997565 -0.089704335
-0.054084092 0.014713604 0.06619905
-0.052967247 -0.0014839249 0.07791006
-0.05097715 0.0043232925 0.2798893
-0.051664304 0.010989716 0.30579516
-0.0630286 0.020312686 0.33595285
-0.05163177 0.02012397 0.3318796
-0.059209406 0.040792014 0.04467223
-0.05620155 0.042027045 0.035976883
-0.05550709 0.037659153 0.043823488
-0.054380897 0.023173364 0.060589753
-0.051564068 0.021660008 0.335276
-0.050672997 0.036138322 0.35836866
-0.05468293 0.0643 0.04552648
-0.05278961 0.064725816 0.044010427
-0.049932875 0.047207206 0.37166935
-0.04962346 0.05272904 0.37724826
-0.05254886 0.06568169 0.045279603
-0.05013356 0.07951734 0.063770376
-0.05686932 0.08855682 0.082557864
-0.049701255 0.08947659 0.07631197
-0.049066376 0.07153159 0.39089936
-0.04977386 0.093189344 0.08203148
-0.05038704 0.10485192 0.100319564
-0.06688877 0.110479474 0.11993354
-0.05076385 0.11319618 0.11367649
-0.049112905 0.08961304 0.39886048
-0.06870098 0.09313958 0.39728487
-0.04914747 0.09230184 0.39976847
-0.050858654 0.11626884 0.11901628
-0.051026985 0.12505051 0.13799885
-0.051018238 0.13204476 0.15729055
-0.064511545 0.1318214 0.17768826
-0.051013246 0.13328795 0.16165257
-0.04933308 0.11304871 0.40250856
-0.050980493 0.13707153 0.17691672
-0.050858136 0.13961786 0.19713536
-0.050400153 0.14074051 0.21848138
-0.049399808 0.14173914 0.24144453
-0.061371535 0.13659096 0.26601657
-0.0492608 0.14188847 0.24393313
-0.06610143 0.13308828 0.3931584
-0.04894108 0.13188973 0.3993399
-0.047841053 0.14288196 0.26632565
-0.046108045 0.1429708 0.2930402
-0.049147855 0.14379022 0.3205481
-0.04513551 0.1440701 0.31177458
-0.06175901 0.14549693 0.3463912
-0.065542124 0.14791948 0.36917093
-0.049252246 0.147965 0.38954005
-0.047643192 0.14785023 0.39038107
-0.044796668 0.14520833 0.32075137
-0.044433538 0.15124369 0.3459545
-0.04520567 0.15674059 0.36671504
-0.047486775 0.14898376 0.38921067
-0.029277038 -0.18631984 -0.3590394
-0.029664248 -0.189848 -0.34628734
-0.030319983 -0.18628311 -0.32294294
-0.030560255 -0.18097681 -0.31479844
-0.028622646 -0.16939391 -0.38036516
-0.028908784 -0.17964883 -0.37128913
-0.03110213 -0.16817263 -0.29863352
-0.031312082 -0.1630831 -0.29346913
-0.02835957 -0.14927816 -0.38881868
-0.032171767 -0.14641431 -0.27908906
-0.03537028 -0.12776107 -0.39020965
-0.028199656 -0.12770294 -0.391668
-0.028251348 -0.13517803 -0.39114666
-0.033923697 -0.12951164 -0.26085338
-0.03523196 -0.107083075 -0.38395944
-0.027872426 -0.10670044 -0.38671777
-0.03415972 -0.12794991 -0.25863728
-0.036771752 -0.11296458 -0.23619623
-0.027674297 -0.10006004 -0.3816916
-0.027331159 -0.08798138 -0.36921984
-0.037703294 -0.10805555 -0.22827145
-0.03953429 -0.097555295 -0.2101984
-0.027028302 -0.07926473 -0.34890726
-0.04621743 -0.077171795 -0.31583944
-0.026932444 -0.07425584 -0.33168232
-0.03985654 -0.095061526 -0.20633568
-0.04029295 -0.084461614 -0.18829945
-0.04836541 -0.08329032 -0.18705906
-0.03995159 -0.081120625 -0.18235667
-0.039103318 -0.056149 0.14813125
-0.032150943 -0.051992554 0.16805218
-0.036294878 -0.050025832 0.18665668
-0.026983272 -0.07041403 -0.31600565
-0.02973291 -0.06417484 -0.28772518
-0.027531262 -0.0637369 -0.28966704
-0.03872153 -0.07414745 -0.1720026
-0.035530854 -0.06366295 -0.15633696
-0.049802583 -0.06147966 -0.15627208
-0.03380892 -0.058523204 -0.14914896
-0.029006477 -0.043063693 0.11652678
-0.028040156 -0.045393065 0.1229264
-0.025161998 -0.047105253 0.14616884
-0.023473162 -0.04352958 0.16654564
-0.023146331 -0.035012923 0.18383762
-0.026716216 -0.023522485 0.19961202
-0.024010088 -0.022958884 0.19740647
-0.027591454 -0.06320444 -0.28794187
-0.028841248 -0.057169568 -0.2647469
-0.03181861 -0.051847257 -0.24455652
-0.030366745 -0.051765636 -0.24607326
-0.048186164 -0.050408877 -0.22500968
-0.031705458 -0.050814647 -0.14068018
-0.028889596 -0.04161086 -0.124178246
-0.027536679 -0.032934222 -0.10678928
-0.034350593 -0.03016148 -0.10693156
-0.02748871 -0.026772495 -0.09512413
-0.03323866 -0.028552856 0.09298169
-0.03214253 -0.033329304 0.09830654
-0.024147382 -0.021666054 0.19921274
-0.025481489 -0.011222992 0.21557295
-0.02625959 -0.0066503 0.22704189
-0.030481681 -0.051256467 -0.24476647
-0.03229677 -0.045748144 -0.22681238
-0.033828836 -0.04048681 -0.21001954
-0.034297723 -0.035422407 -0.19372825
-0.033093914 -0.030254364 -0.1774553
-0.030234832 -0.02252212 -0.1610987
-0.042350486 -0.015290077 -0.14498256
-0.028998842 -0.018295694 -0.15585051
-0.027732974 -0.022271808 -0.08851703
-0.029384272 -0.012043788 -0.069462754
-0.046524096 0.00045019426 -0.06994456
-0.032385737 -0.0031936746 -0.04989155
-0.041355807 0.00407702 -0.05018072
-0.03668481 0.005252217 -0.03078293
-0.03649351 -0.0095835645 0.07889341
-0.026686128 -0.0045769275 0.2341252
-0.027818283 -0.00012139109 0.25483918
-0.028650671 0.0038761012 0.27161998
-0.027008243 -0.01233324 -0.14419109
-0.025234574 -0.004181258 -0.12641495
-0.025105156 0.0058986796 -0.10826105
-0.0352202 0.01707478 -0.0898517
-0.025672365 0.012880289 -0.098840974
-0.046091553 0.022738636 -0.07044149
-0.047837473 0.026357887 -0.0506272
-0.03689413 0.006035728 -0.03019795
-0.049868386 0.027879355 -0.030785792
-0.04248056 0.021855438 -0.011171275
-0.049118247 0.027083006 -0.011270509
-0.044177238 0.02601737 -0.0020296425
-0.040028315 0.014623285 0.05970544
-0.03692808 -0.006728026 0.07687917
-0.028922986 0.005585195 0.27807897
-0.029606907 0.011900154 0.30392578
-0.02940958 0.01994713 0.32680014
-0.026713574 0.01823897 -0.08955507
-0.02989765 0.026841125 -0.070195585
-0.03414899 0.032533523 -0.050501432
-0.03894114 0.03586213 -0.030815145
-0.043032337 0.03496121 -0.011501993
-0.046014454 0.04478694 0.024928907
-0.04392087 0.045604017 0.021021329
-0.043791782 0.043513797 0.024675237
-0.042367324 0.03225557 0.041715242
-0.040174384 0.01607314 0.0587222
-0.029137889 0.023334945 0.33432364
-0.027694384 0.035956632 0.35563755
-0.043454193 0.046539597 0.024720097
-0.03838036 0.067883715 0.039874297
-0.02585172 0.050555494 0.37376547
-0.025665976 0.05223209 0.37555093
-0.0375263 0.07055815 0.043458678
-0.03395543 0.08562748 0.06225946
-0.032967135 0.09305665 0.07143062
-0.02423248 0.070551366 0.3899652
-0.0324345 0.09938766 0.080950946
-0.032072514 0.10954163 0.09948911
-0.031937636 0.11665758 0.11314107
-0.042382084 0.091888286 0.39966312
-0.023851978 0.090807155 0.39902532
-0.031879738 0.11922984 0.118267156
-0.031621378 0.1281608 0.13732134
-0.043134637 0.13385251 0.15697594
-0.031424273 0.13453637 0.15262532
-0.02398482 0.101320654 0.40156403
-0.024257954 0.11112877 0.40293488
-0.03137916 0.13615288 0.15666488
-0.031258244 0.14075406 0.17622498
-0.031073498 0.14307532 0.19645958
-0.030553086 0.14571357 0.21811621
-0.047677603 0.1424499 0.24144386
-0.030455377 0.1461873 0.22078395
-0.024733918 0.12957917 0.40163845
-0.029452069 0.14925921 0.2418572
-0.027819585 0.15102836 0.2675728
-0.03792206 0.14614324 0.29364836
-0.02771082 0.15103434 0.26916236
-0.024925264 0.14559719 0.39577532
-0.025930347 0.15096053 0.29451084
-0.024308523 0.15266974 0.3211156
-0.03341517 0.15482922 0.3452442
-0.024048084 0.15380739 0.32720566
-0.040321443 0.15840666 0.36610654
-0.024743643 0.1594633 0.3837692
-0.024792008 0.15820278 0.3855319
-0.023742102 0.1589964 0.3439501
-0.024107939 0.16425201 0.3636299
-0.011335371 -0.18678047 -0.34330103
-0.017360644 -0.18389645 -0.32051903
-0.0055759046 -0.17065655 -0.37238067
-0.0057990705 -0.17493312 -0.3679306
-0.0069733327 -0.18577614 -0.34256223
-0.0076815966 -0.18174218 -0.31863678
-0.016280428 -0.1657739 -0.2949522
-0.008209947 -0.16728209 -0.29676554
-0.005213833 -0.1500707 -0.38568974
-0.008347383 -0.16443726 -0.29320353
-0.009184007 -0.14876367 -0.2779673
-0.0056003863 -0.12755308 -0.39221948
-0.0053131995 -0.14006728 -0.38932103
-0.010745316 -0.13242908 -0.26177835
-0.026089942 -0.12930316 -0.2598591
-0.011207423 -0.12868798 -0.2575838
-0.005906371 -0.10577501 -0.38994178
-0.013565327 -0.1113999 -0.23486039
-0.022146218 -0.1101036 -0.23265089
-0.014010529 -0.10803994 -0.2292543
-0.005993597 -0.088505 -0.37917084
-0.0060435846 -0.08593532 -0.37697065
-0.015107641 -0.098725095 -0.21323691
-0.03429601 -0.09610961 -0.20788343
-0.015820645 -0.09001681 -0.19697502
-0.006532704 -0.07233484 -0.34999415
-0.006694618 -0.07059074 -0.3445285
-0.015915347 -0.08824516 -0.19382682
-0.015593611 -0.07824133 -0.17564921
-0.027298262 -0.07693714 -0.17357223
-0.014887484 -0.072619535 -0.16678965
-0.0075802486 -0.06425719 -0.3185727
-0.008265674 -0.05965707 -0.30170852
-0.013852172 -0.066565245 -0.15835196
-0.010948774 -0.055531286 -0.14169434
-0.02174969 -0.054486368 -0.14087951
-0.008531336 -0.04826621 -0.1272121
-0.009670509 -0.040201835 0.12284478
-0.009617792 -0.040254865 0.123161405
-0.0064475783 -0.03785771 0.14519155
-0.004386985 -0.03144922 0.16469659
-0.0035208408 -0.02346915 0.18154927
-0.0035276136 -0.017817054 0.19034459
-0.00873507 -0.056230586 -0.29082206
-0.009786894 -0.04953578 -0.26793095
-0.01006764 -0.048230182 -0.26240593
-0.008232158 -0.047074616 -0.12491977
-0.0068400367 -0.039879978 -0.10741437
-0.007211766 -0.03222609 -0.08882419
-0.024902223 -0.02494498 -0.0884671
-0.00902802 -0.025039205 -0.069334
-0.018686568 -0.020558592 -0.06927832
-0.01185905 -0.019227192 -0.049337693
-0.013954789 -0.018095974 -0.049363967
-0.012547345 -0.017880661 -0.045525268
-0.015470073 -0.027971664 0.091935344
-0.0137316035 -0.03353348 0.1000184
-0.0036437009 -0.014362883 0.19701794
-0.004384197 -0.006964495 0.21319547
-0.00524313 -0.0029341409 0.22675012
-0.010855865 -0.04439313 -0.24782756
-0.012035995 -0.0400974 -0.22930135
-0.0129977 -0.034496635 -0.21196204
-0.013143734 -0.028180718 -0.19511706
-0.014060117 -0.021902353 -0.17816818
-0.012179032 -0.022413196 -0.1817853
-0.0254707 -0.019179525 -0.16124836
-0.016134843 -0.011285696 -0.02930867
-0.036574528 0.005241673 -0.030168476
-0.021972612 -0.0005363063 -0.009955025
-0.027445959 0.003251568 -0.010231903
-0.023456426 0.002408468 -0.0054677287
-0.030473193 -0.009655329 0.07723196
-0.020021556 -0.009116842 0.07385567
-0.01883721 -0.014005867 0.07855128
-0.005553733 -0.0019409372 0.23139064
-0.0069301315 0.0015071367 0.25188813
-0.008131512 0.0056957817 0.27258933
-0.011788928 -0.02106531 -0.178204
-0.009060657 -0.013417461 -0.16078472
-0.0061301338 -0.005422227 -0.1428935
-0.008815235 0.0020902203 -0.12529546
-0.0047948733 0.00019095343 -0.13075514
-0.019507973 0.008907099 -0.10798295
-0.027727665 0.014384478 0.0077203014
-0.040204737 0.02433074 0.007206601
-0.029038344 0.020384537 0.024643691
-0.029199142 0.020493558 0.02463586
-0.028838798 0.01980515 0.027883727
-0.03847898 0.014713087 0.058664095
-0.027081437 0.017116485 0.042387243
-0.023641117 0.006061301 0.059382454
-0.008246061 0.006307637 0.27510566
-0.008835227 0.013075398 0.30165553
-0.008321753 0.020600695 0.32184294
-0.0044521056 0.0029554218 -0.12491027
-0.004790278 0.011096468 -0.10684672
-0.0069730915 0.019930074 -0.08836547
-0.010644167 0.028557245 -0.06925991
-0.015452288 0.036842816 -0.049749896
-0.02075569 0.04489731 -0.030335842
-0.030977251 0.048964486 -0.01162507
-0.022864113 0.04786842 -0.02205461
-0.039181996 0.04790088 0.0066985833
-0.027224367 0.017871961 0.041603394
-0.0074376296 0.026895646 0.33499852
-0.0057113324 0.036260486 0.35119227
-0.025147531 0.05065109 -0.011527573
-0.02733791 0.053512692 0.006547645
-0.025894418 0.060590982 0.024325775
-0.023408065 0.069795445 0.032322172
-0.021569684 0.052184135 0.37480578
-0.0025166373 0.052372452 0.37107986
-0.020915307 0.07742545 0.04300531
-0.017301198 0.09201541 0.06200029
-0.01673153 0.095249556 0.06635187
-0.0006059437 0.06394427 0.3811808
0.00020315335 0.070352085 0.38566363
-0.015491847 0.10411583 0.08077916
-0.014641663 0.11258963 0.099346906
-0.014074782 0.119266525 0.114715695
0.0016836873 0.090104714 0.394446
-0.013950063 0.120686896 0.11807118
-0.013192329 0.12941654 0.13709751
-0.012659783 0.13524577 0.15084249
-0.015684854 0.11048645 0.40178856
0.0015060868 0.10979054 0.39856428
-0.0124557065 0.13745202 0.15647244
-0.01184946 0.14176112 0.17609365
-0.011204378 0.14486119 0.1964679
-0.027088944 0.14647421 0.21812998
-0.010833917 0.14720778 0.20628375
-8.810178e-05 0.1275523 0.39899614
-0.00011826918 0.12780088 0.39897877
-0.010319173 0.1500262 0.21849619
-0.009179988 0.15492463 0.24270637
-0.026732687 0.15136519 0.267645
-0.008922575 0.15562043 0.24807128
-0.0020629044 0.1438843 0.39503902
-0.007936119 0.15715495 0.26861608
-0.006652898 0.1577333 0.29509637
-0.020159828 0.15406206 0.3210948
-0.0064433664 0.15798102 0.29967445
-0.012183578 0.15861887 0.38541207
-0.0037631125 0.15861443 0.38575795
-0.0056842556 0.16075428 0.31991625
-0.0051265946 0.16545472 0.34184924
-0.00480939 0.16825265 0.36201754
-0.003811565 0.15915774 0.38510194
0.0010662515 -0.17104965 -0.36742222
0.016926542 -0.17201309 -0.3461214
0.016534902 -0.17463943 -0.33981788
0.015690444 -0.17339306 -0.3146895
0.015643036 -0.17147322 -0.31073675
0.017730342 -0.15121187 -0.37360272
0.017620284 -0.1604037 -0.36559784
0.014709994 -0.16036563 -0.28942502
0.013966895 -0.15090585 -0.27778873
0.013984198 -0.12801619 -0.38634098
0.017035503 -0.12806228 -0.38514853
0.012773986 -0.13815759 -0.26345357
0.01160868 -0.12617104 -0.24901155
0.016086701 -0.10545335 -0.38641176
0.016920786 -0.12381056 -0.38571563
0.011032982 -0.11864912 -0.23989046
0.010685065 -0.10621917 -0.21935536
0.0011550882 -0.10295359 -0.21740942
0.010694636 -0.09948886 -0.20821443
0.015518198 -0.08945809 -0.3802897
0.015238398 -0.08462801 -0.37788263
0.010703039 -0.09462191 -0.19998164
-0.012669847 -0.08889689 -0.19464861
0.010542539 -0.082321376 -0.18087485
0.007957814 -0.08179552 -0.1803713
0.010539614 -0.08093557 -0.17880799
0.0058897883 -0.068404816 -0.35087734
0.01393723 -0.06719304 -0.35425216
0.011057527 -0.07007579 -0.16237971
-0.003548804 -0.0683022 -0.15992518
0.0122734485 -0.061804242 -0.14912823
0.013770162 -0.06602644 -0.35128725
0.011955753 -0.058038704 -0.321962
0.011161098 -0.05484301 -0.31065094
0.012734213 -0.05894307 -0.14473513
0.014698349 -0.050616268 -0.1273648
-0.007029555 -0.047391653 -0.12502013
0.015573234 -0.04403578 -0.10935881
0.0013628097 -0.04178927 -0.10803132
0.014712061 -0.037325107 -0.09012187
0.013149695 -0.037016124 -0.0900083
0.014535751 -0.036628388 -0.08810969
0.008439834 -0.037568644 0.118107595
0.009501914 -0.0379234 0.125139
0.012366259 -0.034083713 0.14603004
0.014481003 -0.028420515 0.16473043
0.015700381 -0.022898681 0.1811162
0.016083278 -0.016957022 0.19612065
0.0030164882 -0.014969699 0.1966172
0.015841203 -0.011895558 0.2062624
0.010097292 -0.050084345 -0.29486424
0.008847475 -0.043069746 -0.27186388
0.008758767 -0.042515162 -0.26981667
0.012507243 -0.030807933 -0.0699105
0.009837152 -0.026466992 -0.04938118
0.006848957 -0.02242446 -0.028933743
-0.00517372 -0.017737739 -0.029032046
0.0042127855 -0.017900227 -0.01514093
0.0028292902 -0.02560475 0.08345535
0.006173358 -0.035125516 0.10317134
0.015601949 -0.009965789 0.21122739
0.01426181 -0.0034881504 0.22825874
0.00206374 -0.0022616829 0.23017193
0.013660534 -0.0011938548 0.23457111
0.008112555 -0.03746655 -0.2513709
0.0076848655 -0.031851698 -0.23236416
0.0049764854 -0.025391165 -0.21415444
0.0076617254 -0.02506202 -0.21698374
-0.0058741937 -0.02430549 -0.19571882
0.0027788917 -0.015288075 -0.009058429
-0.0020493553 -0.006938754 0.009610592
-0.012673397 3.1863747e-05 0.008977347
-0.0048626415 -0.0021287065 0.02579149
-0.0074853525 -0.00706407 0.061746772
-0.0037420522 -0.005197821 0.048678633
-0.0013505775 -0.011474761 0.0626635
0.002545531 -0.024555638 0.08203749
0.012445567 0.0025913096 0.24832627
0.0109451 0.008462245 0.2717135
0.008502697 0.008157654 0.27216914
0.010930425 0.008557225 0.27205375
0.007709681 -0.023724943 -0.21451235
0.008336663 -0.01638712 -0.19680823
0.009884302 -0.01074226 -0.17863686
0.012525481 -0.004078078 -0.16007605
0.0015795876 -0.0021806937 -0.14236559
0.012833705 -0.0033005662 -0.15808211
-0.005038375 -0.0016750143 0.027091805
-0.004449974 -0.0031506158 0.04449332
-0.026832389 0.017248942 0.04164844
0.010628374 0.016788073 0.29956162
0.011290094 0.02258427 0.3140823
0.015067673 0.0026769843 -0.14144275
0.016215913 0.008372766 -0.12316779
0.01562507 0.014476746 -0.10511196
0.013402356 0.021538537 -0.08675072
0.009878475 0.029412223 -0.06778095
0.0030057048 0.038421612 -0.0485555
0.0063927756 0.036691703 -0.052377462
-0.01657411 0.046128385 -0.030139362
0.0137024 0.03408349 0.3374148
0.014686065 0.03782752 0.3441827
0.0054093245 0.038447723 -0.04838683
0.0005279471 0.04728066 -0.02916277
-0.0037362617 0.05412803 -0.0105952555
-0.005886797 0.060605112 0.0073926733
-0.012975206 0.06954016 0.024957493
-0.005114129 0.06846029 0.019658567
0.018955749 0.054015566 0.36494383
-0.004441271 0.07198772 0.02551485
-0.0014722059 0.08515721 0.044192757
-0.010492565 0.09512533 0.062321972
0.00017700414 0.09400141 0.056326345
0.007066195 0.07065165 0.38379976
0.02298816 0.07221078 0.3786508
0.00084855466 0.09861192 0.0630716
0.0019455528 0.10891998 0.08159051
0.0026396743 0.1166257 0.09998051
0.003064898 0.12064321 0.11002184
0.021395652 0.09140754 0.3882294
0.025787657 0.09201101 0.38647723
0.0034809466 0.12368115 0.11857343
0.0046284557 0.13098659 0.13755736
0.005440734 0.13536707 0.14929174
0.026265562 0.09992033 0.3884858
0.026180688 0.111291826 0.3902208
0.0059875515 0.1379558 0.15700354
0.007341832 0.14195843 0.17677554
0.008754827 0.14615716 0.19730459
0.008887198 0.14673121 0.1992178
9.014335e-05 0.12779102 0.39892548
0.0240541 0.12840717 0.39037833
0.0101929465 0.15226544 0.21935296
0.0065477253 0.15680929 0.24313545
0.011332044 0.15719432 0.24174291
0.0058027906 0.14344595 0.3928434
0.020756215 0.14361359 0.3861021
0.011393742 0.15748182 0.24326736
0.012322984 0.15946187 0.26873067
0.013128912 0.15991075 0.2949735
0.013367896 0.16002311 0.30243504
-0.002632579 0.15850115 0.3854298
0.017416 0.15754132 0.37399173
0.013821625 0.16161601 0.320062
0.014837323 0.16317272 0.34339228
0.01636879 0.16133483 0.36587137
0.020347372 -0.17218181 -0.33943835
0.019002948 -0.17189394 -0.314232
0.027686737 -0.15185314 -0.36439958
0.039891075 -0.15293226 -0.34791172
0.039525285 -0.15911965 -0.33745918
0.038463548 -0.16310878 -0.31213465
0.036936123 -0.15631008 -0.28780153
0.036420826 -0.15243523 -0.28097776
0.03941277 -0.12909852 -0.37033436
0.039832454 -0.1402959 -0.36268157
0.03501661 -0.14180374 -0.26427075
0.033717785 -0.12810682 -0.24235901
0.023136755 -0.12352256 -0.24141873
0.033774998 -0.117476664 -0.22243331
0.02462149 -0.10561027 -0.38292822
0.038141776 -0.10591876 -0.37636513
0.033777457 -0.117432475 -0.22235242
0.034614205 -0.10489989 -0.20347144
0.017958693 -0.09703439 -0.20128879
0.03517705 -0.09221491 -0.18899967
0.036582224 -0.08433762 -0.37287995
0.035279717 -0.088853665 -0.18494819
0.035745896 -0.075177655 -0.1665213
0.03152535 -0.07394995 -0.16585623
0.03596059 -0.07236393 -0.16176032
0.034770224 -0.065365285 -0.3575788
0.03666305 -0.064756766 -0.14852236
0.016840493 -0.059811424 -0.14537504
0.037545543 -0.056154445 -0.13058086
0.029369818 -0.05371799 -0.12938909
0.037652873 -0.0504428 -0.11867987
0.03434407 -0.062229495 -0.35215557
0.03206589 -0.05203946 -0.32487398
0.031551372 -0.050280817 -0.31934375
0.03750392 -0.04763063 -0.11181422
0.03619261 -0.040634792 -0.09182757
0.033981632 -0.035161655 -0.070938915
0.028277716 -0.034008704 -0.07062681
0.032816704 -0.033384502 -0.060109463
0.019749492 -0.037290547 0.105331585
0.02626032 -0.036897633 0.0978545
0.02688338 -0.038133085 0.10625779
0.028827578 -0.038210623 0.1273401
0.03082147 -0.034917265 0.14736368
0.03239344 -0.031462487 0.1654626
0.033352092 -0.028454851 0.18162477
0.03373286 -0.024651749 0.19649196
0.033510506 -0.018846083 0.21095707
0.019958908 -0.011720337 0.21098553
0.032920916 -0.012381204 0.22083306
0.029731749 -0.044424 -0.29928923
0.027999206 -0.037382353 -0.2763677
0.027773386 -0.03593659 -0.2723959
0.031777784 -0.0316648 -0.04990829
0.030229582 -0.030074015 -0.029248066
0.029395962 -0.029021943 -0.009227874
0.0073172795 -0.017936481 -0.008995001
0.028878655 -0.028273165 0.010051197
0.013969247 -0.018065104 0.0101591
0.027802259 -0.02727587 0.028752767
0.016262893 -0.018925691 0.02859347
0.026112022 -0.026628835 0.04715812
0.016721696 -0.02060405 0.0466882
0.02516671 -0.028685858 0.065804854
0.014187304 -0.022788208 0.06473919
0.025501031 -0.03352504 0.08541821
0.004050001 -0.025388725 0.082297176
0.032445926 -0.008916195 0.22636157
0.03106996 -0.00012257707 0.23954576
0.027170902 -0.029576685 -0.25539362
0.027193371 -0.020900525 -0.23581558
0.027263729 -0.01930609 -0.23265153
-0.0043539624 -0.00228653 0.027163902
-0.0028241165 -0.0045796344 0.044710726
0.03049407 0.0029247892 0.24541587
0.012654408 0.008896823 0.27144954
0.029025933 0.011884048 0.26642916
0.027854592 -0.011035861 -0.21715301
0.028867688 -0.00506589 -0.19836666
0.030484736 -0.0014557655 -0.17913117
0.014731996 -0.003258774 -0.16000436
0.030796222 -0.00060969073 -0.17645349
0.028918691 0.012961537 0.26913846
0.02915545 0.023728382 0.29840794
0.029472 0.025764145 0.30342185
0.032840822 0.003993765 -0.15969223
0.034928888 0.010261772 -0.14053603
0.03283389 0.014352463 -0.12212181
0.035714507 0.01396252 -0.12702677
0.0281072 0.017843453 -0.10417766
0.024142276 0.023466717 -0.08590485
0.017289624 0.030224042 -0.067205146
0.028211292 0.03974826 0.33843023
0.033471964 0.040699877 0.33562437
0.035833962 0.015726207 -0.12198325
0.03537945 0.020355325 -0.1037173
0.033701092 0.025651144 -0.08521812
0.031069621 0.031888776 -0.06618991
0.027767964 0.03932869 -0.046811502
0.02412312 0.04751594 -0.027613517
0.020771261 0.055402283 -0.009013091
0.012603919 0.063973464 0.008689754
0.01931001 0.06153636 0.0032467062
0.034124915 0.042768348 0.33902752
0.038656414 0.057095546 0.3583829
0.018874839 0.0645041 0.0091441255
0.019005176 0.07623205 0.027408164
0.017068079 0.08973478 0.04583172
0.019984925 0.088873625 0.044346765
0.04357935 0.07594689 0.37160337
0.020074507 0.09019045 0.04608171
0.020533651 0.10277747 0.06464711
0.020502921 0.11336399 0.08291529
0.014157309 0.12022535 0.10071061
0.020521741 0.11911813 0.09472399
0.04725839 0.09641208 0.37775937
0.02061007 0.12183081 0.1011671
0.021291059 0.12781744 0.11974661
0.022679051 0.13327202 0.13889243
0.023230545 0.13497353 0.14491442
0.03325253 0.11247455 0.38706803
0.048364643 0.11606475 0.37852228
0.024590567 0.13827504 0.15853047
0.026721055 0.14175749 0.17847472
0.017548647 0.14633901 0.19794397
0.028660731 0.1459054 0.19610523
0.03779109 0.13071196 0.3817359
0.046450906 0.13304846 0.37378633
0.0289729 0.14668882 0.19903037
0.031048303 0.15226278 0.22066322
0.015703931 0.1571535 0.2433251
0.0327009 0.15623923 0.24374513
0.03338516 0.15706754 0.25543144
0.032647755 0.1449102 0.37523574
0.04204692 0.14761247 0.3570893
0.03402306 0.15772085 0.26854825
0.035431843 0.15696205 0.295034
0.022043595 0.1588808 0.32113636
0.037401456 0.1550499 0.32249185
0.025752898 0.15773194 0.34643632
0.040808164 0.15022516 0.3506271
0.021679536 0.15755029 0.3680277
0.047531012 -0.1534323 -0.33672565
0.055902287 -0.15420122 -0.31144994
0.04805117 -0.15329428 -0.2877118
0.050263293 -0.1296284 -0.36101025
0.060732886 -0.13026959 -0.35004494
0.06077106 -0.14271548 -0.33591342
0.05979508 -0.15188323 -0.31145677
0.05798734 -0.15025495 -0.28792793
0.055813547 -0.14232743 -0.2652373
0.05424921 -0.13445516 -0.2436565
0.053887952 -0.12831989 -0.22348075
0.033815876 -0.11745311 -0.22235556
0.054659173 -0.118552595 -0.2045296
0.046352703 -0.11240949 -0.20427719
0.05543254 -0.11041931 -0.19554456
0.059676696 -0.10683744 -0.3620578
0.060122717 -0.1135 -0.35954425
0.056179576 -0.10192643 -0.18665233
0.039892413 -0.09100539 -0.18550879
0.057190284 -0.086807124 -0.16973642
0.05793701 -0.08493082 -0.3629598
0.057221267 -0.086209364 -0.16902593
0.05768318 -0.07534397 -0.1512495
0.04601759 -0.06857745 -0.14991078
0.057819523 -0.06568756 -0.13321102
0.056391247 -0.06477012 -0.13306536
0.057820573 -0.06438692 -0.1312317
0.055713836 -0.06490955 -0.35451448
0.05744278 -0.054743536 -0.11419341
0.042377584 -0.048973393 -0.112415485
0.05623489 -0.04635758 -0.09520059
0.045531407 -0.036894146 0.14793868
0.04844291 -0.038061406 0.14355947
0.048663974 -0.037662927 0.14799328
0.0494894 -0.034999494 0.16585328
0.03776895 -0.032214783 0.16560997
0.05006675 -0.032286555 0.18210095
0.03467608 -0.028633166 0.18164855
0.05035016 -0.02906805 0.19716696
0.047209222 -0.027932404 0.19696087
0.050361488 -0.028551595 0.19847006
0.055536386 -0.06336191 -0.35288107
0.05128312 -0.047290318 -0.32674983
0.052832913 -0.047113907 -0.32725155
0.05610733 -0.045776494 -0.093655415
0.054185104 -0.04046992 -0.07225487
0.05252049 -0.038188133 -0.050860956
0.03595604 -0.032984164 -0.050075617
0.051739473 -0.03860627 -0.030037802
0.03666875 -0.03260985 -0.029449392
0.051867105 -0.041095063 -0.010023431
0.035211075 -0.032225706 -0.009407175
0.052210238 -0.043071616 0.009300308
0.034226034 -0.032033432 0.009904434
0.051880628 -0.041639023 0.028330626
0.035387028 -0.032400522 0.028683087
0.050356906 -0.038870346 0.047482133
0.0387906 -0.033486173 0.04744418
0.048381235 -0.03810758 0.06705197
0.040341325 -0.03506696 0.06675595
0.04713951 -0.03928128 0.08722775
0.034981232 -0.036189605 0.08638848
0.04702029 -0.040339556 0.10792686
0.047717333 -0.03971846 0.1284962
0.050264113 -0.023922745 0.21168311
0.049588166 -0.014667559 0.22659136
0.04951156 -0.014634006 0.22658506
0.04958676 -0.0146509325 0.22661072
0.052795324 -0.046954114 -0.32685944
0.050578587 -0.039473582 -0.30324924
0.048455533 -0.03186093 -0.2807942
0.048050936 -0.02957722 -0.27595317
0.048109453 -0.0006641177 0.24263395
0.047162943 -0.02152292 -0.25937766
0.036332753 -0.015855458 -0.23738614
0.047081422 -0.011984766 -0.24208476
0.047954775 0.0005743353 0.2442371
0.046530794 0.013574283 0.263125
0.047145516 -0.010183155 -0.23912095
0.047827344 -0.0014095344 -0.21955451
0.048790757 0.0027367442 -0.1999294
0.037317004 0.000766554 -0.17936316
0.04958729 0.004500925 -0.18790713
0.04635977 0.016112067 0.26750594
0.039399415 0.02759399 0.2977083
0.04680899 0.0287997 0.2933689
0.050199013 0.0054011354 -0.17996587
0.052057654 0.010441528 -0.15987088
0.048733603 0.015309356 -0.14028527
0.053457227 0.016279228 -0.1429745
0.047091603 0.030514585 0.29721382
0.05106156 0.044035867 0.32735175
0.053632844 0.017372614 -0.14025968
0.05434509 0.022053119 -0.12135867
0.054206777 0.025561452 -0.10279553
0.053331308 0.02951198 -0.084060766
0.05191481 0.03441976 -0.06488757
0.0501423 0.041068204 -0.04542914
0.048172805 0.04953141 -0.02613818
0.031403087 0.056450773 -0.008310979
0.04816762 0.04955195 -0.026090605
0.0530707 0.049862836 0.33683267
0.056760408 0.060826134 0.35111287
0.046141073 0.057902914 -0.007425175
0.044473838 0.06676266 0.0108156
0.043597113 0.078567594 0.029079463
0.043509256 0.080798 0.032030996
0.062056888 0.080349386 0.3632855
0.042914443 0.092328615 0.047537405
0.041817956 0.10516424 0.06588481
0.031998217 0.11555408 0.08368369
0.041111927 0.11212695 0.07652388
0.06610371 0.1014178 0.3671047
0.040664557 0.116767436 0.084153146
0.040055778 0.124976344 0.102552615
0.040444274 0.1303583 0.12148391
0.034016676 0.13445917 0.14012215
0.04146689 0.13391338 0.13624017
0.06761279 0.12184187 0.36279857
0.041912425 0.13493945 0.14108205
0.044132918 0.13799681 0.16101378
0.046805426 0.14061393 0.1811048
0.04958457 0.14503053 0.20092742
0.06084091 0.13827474 0.35418105
0.0668949 0.13271342 0.35452354
0.06524621 0.1405003 0.3418058
0.04966406 0.14518468 0.20151179
0.05230856 0.15005787 0.22257857
0.054682773 0.15238774 0.24483782
0.03950232 0.15642953 0.26859865
0.057060886 0.15212211 0.26900858
0.045178473 0.15450685 0.29524946
0.059662815 0.15034854 0.2955056
0.04741782 0.15200494 0.3233624
0.062746845 0.1465492 0.32396385
0.044214245 0.14860839 0.35136804
0.07285233 -0.13081676 -0.33552042
0.08065719 -0.1309797 -0.32315513
0.08001743 -0.13724378 -0.31207922
0.077994175 -0.14149216 -0.28894717
0.07560119 -0.13932258 -0.26637146
0.07382015 -0.13579784 -0.24464013
0.07318394 -0.13252386 -0.22411136
0.07362555 -0.1259321 -0.20481649
0.074705705 -0.114088945 -0.18668419
0.06694148 -0.10904205 -0.18679586
0.07513622 -0.10848674 -0.17990018
0.06336872 -0.1070725 -0.35888663
0.08076715 -0.10804349 -0.34178695
0.080978476 -0.11807388 -0.33566096
0.07565648 -0.099565536 -0.16930597
0.05790872 -0.08665536 -0.16906947
0.075908415 -0.087217264 -0.1519131
0.07141482 -0.08392576 -0.15192941
0.0759124 -0.08337292 -0.14628616
0.06690355 -0.08543419 -0.35670784
0.07945163 -0.08605828 -0.34679568
0.07580663 -0.075586334 -0.13416043
0.07546267 -0.06319234 -0.115401976
0.07341556 -0.06204663 -0.11533651
0.075399995 -0.061948378 -0.113405935
0.05872566 -0.06496093 -0.35321045
0.07697197 -0.065187104 -0.3443452
0.07449668 -0.052743677 -0.094923064
0.057422537 -0.04622352 -0.09377208
0.07304488 -0.047171865 -0.07339112
0.06900628 -0.045565046 -0.07318723
0.07218993 -0.045698352 -0.06002783
0.06486846 -0.045833096 -0.010473865
0.07099958 -0.045923185 -0.02679265
0.070965864 -0.048033316 -0.010663247
0.071089596 -0.049704704 0.0087798955
0.05976612 -0.045843575 0.009068225
0.07092426 -0.04862102 0.027955612
0.06480578 -0.046300504 0.028049348
0.0706456 -0.047017504 0.03620804
0.06638212 -0.03790658 0.14521818
0.066420406 -0.037725605 0.14782596
0.06675362 -0.035168633 0.16589412
0.06446151 -0.03210038 0.18250102
0.066993415 -0.033122536 0.1768383
0.052238453 -0.028841838 0.19721642
0.056373015 -0.04681093 -0.32724962
0.07453682 -0.04737315 -0.32889524
0.074239336 -0.045530245 -0.32659718
0.07175385 -0.044709835 -0.051783275
0.071059145 -0.045345567 -0.030800665
0.07000529 -0.045109596 0.047370993
0.06844821 -0.042833954 0.06733045
0.06708193 -0.041998312 0.08773872
0.066369064 -0.041187186 0.10829182
0.066234075 -0.039790664 0.12850739
0.06711738 -0.032317888 0.18261416
0.06738599 -0.029162236 0.19819939
0.067411155 -0.025248919 0.21325676
0.04980524 -0.0146818105 0.22660246
0.0670635 -0.01893457 0.22629935
0.0725742 -0.03678656 -0.30643916
0.07043015 -0.027250763 -0.284486
0.07005519 -0.025162198 -0.28086528
0.06696044 -0.01769225 0.22853105
0.06569558 -0.005013825 0.24542381
0.057047214 -0.0019490346 0.24454497
0.06555886 -0.003779374 0.2468829
0.068722926 -0.015170433 -0.26284721
0.06827781 -0.006283101 -0.24725382
0.06397097 0.012818599 0.26521194
0.06825998 -0.0033486448 -0.24200898
0.06857195 0.003682197 -0.2217876
0.0691729 0.0071821352 -0.20157935
0.06955418 0.009184872 -0.19173533
0.06389763 0.013934278 0.26652777
0.063975 0.030229349 0.28797978
0.070027284 0.011138779 -0.18104097
0.07105809 0.017004851 -0.16034484
0.07156041 0.020301552 -0.149356
0.06453378 0.034617838 0.29512283
0.0676961 0.047061116 0.31755584
0.07190323 0.023205146 -0.14024322
0.072373085 0.026673788 -0.12095058
0.072477594 0.029511925 -0.10204818
0.072304174 0.03290528 -0.08304164
0.07196651 0.037434995 -0.0636982
0.07015161 0.044205245 -0.04422446
0.071564406 0.043968353 -0.045433998
0.048209574 0.049536705 -0.026136035
0.07139287 0.058513388 0.3334304
0.07334947 0.06454437 0.34045744
0.07152991 0.044480443 -0.044132184
0.0709049 0.053157095 -0.024818594
0.06992727 0.060955632 -0.006159552
0.06877247 0.069712125 0.012032188
0.06880234 0.069696926 0.011997265
0.04768712 0.079106495 0.029302612
0.07862498 0.08443343 0.3511476
0.06880002 0.06971626 0.012033497
0.06764604 0.08128806 0.03010936
0.06616129 0.09406221 0.048187517
0.054659083 0.10628832 0.06626015
0.06513871 0.10135946 0.058431756
0.08276025 0.105812535 0.35147336
0.0642977 0.10689945 0.06638008
0.062487964 0.11790194 0.084809296
0.06141623 0.12605442 0.10376469
0.061552644 0.13164158 0.123467535
0.06156034 0.13168831 0.12366112
0.07530168 0.12431738 0.353001
0.083599 0.11219898 0.34880212
0.084334835 0.12769245 0.33405408
0.062915064 0.1354311 0.14372076
0.065170534 0.137468 0.1640482
0.06798054 0.13907975 0.18428576
0.050636783 0.14500941 0.20164181
0.070968874 0.1421176 0.20451115
0.07138487 0.14608894 0.2247563
0.073790416 0.14557147 0.2250425
0.074357346 0.14684458 0.24639918
0.07647738 0.14612363 0.24657917
0.072620384 0.1465196 0.2696793
0.07918257 0.14351012 0.26994202
0.07177833 0.14543499 0.2956307
0.08170588 0.13998012 0.29540938
0.070129625 0.1431373 0.32379925
0.08375281 0.13397533 0.3223399
0.08730267 -0.1304765 -0.3124366
0.09781445 -0.12834 -0.29288903
0.097454205 -0.12953871 -0.28993818
0.09499994 -0.13292427 -0.2672791
0.09339512 -0.13248378 -0.2453636
0.09294911 -0.13073027 -0.22449562
0.09335813 -0.1263841 -0.20484847
0.09406876 -0.118026964 -0.18637474
0.09446941 -0.11115054 -0.17644393
0.086178295 -0.10820352 -0.33560178
0.10043785 -0.10777954 -0.3174166
0.10013645 -0.11277353 -0.31337494
0.094653584 -0.105544195 -0.168805
0.09467848 -0.09266173 -0.15146947
0.094485134 -0.084902756 -0.14044952
0.09139481 -0.08646277 -0.33495915
0.100492865 -0.08635482 -0.325177
0.09432198 -0.080463365 -0.13379188
0.09378236 -0.06865048 -0.11514374
0.09341987 -0.06293901 -0.1050503
0.09146719 -0.06531566 -0.33259502
0.09859772 -0.06514436 -0.32648373
0.092983454 -0.058101505 -0.094935484
0.091863796 -0.052727368 -0.07369361
0.090775855 -0.05064931 -0.052277505
0.07517629 -0.045717407 -0.05190632
0.089958884 -0.050401784 -0.031320333
0.07319602 -0.045877434 -0.030871086
0.0895157 -0.051373355 -0.011112917
0.08930015 -0.05256217 0.008462455
0.089018576 -0.05237686 0.027812315
0.08840771 -0.049608257 0.047393557
0.08781006 -0.04943502 0.047389295
0.0883923 -0.049542755 0.047754746
0.0678459 -0.037468143 0.14779066
0.06951503 -0.03470991 0.16588637
0.09584615 -0.044297025 -0.31662676
0.087383926 -0.046110038 0.067440085
0.08627193 -0.043710344 0.08776377
0.08535651 -0.04127171 0.108015455
0.08473467 -0.038398612 0.12791663
0.08448584 -0.035568915 0.1472525
0.084637664 -0.033132393 0.16581798
0.08504906 -0.030864963 0.1834054
0.08544492 -0.028556768 0.19997272
0.08543128 -0.025183868 0.21584116
0.085549936 -0.02522302 0.21569414
0.09515423 -0.03846746 -0.3089392
0.09318623 -0.02388571 -0.28711078
0.09305168 -0.022881832 -0.28572002
0.085548826 -0.025181655 0.21585922
0.08511044 -0.019053068 0.23172909
0.08392595 -0.009130405 0.24846873
0.083884306 -0.008794717 0.24889135
0.091752864 -0.011155001 -0.2656647
0.09116353 -0.0028234548 -0.25066265
0.08187992 0.008887119 0.26729292
0.07248601 0.011766987 0.2666759
0.08176043 0.0102635585 0.2685054
0.091022156 0.00025466806 -0.24459802
0.09097715 0.0065391646 -0.22400877
0.09099989 0.010725397 -0.20334056
0.09092103 0.012983352 -0.1958186
0.081164725 0.029892635 0.28427866
0.09075266 0.016868055 -0.18215367
0.09047781 0.02346574 -0.1608142
0.09045152 0.024340257 -0.15682304
0.08197819 0.039648723 0.29387507
0.083693415 0.049076624 0.3047385
0.09038644 0.027833283 -0.1402125
0.09043774 0.02997895 -0.120463185
0.09056179 0.032656886 -0.101132326
0.09080928 0.03651605 -0.081766
0.09083019 0.041589223 -0.062213514
0.09117357 0.041553173 -0.06260116
0.08014657 0.06619736 0.33326212
0.088711515 0.067918174 0.32357427
0.09118187 0.04166815 -0.062181633
0.091521926 0.048784964 -0.042563036
0.091553174 0.05672436 -0.023400744
0.0835724 0.06294822 -0.0053855227
0.09141247 0.060164258 -0.014490189
0.08957969 0.08712246 0.33816972
0.09387684 0.08805676 0.332209
0.09116246 0.064108945 -0.0049085086
0.09045749 0.07216373 0.013071135
0.08950508 0.08318132 0.030769225
0.07791602 0.09479211 0.0483193
0.088948056 0.08878162 0.039003838
0.086469136 0.106829874 0.34628445
0.09806018 0.110143036 0.3242678
0.08821879 0.095325746 0.048422154
0.08666067 0.10646883 0.06636082
0.08512857 0.117178164 0.08503452
0.08418768 0.12642011 0.10475833
0.061818205 0.13165176 0.12349124
0.084138006 0.12744403 0.10758117
0.093176626 0.1317691 0.2941955
0.09892823 0.12639627 0.2929433
0.09808117 0.13267605 0.27013123
0.08883951 0.12942101 0.32107988
0.098829016 0.11677695 0.31665698
0.08434575 0.13242368 0.12535413
0.08563111 0.13554291 0.1462887
0.087736905 0.13713585 0.16704872
0.09025923 0.13794528 0.18741219
0.09271504 0.13918485 0.20739943
0.09485375 0.1400662 0.22734332
0.096680984 0.13806368 0.2479272
0.09806175 0.13277324 0.26974487
0.09944783 -0.12789905 -0.29004136
0.1081865 -0.12504558 -0.26779398
0.11387284 -0.12344718 -0.24784762
0.11380708 -0.12371323 -0.24589391
0.11385102 -0.1242118 -0.22474024
0.11450382 -0.12198109 -0.20473911
0.108544104 -0.11640571 -0.18607801
0.114877395 -0.11956487 -0.19695906
0.1033759 -0.10749017 -0.31352362
0.1179495 -0.10531076 -0.2914832
0.117903836 -0.105637595 -0.2911681
0.11510902 -0.11946052 -0.26806036
0.1152257 -0.11562988 -0.18591285
0.11567135 -0.10525528 -0.16796067
0.11557777 -0.093310714 -0.15031895
0.11552632 -0.0919151 -0.1481941
0.11005243 -0.08578666 -0.3138349
0.11965495 -0.08480166 -0.30133674
0.11492443 -0.08253562 -0.13240735
0.114097185 -0.07247637 -0.113733634
0.113687016 -0.06757285 -0.104078785
0.112333424 -0.06439499 -0.3126685
0.11930024 -0.0638202 -0.30548388
0.11322755 -0.06304729 -0.09387657
0.11210722 -0.057991985 -0.07318067
0.110892296 -0.055988908 -0.05225665
0.10971892 -0.05502039 -0.031583436
0.108760834 -0.05472194 -0.01141854
0.10808809 -0.0552716 0.008300394
0.107603155 -0.055056423 0.027862372
0.107118495 -0.052244436 0.04759628
0.10708767 -0.05203515 0.04867069
0.106294215 -0.0435831 -0.31017196
0.11725411 -0.042784296 -0.30367407
0.106419496 -0.048342012 0.06762124
0.105457835 -0.04524404 0.08769997
0.10432821 -0.041795284 0.10754239
0.103280485 -0.03786611 0.12707596
0.1027022 -0.034478717 0.14638008
0.10280383 -0.03171148 0.16541862
0.10334456 -0.028443668 0.18388683
0.0940888 -0.027408049 0.20079347
0.1033842 -0.028231334 0.18509528
0.11593235 -0.02493512 -0.2889095
0.11567466 -0.021591006 -0.28585255
0.10379434 -0.02512313 0.20143624
0.103802465 -0.02209703 0.21817647
0.103152305 -0.016921008 0.23458667
0.084806494 -0.009067616 0.24862254
0.102818765 -0.014645163 0.23884201
0.11541383 -0.010071269 -0.2678291
0.11511458 -0.0010887298 -0.25316352
0.10166338 -0.0072136004 0.25120497
0.08690566 0.0093139345 0.26779234
0.09975711 0.006730931 0.2655143
0.11502219 0.002190188 -0.24686371
0.11502606 0.008942575 -0.22621363
0.11454515 0.014009637 -0.20529425
0.114233345 0.015619055 -0.20075369
0.09923685 0.011515503 0.2687907
0.09823276 0.028185192 0.27833632
0.11283136 0.021021482 -0.18353786
0.10745822 0.026798036 -0.16138251
0.11090014 0.027212264 -0.16215447
0.0944973 0.049448572 0.29474786
0.09948557 0.049280588 0.29063144
0.110847585 0.027390365 -0.16153596
0.10956019 0.030292107 -0.14032674
0.108875744 0.031660724 -0.11996268
0.10865369 0.034673117 -0.100054696
0.108904615 0.039897025 -0.08023145
0.10891053 0.039977957 -0.07997471
0.100937 0.058127187 0.29617003
0.10355942 0.069634974 0.30421123
0.10947675 0.04569352 -0.06045101
0.10998539 0.05199395 -0.040964592
0.10065254 0.05777764 -0.022723444
0.110115916 0.056029968 -0.02979551
0.10841233 0.09034608 0.30846992
0.1101169 0.05894544 -0.022051401
0.10987885 0.064542346 -0.0037634417
0.10941106 0.07178991 0.014034949
0.10193976 0.082858354 0.031166183
0.10899949 0.080025144 0.027316395
0.11259294 0.11291208 0.28785396
0.11259694 0.11290629 0.28785172
0.11259787 0.11291246 0.28784186
0.10267341 0.111213535 0.31406698
0.109176524 0.09410315 0.30667278
0.10886988 0.082895905 0.031410813
0.10833715 0.09382553 0.048720952
0.10782863 0.1039279 0.06649849
0.107407555 0.11488378 0.08533489
0.09071621 0.1261026 0.10499402
0.107281506 0.12276702 0.09958299
0.10714651 0.13301645 0.24801448
0.11459186 0.12883668 0.24765266
0.11488047 0.13326728 0.22921266
0.098204955 0.13268487 0.26973417
0.11383137 0.12211527 0.26744562
0.10731507 0.12564357 0.10563519
0.10800409 0.13219732 0.12691827
0.10952332 0.13526069 0.1484287
0.11148324 0.13640206 0.16954166
0.11333709 0.13620883 0.18991797
0.11451013 0.13541903 0.20946145
0.11488067 0.1334249 0.22850071
0.11433167 -0.12334752 -0.24591191
0.117019095 -0.12247718 -0.22480443
0.11702044 -0.12090933 -0.20474766
0.11813025 -0.10527977 -0.29118073
0.12806393 -0.10377351 -0.26883438
0.13553117 -0.10372732 -0.24693887
0.13690454 -0.10393595 -0.24129607
0.13732894 -0.10789865 -0.22555295
0.13825865 -0.109434344 -0.20514463
0.13881171 -0.10721559 -0.1857674
0.13687138 -0.10126143 -0.16723001
0.13908876 -0.10231273 -0.1715385
0.11829107 -0.09313192 -0.15014918
0.12614125 -0.08403414 -0.2919633
0.1385873 -0.08294596 -0.27073973
0.13847186 -0.08421065 -0.26979858
0.13687535 -0.10196887 -0.24704757
0.13905515 -0.100703165 -0.16718155
0.13874535 -0.09228885 -0.14891309
0.13778946 -0.08432741 -0.13055623
0.13485715 -0.075518675 -0.11193847
0.13683897 -0.07632146 -0.11290836
0.13064823 -0.06279286 -0.29184037
0.13980852 -0.062101856 -0.27996328
0.13677967 -0.07581391 -0.11178035
0.13565043 -0.06830528 -0.09230591
0.13419706 -0.0641393 -0.07226627
0.13251771 -0.06217699 -0.051962234
0.13074794 -0.06073718 -0.031688545
0.12913565 -0.059598785 -0.011622806
0.12793119 -0.05898657 0.008238425
0.12719081 -0.057345748 0.028029483
0.11031336 -0.05238877 0.04764357
0.12683663 -0.05443896 0.042511355
0.13136892 -0.041713532 -0.29071936
0.13930641 -0.04119843 -0.28316244
0.1267044 -0.053307436 0.047922347
0.12604249 -0.049557082 0.06789686
0.12490598 -0.04649481 0.08768622
0.12329841 -0.04255978 0.10707735
0.12163341 -0.03792336 0.12616079
0.12056374 -0.033844024 0.14523868
0.12039686 -0.029898003 0.16441883
0.10445763 -0.028296018 0.18388723
0.12045382 -0.028171664 0.17009494
0.13877948 -0.020436086 -0.2739573
0.12067715 -0.024333932 0.18330057
0.120722726 -0.019339848 0.20132862
0.11654586 -0.017275553 0.21862794
0.12052764 -0.017063165 0.21162118
0.10677674 -0.01575419 0.23493156
0.13901545 -0.016833266 -0.26958388
0.13895573 -0.00017759937 -0.2513397
0.12024104 -0.01518144 0.21845359
0.11927386 -0.010036308 0.23513298
0.11743351 0.0005840485 0.2515484
0.11700017 0.0033515696 0.25412366
0.13895576 0.0016402949 -0.2486648
0.1392929 0.010483792 -0.22820193
0.13890521 0.015908191 -0.20748718
0.13852784 0.01729588 -0.20365354
0.114029475 0.026030844 0.2685148
0.11457462 0.025961097 0.26811484
0.13637158 0.022141095 -0.18570922
0.114708714 0.027419778 -0.16176608
0.13271943 0.02764159 -0.16320264
0.13212061 0.028265407 -0.15913518
0.11452638 0.026869701 0.26847813
0.11497478 0.047961585 0.27761513
0.12976721 0.030547626 -0.14115214
0.12788898 0.031986628 -0.119937815
0.1268931 0.035405006 -0.09931882
0.10939842 0.03994131 -0.08019228
0.12670878 0.03909068 -0.08717776
0.10833025 0.069673866 0.2983009
0.11825001 0.069127634 0.2866004
0.12674826 0.04168551 -0.07908611
0.1271501 0.04771955 -0.05928929
0.12750958 0.05395388 -0.039993886
0.12753195 0.054642856 -0.037748132
0.110870235 0.0904335 0.30483934
0.12275933 0.09013216 0.28683627
0.12752849 0.059531797 -0.021282168
0.12725352 0.063832104 -0.0030670112
0.12687157 0.07034839 0.014699542
0.12673753 0.07657374 0.025337664
0.12493119 0.112975106 0.2643161
0.1274981 0.11021342 0.26332778
0.12846439 0.113206625 0.25665018
0.12434487 0.097534835 0.2810981
0.12673838 0.081008695 0.031977784
0.1270621 0.09125746 0.04918259
0.1278151 0.10062825 0.06692732
0.12892 0.11138508 0.085842595
0.13002856 0.12156909 0.10356652
0.12860428 0.13338079 0.19101675
0.13620414 0.13148613 0.19133107
0.13593945 0.13329473 0.17978063
0.12084611 0.13342229 0.20982781
0.1352833 0.12764013 0.2100524
0.11518649 0.13328052 0.22850561
0.13300447 0.12324979 0.22778127
0.13025111 0.11789855 0.24538071
0.1302106 0.12302596 0.10640485
0.13179842 0.13075727 0.12810268
0.13371475 0.13410161 0.14995505
0.13544624 0.13418815 0.17120373
0.14074178 -0.10467714 -0.22576712
0.14367062 -0.10528834 -0.20540069
0.14357994 -0.10451163 -0.18585917
0.13912334 -0.08292462 -0.26984763
0.14915524 -0.08334938 -0.24826764
0.15592411 -0.084885105 -0.22732116
0.16070925 -0.086426854 -0.20691255
0.16398574 -0.08726429 -0.18699302
0.16400965 -0.087546475 -0.16742313
0.1643477 -0.08734806 -0.17261383
0.16041091 -0.08608575 -0.14827272
0.16391392 -0.0871863 -0.16473275
0.1514281 -0.082699075 -0.12970772
0.14655481 -0.061817784 -0.27057058
0.15902431 -0.062206693 -0.2496127
0.1642709 -0.06299512 -0.23727453
0.16461301 -0.0694963 -0.22860247
0.16546272 -0.07899899 -0.20758207
0.16496499 -0.0860057 -0.18709546
0.16300182 -0.084646404 -0.14827432
0.16181086 -0.07972795 -0.12929529
0.16047055 -0.0742974 -0.11025761
0.1589126 -0.070236616 -0.09100231
0.15704954 -0.0682274 -0.07147212
0.15486164 -0.06704568 -0.051682487
0.15245943 -0.06559169 -0.031737376
0.15018187 -0.06391944 -0.011741936
0.14845785 -0.06208837 0.008253473
0.14744446 -0.058685824 0.028253376
0.14725025 -0.057044283 0.03423613
0.14944029 -0.04075874 -0.27069026
0.16385055 -0.0408472 -0.2512565
0.16392499 -0.04300893 -0.25044763
0.1468198 -0.053377453 0.048278358
0.14589936 -0.049598403 0.06818806
0.14424734 -0.046479072 0.08770631
0.14188457 -0.042094003 0.1066718
0.1393867 -0.036699172 0.12527108
0.13757929 -0.03147884 0.14393961
0.13115351 -0.02738 0.16345532
0.13682127 -0.02674579 0.15876406
0.14286584 -0.020277785 -0.2698872
0.16388832 -0.028106665 -0.25063556
0.16297178 -0.019952364 -0.2504769
0.16344574 -0.019959211 -0.24981843
0.13673666 -0.025642222 0.1628708
0.13631655 -0.018578425 0.1816742
0.12870868 -0.015651673 0.20060062
0.135859 -0.013985623 0.19384098
0.14406604 -4.347699e-05 -0.24904963
0.16289864 0.00023075461 -0.23532006
0.13547328 -0.011565004 0.1996077
0.13454236 -0.0072934576 0.21680827
0.13330072 -0.0014573911 0.23346704
0.120567806 0.0028900458 0.25124964
0.13254224 0.0024917163 0.23863228
0.16294453 0.0036671595 -0.22992909
0.16345358 0.009324587 -0.20991172
0.16093439 0.016998455 -0.18981107
0.13074866 0.01412125 0.2492383
0.12974449 0.024651306 0.2555507
0.16077273 0.017240465 -0.18866174
0.1559704 0.023805825 -0.16610222
0.15171476 0.028186886 -0.14694804
0.12496575 0.04693277 0.26850587
0.12982893 0.0465187 0.2639312
0.15095456 0.02889849 -0.1430991
0.14751022 0.031811494 -0.12087712
0.14556259 0.03567592 -0.09955081
0.14501502 0.039760124 -0.08580366
0.13143128 0.06780215 0.27149814
0.13283068 0.06768076 0.26970038
0.14493622 0.041991334 -0.07904176
0.1451511 0.048067473 -0.05930223
0.14542674 0.054064386 -0.040145345
0.14545618 0.056092497 -0.03320816
0.12889671 0.08963125 0.27786645
0.13768972 0.08940051 0.2619947
0.14538366 0.05943854 -0.02147286
0.14507416 0.06343419 -0.0032008798
0.14468896 0.069283426 0.014707091
0.14472763 0.07846123 0.031370375
0.14910156 0.11794302 0.20895265
0.15237871 0.11459631 0.20836367
0.15430662 0.1183489 0.20130195
0.14065477 0.11610029 0.22649774
0.14740571 0.107683845 0.22457206
0.1337999 0.11402459 0.24437906
0.14283186 0.10168823 0.24080381
0.13893402 0.09344001 0.25738415
0.14474984 0.078976706 0.03217791
0.14570327 0.08846841 0.049520764
0.14745706 0.096551105 0.067355424
0.14978415 0.1056283 0.08630328
0.13329238 0.12212494 0.106479235
0.15228912 0.11640797 0.10687112
0.14918837 0.12694076 0.12860627
0.15463251 0.12537596 0.12868439
0.1505702 0.13086304 0.15050542
0.15656595 0.12917954 0.1505538
0.14114821 0.13295776 0.17143466
0.15741284 0.12795378 0.17154707
0.15619062 0.12261146 0.19096512
0.16433011 -0.08727553 -0.16743825
0.16757002 -0.063628815 -0.22905338
0.17272727 -0.06536832 -0.20880634
0.17634156 -0.0669283 -0.18875106
0.17841443 -0.06825211 -0.16877733
0.17836685 -0.06922242 -0.14888462
0.17619433 -0.069457926 -0.12922814
0.17272502 -0.068678 -0.10988304
0.17022717 -0.06730305 -0.090628326
0.17084756 -0.06619949 -0.07120378
0.17349775 -0.06518839 -0.051603336
0.17507468 -0.06434641 -0.040107988
0.17383386 -0.06423432 -0.031817406
0.17100948 -0.06298231 -0.011827218
0.16885428 -0.060577303 0.0082837
0.15529945 -0.057880808 0.028331373
0.16845395 -0.05922881 0.013607236
0.16436274 -0.04086883 -0.2504909
0.17347464 -0.041883666 -0.23044902
0.17857838 -0.043352276 -0.21053593
0.18259291 -0.045030307 -0.19054885
0.18637128 -0.046860203 -0.17031583
0.1870141 -0.047310784 -0.16544864
0.1855205 -0.056442898 -0.14954121
0.18368162 -0.060521368 -0.12939288
0.18212193 -0.061312467 -0.109744616
0.18073358 -0.061816454 -0.0903904
0.17906345 -0.06305627 -0.07109132
0.17671409 -0.06422055 -0.051594157
0.167567 -0.05586848 0.028426733
0.16664098 -0.050115354 0.048506342
0.1651967 -0.045959055 0.06832273
0.16275027 -0.04260495 0.087622605
0.15945888 -0.037966687 0.10625799
0.15604065 -0.032002814 0.12443581
0.15063332 -0.026455589 0.1428348
0.15405639 -0.027229534 0.1365018
0.17354155 -0.020463131 -0.23093016
0.17898501 -0.021473322 -0.21140167
0.1838028 -0.022920737 -0.19160616
0.18729821 -0.023966912 -0.17952275
0.18741885 -0.040999692 -0.17066045
0.15331188 -0.025266277 0.14262018
0.1515126 -0.017523699 0.16106644
0.14784265 -0.010098773 0.17975289
0.15017593 -0.009469609 0.1771818
0.1663224 0.00017126859 -0.23020774
0.17274281 -0.00053786166 -0.21089393
0.17883936 -0.0018304855 -0.19123216
0.18413892 -0.002879961 -0.17806531
0.14994593 -0.008178938 0.17936948
0.14832203 -0.00045762066 0.19698897
0.14718668 0.0039079306 0.2141042
0.13827285 0.0030428066 0.23238638
0.14692448 0.00506952 0.21720192
0.16142513 0.01689703 -0.18875216
0.18114138 0.0061280597 -0.17008558
0.17380282 0.01527486 -0.16877548
0.17777002 0.01490683 -0.16272333
0.14577162 0.011823193 0.23057377
0.13944748 0.024646835 0.24760374
0.14451633 0.024917915 0.2424901
0.15510002 0.028115844 -0.1436112
0.17280622 0.022859348 -0.1460237
0.16899404 0.028641693 -0.13060147
0.14423582 0.03575939 0.24696417
0.14492078 0.045818374 0.2510197
0.16753235 0.030765127 -0.12278083
0.16494755 0.035516743 -0.10099502
0.1547272 0.041067734 -0.07961004
0.1642154 0.04075219 -0.080421776
0.16432065 0.0433142 -0.07101451
0.14810391 0.0669967 0.250696
0.16460612 0.04631731 -0.06076996
0.16529326 0.05150334 -0.041711926
0.15348618 0.058069497 -0.021942671
0.16569933 0.056388717 -0.022981334
0.161849 0.061271098 -0.0041721934
0.16567376 0.060716625 -0.0044797407
0.16550423 0.06284215 0.0029039034
0.15609854 0.09424545 0.22104804
0.15825775 0.09010455 0.2199637
0.16259818 0.09576767 0.20972656
0.14884385 0.09142983 0.23773624
0.15306045 0.082428806 0.23526973
0.14095254 0.0895118 0.25608596
0.14825584 0.06773023 0.25031433
0.16525514 0.06605562 0.013806861
0.14549616 0.07874115 0.032176167
0.1650248 0.07358488 0.031760048
0.15593772 0.08502093 0.04956935
0.16587903 0.08142514 0.04948336
0.15938821 0.09158018 0.06748437
0.16780424 0.087534055 0.067487866
0.16260129 0.09860157 0.08640138
0.17012435 0.09363007 0.08637214
0.16892676 0.10524473 0.10675181
0.17242484 0.10207733 0.106644414
0.174039 0.109236196 0.122009814
0.17369455 0.11694595 0.17028257
0.17495865 0.11562879 0.17008463
0.17543373 0.11633396 0.1642262
0.16157393 0.11840244 0.19037248
0.1709681 0.10790824 0.18843307
0.164619 0.09828054 0.20470217
0.17461435 0.11181888 0.12818824
0.17584206 0.117212325 0.14973465
0.17555371 -0.06352739 -0.03182818
0.17537527 -0.06137537 -0.011850685
0.17145057 -0.05965426 0.008280892
0.18888736 -0.048659414 -0.14987516
0.18989888 -0.05007964 -0.12954
0.19044861 -0.050791014 -0.109599926
0.19132672 -0.05062393 -0.09008415
0.19309385 -0.04950684 -0.07076306
0.19605498 -0.047519635 -0.052665107
0.19592422 -0.04778722 -0.051338628
0.19341975 -0.052078255 -0.03177378
0.19054759 -0.05339748 -0.011841586
0.18828309 -0.051635657 0.008286234
0.18686332 -0.0468113 0.02844138
0.18536232 -0.040361267 0.04843831
0.18567471 -0.040335 0.047975544
0.17517863 -0.040799253 0.068246625
0.16949989 -0.03904003 0.0875118
0.16512 -0.0348814 0.10607778
0.15975893 -0.029861482 0.12422867
0.18936217 -0.024739126 -0.17123191
0.19358334 -0.026627833 -0.1503102
0.19757535 -0.027955197 -0.12930766
0.1977861 -0.028023032 -0.12788272
0.19768173 -0.03680214 -0.109200865
0.19753014 -0.04057878 -0.089693606
0.19718058 -0.043338675 -0.07052896
0.18564005 -0.040146727 0.048434753
0.18344738 -0.034986254 0.068092205
0.17994973 -0.032015704 0.08725084
0.17566074 -0.028026748 0.10571989
0.17141725 -0.022337908 0.12365106
0.16788831 -0.014823279 0.14146951
0.16211346 -0.0070671593 0.15966284
0.16564478 -0.0070120897 0.15427493
0.18647377 -0.0035147434 -0.17086679
0.19342524 -0.005130242 -0.14965324
0.19593237 -0.0055015436 -0.14221942
0.19775736 -0.026859703 -0.12927592
0.16476686 -0.0032249885 0.15930916
0.16197462 0.010866419 0.17697929
0.1538739 0.008488898 0.19553897
0.16191722 0.011169122 0.17754227
0.14827406 0.0055832583 0.21378732
0.1858015 0.01417077 -0.14789267
0.19154805 0.014069585 -0.13760193
0.16028666 0.02053964 0.19438314
0.15961574 0.02596465 0.21154812
0.15430267 0.026136722 0.2290051
0.15956108 0.027739098 0.21520205
0.1750521 0.029163932 -0.12368586
0.18825227 0.022952955 -0.12541471
0.18547063 0.03067532 -0.10769126
0.16076148 0.045468703 0.22936146
0.14872731 0.045836337 0.24733016
0.16101925 0.046991713 0.23022647
0.18508771 0.0320555 -0.10332784
0.1846857 0.036330003 -0.08291333
0.16932054 0.0450972 -0.06132997
0.18576719 0.040322036 -0.06348471
0.17594308 0.048452746 -0.04303327
0.18753956 0.0444032 -0.044574637
0.18087752 0.051570773 -0.024793925
0.18944906 0.04814409 -0.025865931
0.18460664 0.05406713 -0.006500486
0.19112736 0.051053915 -0.007225533
0.18843421 0.056245312 0.011774424
0.19197372 0.05417533 0.01143721
0.19166335 0.05792714 0.025866522
0.16781114 0.0706455 0.21559697
0.1678135 0.07057574 0.21558398
0.16785209 0.07065576 0.21551715
0.15965763 0.068381466 0.23222537
0.16123112 0.04873137 0.22962864
0.14855324 0.06699734 0.2501683
0.16903336 0.06480327 0.01353064
0.19148517 0.05912472 0.030090937
0.17549281 0.068787426 0.031216841
0.1796106 0.07306987 0.04906055
0.19074918 0.06416279 0.04852044
0.1808803 0.07778179 0.06725875
0.19020298 0.0682272 0.06695852
0.18134983 0.08299794 0.086126566
0.18928654 0.07227534 0.0858224
0.18329163 0.088032536 0.10597514
0.18828997 0.07826807 0.10545938
0.18692927 0.091947064 0.12652095
0.18848045 0.0876562 0.12612222
0.18886527 0.09375739 0.14083737
0.17750815 0.09657073 0.1860333
0.1805893 0.08842048 0.18432559
0.18630555 0.095675334 0.16777204
0.16579121 0.09630762 0.20421897
0.17369297 0.079395 0.20029694
0.1757364 0.11059241 0.12810397
0.18893027 0.095933 0.14711614
0.17843229 0.11437166 0.14943197
0.1865765 0.09602186 0.16679771
0.19627917 -0.047335774 -0.051324204
0.20099926 -0.044150747 -0.03156747
0.20407407 -0.041031305 -0.011610826
0.20225967 -0.039332144 0.008371231
0.19550155 -0.039326373 0.028401196
0.2012472 -0.028419167 -0.1088161
0.20366907 -0.028013377 -0.089027934
0.20626585 -0.02639219 -0.06963429
0.2107946 -0.023420485 -0.05019624
0.21112446 -0.023224272 -0.049098328
0.21011056 -0.030634519 -0.031054804
0.20824349 -0.03487168 -0.011463899
0.20674275 -0.032162413 0.0084361825
0.2061556 -0.02313889 0.028348843
0.20385462 -0.017343052 0.04805675
0.20549926 -0.01707505 0.04338942
0.19815378 -0.018071769 0.06759903
0.19328456 -0.017296856 0.086714834
0.18825962 -0.014732834 0.10519398
0.1822474 -0.011232139 0.12315342
0.17392087 -0.008128112 0.14105494
0.20123649 -0.005749451 -0.12820174
0.20710497 -0.005438117 -0.107466504
0.2089148 -0.0049927905 -0.09672897
0.20947416 -0.008183502 -0.08781932
0.21050258 -0.01287996 -0.06883772
0.21112055 -0.022391012 -0.05014493
0.20573828 -0.009115961 0.04793535
0.20244117 -0.0043699765 0.067240834
0.19698548 -0.0067488775 0.08636302
0.1913756 -0.006446371 0.104906864
0.18625289 -0.0015119507 0.12283458
0.18201236 0.009373605 0.14050484
0.17237107 0.012136242 0.15848608
0.18167509 0.011017475 0.1420969
0.16216065 0.011236976 0.17695172
0.19764297 0.0143503705 -0.1266428
0.20495656 0.015256994 -0.1060227
0.20605028 0.01568999 -0.09812568
0.2126315 0.027892686 0.0095657585
0.2132628 0.025722487 0.009497596
0.21328203 0.027794993 0.004788775
0.21027185 0.027665257 0.028623179
0.2118928 0.01752489 0.028495697
0.20777176 0.026973631 0.047646426
0.20883857 0.012412357 0.04771431
0.20457551 0.02649141 0.066638105
0.20480017 0.015413034 0.06680857
0.2015098 0.026582291 0.08197585
0.18006943 0.031587783 0.15870851
0.18036489 0.031574886 0.15789606
0.1718543 0.03146791 0.17659532
0.16550773 0.030141897 0.1941921
0.1608361 0.028178802 0.21150488
0.18740563 0.031097187 -0.103626214
0.20591658 0.019368298 -0.08589612
0.19194107 0.032939553 -0.083899036
0.19495393 0.03559983 -0.06474774
0.20691757 0.023613367 -0.06642557
0.19793254 0.038767412 -0.045933258
0.20859307 0.028281257 -0.047272153
0.20055717 0.04164401 -0.027181389
0.21060641 0.03155036 -0.028253216
0.20216085 0.04361171 -0.00838629
0.21250726 0.031155068 -0.0093455985
0.20310862 0.04464055 0.010395648
0.20377739 0.045106385 0.029118653
0.20325023 0.04548557 0.04781461
0.2011278 0.04619862 0.06655494
0.20048706 0.02807222 0.08550064
0.19787198 0.047408182 0.08539148
0.19432278 0.048991106 0.10430232
0.19514507 0.035744082 0.10412685
0.19211869 0.05046194 0.12320445
0.19173956 0.045809895 0.12296863
0.19151396 0.050892405 0.13032487
0.18058148 0.03368111 0.15880752
0.18450868 0.051848844 0.16795802
0.18078575 0.05171005 0.17830053
0.1739962 0.050829798 0.1956699
0.16786364 0.049116217 0.21254179
0.16144316 0.04705972 0.22952113
0.19247557 0.058416277 0.030019613
0.19449556 0.060619652 0.04833317
0.19418569 0.06320962 0.06682581
0.19272088 0.06623924 0.08567605
0.19156319 0.06925073 0.10502179
0.1919793 0.071557984 0.12468636
0.19131404 0.05750715 0.14249055
0.19281061 0.07272148 0.1441516
0.1903611 0.07318623 0.1631125
0.18795909 0.057841532 0.16102795
0.18386403 0.07326467 0.18146035
0.17577627 0.07248378 0.19894506
0.18955779 0.09425992 0.14689213
0.18673153 0.0955959 0.1667242
0.21612123 -0.02000533 -0.030549549
0.21736012 -0.01747713 -0.010925306
0.21441366 -0.01620368 0.008681531
0.20965593 -0.016329965 0.028363757
0.21066107 -0.0043163537 -0.08757629
0.21378425 -0.002168334 -0.068187974
0.21762443 0.0007271946 -0.048920404
0.2206679 0.0034891097 -0.029594181
0.22033729 0.0055957334 -0.010258049
0.21703939 0.0066946126 0.009072764
0.2131657 0.0064681084 0.028434204
0.20929824 0.005469101 0.047789797
0.20523046 0.0046589323 0.06704955
0.20074616 0.0048423656 0.086037174
0.19555429 0.0063161342 0.1045575
0.18981794 0.008600358 0.122628056
0.18263094 0.01082051 0.14049192
0.20793118 0.016761415 -0.08615675
0.2102182 0.019251792 -0.066838354
0.21304704 0.022319594 -0.047760174
0.21517529 0.025101483 -0.028672734
0.21495785 0.02705117 -0.009540299
0.2007095 0.026685767 0.08552562
0.19604225 0.027754411 0.10416051
0.1914643 0.029329823 0.12251483
0.18680315 0.030728152 0.14068276
0.19083655 0.05132811 0.14193858
0.1872205 0.051745806 0.16034523
POLYGONS 4592 18368
3 2 1 0
3 1563 1462 1562
3 1578 1462 1563
3 1463 1567 1445
3 1567 1463 1464
3 1567 1464 1569
3 1569 1464 1447
3 1465 1574 1453
3 1579 1575 1574
3 1465 1579 1574
3 1466 1579 1465
3 1580 1466 1467
3 1580 1579 1466
3 1581 1467 1468
3 1581 1580 1467
3 1582 1468 1469
3 1582 1581 1468
3 1469 1454 1576
3 1578 1589 1462
3 1474 1587 1472
3 1586 1471 1472
3 1586 1472 1587
3 1588 1586 1587
3 1586 1585 1470
3 1462 1461 1562
3 1586 1470 1471
3 1470 1584 1458
3 1584 1577 1458
3 1583 1577 1584
3 1583 1576 1577
3 1582 1469 1583
3 1583 1469 1576
3 1585 1584 1470
3 1562 1461 1440
3 1458 1577 1456
3 1455 1577 1576
3 1565 1564 1441
3 1565 1441 1443
3 1564 1438 1441
3 1564 1561 1438
3 1557 1563 1562
3 1557 1558 1563
3 1567 1566 1445
3 1557 1440 1434
3 1560 1438 1561
3 1436 1438 1560
3 1560 1559 1435
3 1560 1435 1436
3 1559 1432 1435
3 1559 1556 1432
3 1562 1440 1557
3 1462 1589 1475
3 1566 1443 1445
3 1569 1568 1567
3 1456 1577 1455
3 1576 1454 1455
3 1574 1575 1573
3 1573 1572 1451
3 1573 1451 1453
3 1574 1573 1453
3 1566 1565 1443
3 1572 1571 1449
3 1571 1570 1448
3 1571 1448 1449
3 1448 1570 1568
3 1448 1568 1569
3 1447 1448 1569
3 1567 1568 1566
3 1572 1449 1451
3 1475 1590 1476
3 1589 1590 1475
3 1477 1476 1590
3 1499 1614 1500
3 1500 1614 1615
3 1614 1616 1615
3 1613 1614 1498
3 1498 1614 1499
3 1612 1613 1497
3 1615 1502 1500
3 1497 1613 1498
3 1496 1612 1497
3 1493 1611 1496
3 1608 1611 1493
3 1609 1495 1610
3 1494 1495 1609
3 1609 1490 1494
3 1611 1612 1496
3 1609 1605 1490
3 1495 1504 1617
3 1610 1495 1618
3 1512 1624 1505
3 1618 1624 1625
3 1618 1617 1624
3 1622 1510 1508
3 1507 1621 1508
3 1508 1621 1622
3 1618 1495 1617
3 1621 1623 1622
3 1506 1621 1507
3 1619 1620 1506
3 1619 1506 1502
3 1615 1619 1502
3 1616 1619 1615
3 1505 1617 1504
3 1620 1621 1506
3 1551 1558 1557
3 1493 1607 1608
3 1606 1607 1491
3 1484 1599 1598
3 1483 1596 1597
3 1483 1482 1596
3 1477 1596 1482
3 1591 1596 1477
3 1594 1481 1595
3 1595 1484 1598
3 1479 1481 1594
3 1594 1478 1479
3 1593 1592 1478
3 1478 1592 1474
3 1592 1587 1474
3 1592 1588 1587
3 1477 1590 1591
3 1594 1593 1478
3 1493 1492 1607
3 1481 1484 1595
3 1597 1601 1483
3 1491 1607 1492
3 1488 1606 1491
3 1604 1606 1488
3 1490 1605 1600
3 1490 1600 1599
3 1489 1490 1599
3 1599 1600 1598
3 1489 1599 1484
3 1488 1487 1603
3 1602 1603 1486
3 1486 1603 1487
3 1601 1602 1485
3 1485 1602 1486
3 1483 1601 1485
3 1488 1603 1604
3 1551 1552 1558
3 1551 1434 1426
3 1557 1434 1551
3 1385 1512 1505
3 1385 1505 1380
3 1511 1384 1383
3 1511 1382 1509
3 1511 1383 1382
3 1381 1508 1382
3 1510 1513 1509
3 1382 1508 1509
3 1507 1508 1381
3 1507 1381 1378
3 1503 1507 1378
3 1503 1506 1507
3 1501 1506 1503
3 1502 1506 1501
3 1508 1510 1509
3 1504 1380 1505
3 1509 1513 1511
3 1511 1514 1384
3 1520 1521 1391
3 1391 1521 1392
3 1519 1520 1391
3 1519 1391 1389
3 1516 1519 1389
3 1517 1519 1516
3 1511 1513 1514
3 1390 1518 1512
3 1516 1389 1387
3 1386 1515 1387
3 1387 1515 1516
3 1515 1517 1516
3 1514 1515 1386
3 1514 1386 1384
3 1390 1512 1385
3 1392 1522 1393
3 1379 1380 1504
3 1504 1495 1369
3 1494 1363 1368
3 1494 1490 1363
3 1367 1492 1493
3 1367 1365 1492
3 1491 1492 1364
3 1364 1492 1365
3 1368 1369 1494
3 1360 1491 1364
3 1489 1363 1490
3 1361 1363 1489
3 1489 1355 1361
3 1489 1484 1355
3 1360 1487 1488
3 1360 1358 1487
3 1488 1491 1360
3 1504 1369 1379
3 1494 1369 1495
3 1367 1496 1370
3 1503 1378 1376
3 1503 1375 1501
3 1503 1376 1375
3 1374 1500 1375
3 1375 1500 1501
3 1500 1502 1501
3 1493 1496 1367
3 1499 1500 1373
3 1498 1499 1372
3 1372 1499 1373
3 1497 1498 1371
3 1371 1498 1372
3 1496 1497 1370
3 1370 1497 1371
3 1373 1500 1374
3 1505 1624 1617
3 1521 1522 1392
3 1395 1522 1523
3 1547 1546 1419
3 1547 1419 1420
3 1546 1545 1418
3 1546 1418 1419
3 1545 1544 1417
3 1545 1417 1418
3 1548 1420 1421
3 1416 1417 1544
3 1542 1416 1543
3 1542 1415 1416
3 1412 1540 1403
3 1412 1538 1540
3 1410 1538 1412
3 1410 1536 1538
3 1416 1544 1543
3 1408 1536 1410
3 1548 1547 1420
3 1549 1548 1421
3 1555 1432 1556
3 1430 1432 1555
3 1555 1554 1428
3 1555 1428 1430
3 1554 1424 1428
3 1554 1550 1424
3 1549 1421 1422
3 1553 1542 1543
3 1553 1552 1415
3 1552 1427 1415
3 1552 1551 1427
3 1551 1426 1427
3 1549 1424 1550
3 1422 1424 1549
3 1542 1553 1415
3 1395 1393 1522
3 1408 1534 1536
3 1406 1532 1534
3 1533 1532 1530
3 1529 1531 1399
3 1399 1531 1400
3 1531 1530 1400
3 1528 1529 1398
3 1398 1529 1399
3 1533 1530 1531
3 1527 1528 1397
3 1395 1527 1397
3 1523 1527 1395
3 1518 1390 1396
3 1518 1396 1524
3 1525 1518 1524
3 1526 1525 1524
3 1397 1528 1398
3 1406 1534 1408
3 1535 1534 1532
3 1537 1536 1534
3 1405 1532 1406
3 1405 1530 1532
3 1404 1530 1405
3 1530 1404 1400
3 1402 1524 1396
3 1402 1403 1524
3 1535 1532 1533
3 1403 1540 1524
3 1540 1541 1526
3 1541 1538 1539
3 1541 1540 1538
3 1539 1536 1537
3 1539 1538 1536
3 1537 1534 1535
3 1540 1526 1524
3 1486 1487 1357
3 1623 1626 1622
3 1626 1513 1510
3 1714 1608 1607
3 1605 1609 1716
3 1717 1605 1716
3 1712 1605 1717
3 1610 1716 1609
3 1715 1718 1714
3 1714 1718 1608
3 1718 1611 1608
3 1718 1719 1611
3 1611 1720 1612
3 1719 1720 1611
3 1612 1721 1613
3 1720 1721 1612
3 1613 1722 1614
3 1721 1722 1613
3 1616 1614 1722
3 1616 1722 1723
3 1625 1730 1725
3 1625 1725 1618
3 1728 1623 1621
3 1620 1727 1621
3 1621 1727 1728
3 1727 1729 1728
3 1606 1713 1607
3 1726 1727 1619
3 1616 1726 1619
3 1723 1726 1616
3 1610 1618 1725
3 1610 1725 1724
3 1716 1610 1724
3 1724 1717 1716
3 1619 1727 1620
3 1607 1713 1714
3 1713 1715 1714
3 1604 1713 1606
3 1704 1701 1700
3 1597 1702 1703
3 1597 1596 1702
3 1591 1702 1596
3 1696 1702 1591
3 1595 1700 1594
3 1706 1704 1705
3 1699 1593 1594
3 1701 1699 1700
3 1699 1698 1592
3 1699 1592 1593
3 1698 1697 1592
3 1592 1697 1588
3 1697 1693 1588
3 1699 1594 1700
3 1729 1731 1728
3 1705 1704 1598
3 1700 1595 1598
3 1710 1713 1604
3 1600 1605 1712
3 1600 1712 1711
3 1705 1600 1711
3 1711 1706 1705
3 1604 1709 1710
3 1704 1700 1598
3 1604 1603 1709
3 1602 1709 1603
3 1707 1708 1601
3 1601 1708 1602
3 1597 1707 1601
3 1703 1707 1597
3 1600 1705 1598
3 1708 1709 1602
3 1728 1731 1623
3 1731 1626 1623
3 1731 1732 1626
3 1650 1758 1749
3 1747 1650 1749
3 1757 1758 1648
3 1648 1758 1649
3 1756 1757 1647
3 1647 1757 1648
3 1650 1649 1758
3 1755 1756 1646
3 1754 1755 1645
3 1645 1755 1646
3 1753 1754 1644
3 1644 1754 1645
3 1752 1753 1644
3 1752 1644 1638
3 1646 1756 1647
3 1745 1752 1638
3 1650 1747 1651
3 1651 1750 1641
3 1764 1760 1765
3 1760 1766 1765
3 1759 1764 1763
3 1759 1763 1663
3 1654 1759 1663
3 1662 1763 1762
3 1651 1747 1750
3 1663 1763 1662
3 1659 1761 1657
3 1656 1761 1760
3 1657 1761 1656
3 1655 1760 1759
3 1656 1760 1655
3 1759 1654 1655
3 1762 1661 1662
3 1697 1694 1693
3 1746 1752 1745
3 1643 1736 1739
3 1734 1741 1630
3 1735 1741 1734
3 1730 1625 1632
3 1730 1632 1739
3 1740 1730 1739
3 1740 1736 1737
3 1741 1633 1630
3 1740 1739 1736
3 1734 1630 1628
3 1627 1733 1628
3 1628 1733 1734
3 1733 1735 1734
3 1732 1733 1626
3 1626 1733 1627
3 1738 1737 1736
3 1643 1739 1632
3 1741 1742 1633
3 1742 1743 1633
3 1640 1736 1643
3 1640 1641 1736
3 1641 1750 1736
3 1750 1738 1736
3 1750 1751 1738
3 1751 1747 1748
3 1633 1743 1634
3 1751 1750 1747
3 1745 1638 1636
3 1635 1744 1636
3 1636 1744 1745
3 1744 1746 1745
3 1743 1744 1634
3 1634 1744 1635
3 1749 1748 1747
3 1591 1695 1696
3 1591 1590 1695
3 1695 1590 1589
3 1539 1537 1651
3 1539 1651 1641
3 1639 1539 1641
3 1650 1651 1535
3 1535 1651 1537
3 1649 1650 1533
3 1539 1639 1541
3 1533 1650 1535
3 1531 1649 1533
3 1647 1648 1529
3 1529 1648 1531
3 1646 1647 1528
3 1528 1647 1529
3 1645 1646 1527
3 1648 1649 1531
3 1527 1646 1528
3 1541 1639 1642
3 1652 1543 1544
3 1660 1552 1553
3 1550 1658 1549
3 1657 1548 1549
3 1657 1549 1658
3 1659 1657 1658
3 1657 1656 1547
3 1541 1642 1526
3 1657 1547 1548
3 1656 1546 1547
3 1545 1546 1655
3 1545 1655 1654
3 1653 1545 1654
3 1544 1653 1652
3 1545 1653 1544
3 1656 1655 1546
3 1661 1660 1553
3 1644 1645 1527
3 1637 1644 1523
3 1633 1519 1517
3 1629 1633 1517
3 1630 1633 1629
3 1512 1631 1624
3 1518 1631 1512
3 1625 1631 1632
3 1633 1634 1519
3 1625 1624 1631
3 1514 1628 1515
3 1515 1628 1629
3 1628 1630 1629
3 1627 1628 1513
3 1513 1628 1514
3 1626 1627 1513
3 1629 1517 1515
3 1644 1527 1523
3 1519 1635 1520
3 1520 1636 1521
3 1638 1644 1637
3 1525 1631 1518
3 1525 1526 1631
3 1526 1642 1631
3 1642 1632 1631
3 1642 1643 1632
3 1634 1635 1519
3 1643 1639 1640
3 1641 1640 1639
3 1637 1523 1522
3 1521 1636 1522
3 1522 1636 1637
3 1636 1638 1637
3 1635 1636 1520
3 1643 1642 1639
3 1622 1626 1510
3 1661 1553 1543
3 1652 1662 1543
3 1687 1579 1580
3 1686 1575 1579
3 1686 1683 1575
3 1673 1685 1684
3 1673 1674 1685
3 1673 1578 1563
3 1687 1686 1579
3 1684 1578 1673
3 1573 1575 1682
3 1682 1681 1572
3 1682 1572 1573
3 1681 1680 1571
3 1681 1571 1572
3 1680 1679 1570
3 1682 1575 1683
3 1680 1570 1571
3 1688 1580 1581
3 1689 1581 1582
3 1695 1589 1684
3 1685 1695 1684
3 1684 1589 1578
3 1588 1693 1586
3 1692 1585 1586
3 1692 1586 1693
3 1688 1687 1580
3 1694 1692 1693
3 1692 1584 1585
3 1691 1690 1583
3 1691 1583 1584
3 1690 1689 1582
3 1690 1582 1583
3 1689 1688 1581
3 1692 1691 1584
3 1662 1661 1543
3 1679 1678 1568
3 1678 1677 1566
3 1660 1661 1669
3 1660 1558 1552
3 1668 1558 1660
3 1666 1556 1667
3 1555 1556 1666
3 1666 1665 1554
3 1660 1669 1668
3 1666 1554 1555
3 1554 1664 1550
3 1664 1658 1550
3 1664 1659 1658
3 1663 1653 1654
3 1662 1653 1663
3 1662 1652 1653
3 1665 1664 1554
3 1679 1568 1570
3 1670 1667 1556
3 1671 1559 1560
3 1678 1566 1568
3 1677 1676 1565
3 1677 1565 1566
3 1676 1675 1564
3 1676 1564 1565
3 1675 1561 1564
3 1670 1556 1559
3 1675 1672 1561
3 1668 1669 1674
3 1668 1563 1558
3 1673 1563 1668
3 1671 1561 1672
3 1560 1561 1671
3 1671 1670 1559
3 1668 1674 1673
3 1759 1760 1764
3 1357 1487 1358
3 1356 1486 1357
3 1293 1151 1144
3 1294 1281 1282
3 1152 1289 1149
3 1289 1152 1153
3 1289 1153 1291
3 1296 1295 1155
3 1155 1295 1153
3 1295 1292 1153
3 1292 1291 1153
3 1296 1297 1295
3 1293 1156 1151
3 1298 1156 1293
3 1157 1296 1155
3 1299 1297 1296
3 1157 1299 1296
3 1158 1299 1157
3 1301 1300 1160
3 1304 1303 1164
3 1306 1304 1164
3 1166 1306 1164
3 1307 1306 1166
3 1301 1164 1303
3 1301 1162 1164
3 1293 1144 1281
3 1162 1301 1160
3 1298 1161 1156
3 1303 1304 1302
3 1301 1302 1300
3 1303 1302 1301
3 1300 1299 1158
3 1300 1158 1160
3 1305 1161 1298
3 1294 1293 1281
3 1291 1292 1290
3 1289 1290 1288
3 1143 1280 1142
3 1141 1280 1279
3 1142 1280 1141
3 1140 1279 1278
3 1141 1279 1140
3 1278 1139 1140
3 1281 1144 1145
3 1135 1277 1132
3 1134 1275 1135
3 1134 1273 1275
3 1133 1273 1134
3 1273 1133 1130
3 1126 1277 1269
3 1132 1277 1126
3 1135 1275 1277
3 1307 1308 1306
3 1282 1281 1145
3 1283 1282 1139
3 1291 1290 1289
3 1288 1287 1147
3 1288 1147 1149
3 1289 1288 1149
3 1287 1286 1146
3 1287 1146 1147
3 1282 1145 1139
3 1286 1285 1146
3 1285 1280 1143
3 1284 1280 1285
3 1284 1279 1280
3 1283 1279 1284
3 1283 1278 1279
3 1278 1283 1139
3 1146 1285 1143
3 1311 1310 1309
3 1313 1312 1309
3 1309 1312 1311
3 1182 1342 1317
3 1342 1318 1317
3 1315 1182 1317
3 1315 1181 1182
3 1313 1181 1315
3 1313 1180 1181
3 1183 1342 1182
3 1309 1180 1313
3 1178 1179 1341
3 1341 1179 1310
3 1179 1309 1310
3 1341 1340 1177
3 1341 1177 1178
3 1177 1340 1338
3 1309 1179 1180
3 1177 1338 1339
3 1344 1343 1185
3 1343 1342 1183
3 1327 1191 1329
3 1327 1190 1191
3 1325 1190 1327
3 1325 1189 1190
3 1189 1325 1174
3 1188 1348 1349
3 1343 1183 1185
3 1188 1187 1348
3 1186 1348 1187
3 1346 1347 1186
3 1346 1186 1169
3 1320 1346 1169
3 1321 1346 1320
3 1344 1345 1343
3 1347 1348 1186
3 1277 1275 1269
3 1176 1177 1339
3 1339 1338 1337
3 1170 1322 1307
3 1322 1308 1307
3 1170 1307 1166
3 1320 1169 1168
3 1167 1319 1168
3 1168 1319 1320
3 1171 1322 1170
3 1319 1321 1320
3 1305 1319 1161
3 1317 1318 1316
3 1315 1316 1314
3 1317 1316 1315
3 1313 1314 1312
3 1315 1314 1313
3 1161 1319 1167
3 1337 1338 1336
3 1323 1171 1172
3 1325 1324 1174
3 1335 1336 1334
3 1337 1336 1335
3 1333 1334 1332
3 1335 1334 1333
3 1331 1332 1330
3 1333 1332 1331
3 1323 1322 1171
3 1329 1330 1328
3 1327 1328 1326
3 1329 1328 1327
3 1325 1326 1324
3 1327 1326 1325
3 1324 1323 1172
3 1324 1172 1174
3 1331 1330 1329
3 1269 1275 1270
3 1275 1276 1270
3 1276 1273 1274
3 1091 1228 1090
3 1220 1081 1229
3 1229 1081 1228
3 1081 1090 1228
3 1227 1088 1086
3 1227 1085 1226
3 1224 1230 1223
3 1227 1086 1085
3 1226 1085 1084
3 1225 1083 1223
3 1225 1084 1083
3 1082 1222 1083
3 1083 1222 1223
3 1222 1224 1223
3 1226 1084 1225
3 1221 1222 1082
3 1223 1230 1225
3 1225 1231 1226
3 1237 1097 1095
3 1094 1236 1095
3 1095 1236 1237
3 1236 1238 1237
3 1235 1236 1093
3 1093 1236 1094
3 1225 1230 1231
3 1234 1235 1092
3 1233 1234 1092
3 1233 1092 1088
3 1227 1233 1088
3 1227 1232 1233
3 1226 1232 1227
3 1226 1231 1232
3 1092 1235 1093
3 1239 1229 1228
3 1221 1082 1076
3 1217 1221 1216
3 1057 1213 1071
3 1207 1213 1057
3 1070 1211 1068
3 1210 1067 1068
3 1210 1068 1211
3 1212 1210 1211
3 1071 1214 1072
3 1210 1053 1067
3 1202 1066 1048
3 1200 1066 1202
3 1200 1065 1066
3 1198 1209 1200
3 1200 1209 1065
3 1209 1064 1065
3 1210 1204 1053
3 1216 1221 1076
3 1213 1214 1071
3 1214 1215 1072
3 1219 1081 1220
3 1080 1081 1219
3 1219 1218 1080
3 1080 1218 1070
3 1218 1211 1070
3 1218 1212 1211
3 1072 1215 1073
3 1209 1078 1064
3 1208 1077 1078
3 1077 1208 1062
3 1216 1076 1074
3 1073 1215 1074
3 1074 1215 1216
3 1215 1217 1216
3 1208 1078 1209
3 1329 1191 1193
3 1228 1091 1239
3 1091 1098 1240
3 1264 1265 1122
3 1264 1122 1119
3 1260 1264 1119
3 1261 1264 1260
3 1115 1262 1256
3 1121 1262 1115
3 1267 1266 1124
3 1257 1262 1263
3 1260 1119 1118
3 1117 1259 1118
3 1118 1259 1260
3 1259 1261 1260
3 1258 1259 1116
3 1116 1259 1117
3 1257 1256 1262
3 1113 1258 1116
3 1122 1267 1124
3 1268 1266 1267
3 1276 1275 1273
3 1272 1274 1129
3 1129 1274 1130
3 1274 1273 1130
3 1271 1272 1128
3 1128 1272 1129
3 1265 1267 1122
3 1271 1128 1127
3 1268 1271 1266
3 1266 1127 1124
3 1121 1269 1262
3 1126 1269 1121
3 1263 1269 1270
3 1263 1262 1269
3 1271 1127 1266
3 1091 1240 1239
3 1255 1258 1113
3 1251 1110 1257
3 1246 1247 1105
3 1246 1105 1102
3 1243 1246 1102
3 1244 1246 1243
3 1104 1245 1240
3 1104 1240 1098
3 1105 1248 1106
3 1243 1102 1100
3 1100 1242 1243
3 1242 1244 1243
3 1241 1242 1099
3 1241 1099 1097
3 1237 1241 1097
3 1238 1241 1237
3 1099 1242 1100
3 1115 1256 1114
3 1247 1248 1105
3 1107 1248 1249
3 1257 1110 1256
3 1110 1114 1256
3 1113 1254 1255
3 1113 1112 1254
3 1253 1254 1111
3 1111 1254 1112
3 1248 1250 1249
3 1252 1253 1111
3 1249 1252 1108
3 1250 1252 1249
3 1110 1251 1245
3 1110 1245 1104
3 1249 1108 1107
3 1106 1248 1107
3 1252 1111 1108
3 1485 1486 1356
3 1329 1193 1331
3 1331 1195 1333
3 1435 1432 1431
3 1300 1435 1431
3 1302 1435 1300
3 1437 1436 1304
3 1436 1302 1304
3 1436 1435 1302
3 1437 1438 1436
3 1439 1305 1433
3 1433 1305 1298
3 1433 1434 1440
3 1433 1440 1439
3 1306 1437 1304
3 1442 1441 1308
3 1308 1441 1306
3 1441 1438 1306
3 1438 1437 1306
3 1444 1443 1442
3 1456 1314 1457
3 1458 1456 1457
3 1456 1455 1311
3 1456 1311 1312
3 1311 1454 1310
3 1455 1454 1311
3 1429 1300 1431
3 1452 1453 1451
3 1452 1451 1450
3 1446 1449 1448
3 1450 1449 1446
3 1448 1447 1446
3 1444 1445 1443
3 1442 1443 1441
3 1450 1451 1449
3 1429 1299 1300
3 1299 1429 1297
3 1425 1434 1433
3 1422 1421 1290
3 1422 1290 1292
3 1423 1422 1292
3 1421 1420 1288
3 1421 1288 1290
3 1420 1419 1287
3 1423 1424 1422
3 1420 1287 1288
3 1419 1286 1287
3 1418 1417 1285
3 1418 1285 1286
3 1417 1416 1284
3 1417 1284 1285
3 1283 1284 1416
3 1419 1418 1286
3 1456 1312 1314
3 1425 1293 1294
3 1426 1294 1282
3 1425 1426 1434
3 1425 1298 1293
3 1433 1298 1425
3 1431 1432 1430
3 1429 1430 1428
3 1431 1430 1429
3 1426 1425 1294
3 1424 1423 1295
3 1297 1428 1295
3 1429 1428 1297
3 1295 1423 1292
3 1427 1414 1415
3 1414 1427 1282
3 1427 1426 1282
3 1428 1424 1295
3 1316 1459 1314
3 1314 1459 1457
3 1318 1459 1316
3 1475 1476 1347
3 1347 1476 1348
3 1475 1347 1346
3 1475 1346 1460
3 1462 1475 1460
3 1460 1346 1321
3 1349 1348 1476
3 1345 1473 1343
3 1472 1343 1473
3 1474 1472 1473
3 1472 1471 1342
3 1342 1471 1318
3 1471 1459 1318
3 1470 1459 1471
3 1472 1342 1343
3 1470 1457 1459
3 1349 1476 1477
3 1345 1350 1473
3 1353 1485 1356
3 1483 1485 1353
3 1355 1484 1481
3 1355 1481 1480
3 1354 1355 1480
3 1354 1480 1350
3 1478 1474 1473
3 1353 1482 1483
3 1349 1482 1351
3 1477 1482 1349
3 1480 1481 1479
3 1479 1350 1480
3 1479 1478 1473
3 1350 1479 1473
3 1353 1351 1482
3 1283 1416 1415
3 1470 1458 1457
3 1341 1310 1454
3 1464 1463 1324
3 1464 1324 1326
3 1324 1463 1323
3 1323 1463 1444
3 1463 1445 1444
3 1442 1323 1444
3 1328 1446 1447
3 1442 1322 1323
3 1462 1460 1461
3 1439 1440 1319
3 1440 1461 1319
3 1461 1321 1319
3 1461 1460 1321
3 1439 1319 1305
3 1322 1442 1308
3 1341 1454 1469
3 1464 1328 1447
3 1446 1328 1330
3 1469 1468 1340
3 1469 1340 1341
3 1468 1467 1338
3 1468 1338 1340
3 1467 1466 1336
3 1467 1336 1338
3 1326 1328 1464
3 1466 1465 1334
3 1334 1465 1332
3 1332 1465 1452
3 1465 1453 1452
3 1450 1332 1452
3 1450 1330 1332
3 1446 1330 1450
3 1466 1334 1336
3 1414 1283 1415
3 1414 1282 1283
3 1276 1413 1270
3 1367 1370 1366
3 1220 1229 1369
3 1220 1369 1368
3 1362 1220 1368
3 1368 1363 1362
3 1366 1224 1222
3 1366 1370 1224
3 1221 1365 1222
3 1365 1367 1366
3 1364 1365 1221
3 1364 1221 1217
3 1359 1364 1217
3 1360 1364 1359
3 1220 1362 1219
3 1222 1365 1366
3 1361 1218 1219
3 1370 1230 1224
3 1230 1372 1231
3 1379 1369 1229
3 1377 1238 1236
3 1235 1376 1236
3 1236 1376 1377
3 1376 1378 1377
3 1375 1376 1234
3 1370 1371 1230
3 1234 1376 1235
3 1233 1375 1234
3 1373 1374 1232
3 1232 1374 1233
3 1372 1373 1231
3 1231 1373 1232
3 1371 1372 1230
3 1374 1375 1233
3 1379 1229 1239
3 1361 1219 1362
3 1361 1212 1218
3 1351 1353 1352
3 1188 1351 1205
3 1349 1351 1188
3 1204 1350 1345
3 1204 1345 1344
3 1203 1204 1344
3 1206 1351 1352
3 1203 1344 1185
3 1337 1201 1339
3 1337 1199 1201
3 1335 1199 1337
3 1335 1197 1199
3 1333 1197 1335
3 1333 1195 1197
3 1339 1201 1176
3 1363 1361 1362
3 1205 1351 1206
3 1354 1350 1204
3 1361 1355 1212
3 1359 1217 1215
3 1214 1358 1215
3 1215 1358 1359
3 1358 1360 1359
3 1357 1358 1213
3 1352 1207 1206
3 1213 1358 1214
3 1356 1213 1207
3 1352 1356 1207
3 1353 1356 1352
3 1354 1212 1355
3 1210 1212 1354
3 1354 1204 1210
3 1356 1357 1213
3 1331 1193 1195
3 1239 1240 1379
3 1378 1381 1377
3 1408 1407 1268
3 1405 1406 1265
3 1265 1406 1267
3 1404 1405 1264
3 1264 1405 1265
3 1261 1404 1264
3 1267 1408 1268
3 1400 1404 1261
3 1396 1263 1401
3 1402 1396 1401
3 1403 1402 1401
3 1261 1399 1400
3 1261 1259 1399
3 1398 1399 1258
3 1396 1257 1263
3 1258 1399 1259
3 1406 1408 1267
3 1410 1407 1408
3 1276 1411 1413
3 1274 1411 1276
3 1274 1409 1411
3 1272 1409 1274
3 1272 1407 1409
3 1271 1407 1272
3 1410 1409 1407
3 1407 1271 1268
3 1270 1413 1263
3 1413 1411 1401
3 1401 1411 1403
3 1411 1412 1403
3 1412 1409 1410
3 1412 1411 1409
3 1263 1413 1401
3 1379 1240 1380
3 1397 1398 1258
3 1394 1397 1255
3 1387 1389 1388
3 1386 1387 1246
3 1246 1387 1247
3 1244 1386 1246
3 1384 1386 1244
3 1245 1385 1380
3 1248 1387 1388
3 1245 1380 1240
3 1244 1242 1383
3 1382 1383 1241
3 1241 1383 1242
3 1381 1382 1241
3 1381 1241 1238
3 1377 1381 1238
3 1244 1383 1384
3 1397 1258 1255
3 1247 1387 1248
3 1251 1385 1245
3 1395 1397 1394
3 1257 1396 1390
3 1257 1390 1251
3 1394 1255 1254
3 1253 1393 1254
3 1254 1393 1394
3 1388 1250 1248
3 1393 1395 1394
3 1252 1393 1253
3 1391 1392 1252
3 1391 1252 1250
3 1388 1391 1250
3 1389 1391 1388
3 1251 1390 1385
3 1392 1393 1252
3 1196 1208 1209
3 1766 1760 1761
3 1767 1761 1659
3 2126 2036 2033
3 2128 2132 2126
3 2132 2036 2126
3 2132 2037 2036
3 2037 2133 2039
3 2132 2133 2037
3 2135 2134 2040
3 2039 2135 2040
3 2133 2135 2039
3 2137 2136 2134
3 2137 2134 2135
3 2139 2138 2136
3 2139 2136 2137
3 2141 2140 2138
3 2141 2138 2139
3 2143 2142 2140
3 2143 2140 2141
3 2045 2136 2138
3 2043 2136 2045
3 2043 2134 2136
3 2042 2134 2043
3 2134 2042 2040
3 2035 2150 2130
3 2035 2130 2034
3 2041 2150 2035
3 2130 2148 2131
3 2148 2149 2131
3 2149 2145 2146
3 2149 2148 2145
3 2147 2146 2145
3 2144 2142 2143
3 2150 2148 2130
3 2124 2030 2034
3 2129 2124 2034
3 2130 2129 2034
3 2111 2112 2120
3 2111 2120 2027
3 2025 2111 2027
3 2111 2025 2018
3 2023 2119 2021
3 2020 2119 2117
3 2112 2113 2121
3 2021 2119 2020
3 2116 2020 2117
3 2118 2116 2117
3 2116 2115 2019
3 2019 2115 2014
3 2115 2109 2014
3 2115 2110 2109
3 2116 2019 2020
3 2045 2138 2047
3 2112 2121 2120
3 2122 2117 2119
3 2131 2129 2130
3 2129 2125 2124
3 2128 2126 2127
3 2120 2121 2032
3 2121 2127 2032
3 2127 2033 2032
3 2122 2118 2117
3 2127 2126 2033
3 2030 2124 2028
3 2119 2023 2028
3 2123 2119 2028
3 2124 2123 2028
3 2125 2123 2124
3 2122 2119 2123
3 2120 2032 2027
3 2047 2138 2140
3 2047 2140 2048
3 2140 2151 2048
3 2072 2069 2173
3 2072 2173 2167
3 2165 2072 2167
3 2173 2069 2171
3 2171 2069 2172
3 2069 2070 2172
3 2072 2165 2073
3 2170 2162 2172
3 2162 2164 2171
3 2160 2162 2170
3 2160 2170 2067
3 2066 2160 2067
3 2066 2158 2160
3 2064 2158 2066
3 2172 2162 2171
3 2064 2156 2158
3 2073 2165 2168
3 2170 2074 2067
3 2179 2099 2100
3 2091 2178 2089
3 2088 2178 2177
3 2089 2178 2088
3 2087 2177 2176
3 2088 2177 2087
3 2073 2168 2051
3 2086 2176 2175
3 2085 2175 2174
3 2086 2175 2085
3 2174 2084 2085
3 2075 2172 2070
3 2075 2170 2172
3 2074 2170 2075
3 2087 2176 2086
3 2114 2098 2099
3 2062 2156 2064
3 2060 2154 2062
3 2163 2160 2161
3 2163 2162 2160
3 2161 2158 2159
3 2161 2160 2158
3 2159 2156 2157
3 2159 2158 2156
3 2164 2162 2163
3 2157 2154 2155
3 2155 2153 2152
3 2155 2154 2153
3 2151 2142 2153
3 2153 2142 2152
3 2142 2144 2152
3 2140 2142 2151
3 2157 2156 2154
3 2062 2154 2156
3 2167 2166 2165
3 2169 2165 2166
3 2060 2153 2154
3 2058 2153 2060
3 2058 2151 2153
3 2056 2151 2058
3 2151 2056 2048
3 2055 2150 2041
3 2169 2168 2165
3 2055 2148 2150
3 2053 2145 2148
3 2050 2145 2053
3 2050 2051 2145
3 2051 2168 2145
3 2168 2147 2145
3 2168 2169 2147
3 2053 2148 2055
3 2097 2098 2112
3 2112 2098 2113
3 2098 2114 2113
3 1957 2059 1958
3 1957 2057 2059
3 1956 2057 1957
3 2057 1956 1947
3 1955 2054 1943
3 1955 2052 2054
3 1958 2059 2061
3 1954 2052 1955
3 1952 2049 1954
3 1952 1949 2073
3 1952 2073 2051
3 2049 1952 2051
3 2073 1949 2072
3 2072 1949 2071
3 1954 2049 2052
3 1949 1950 2071
3 1958 2061 1959
3 1959 2063 1961
3 1982 2077 1981
3 2076 1980 1981
3 1968 2071 1950
3 1968 2068 2071
3 1967 2068 1968
3 1967 1965 2075
3 1959 2061 2063
3 1967 2075 2070
3 2074 2075 1963
3 1963 2075 1965
3 2074 1963 1961
3 2074 1961 2065
3 2067 2074 2065
3 1961 2063 2065
3 2068 1967 2070
3 1981 2077 2076
3 2072 2068 2069
3 2070 2069 2068
3 2041 1937 1943
3 2041 1943 2054
3 2055 2041 2054
3 2055 2052 2053
3 2055 2054 2052
3 2053 2049 2050
3 2044 1944 1941
3 2053 2052 2049
3 2048 2046 2047
3 2047 2044 2045
3 2047 2046 2044
3 2043 2045 1940
3 1940 2045 1941
3 2045 2044 1941
3 2051 2050 2049
3 2072 2071 2068
3 1944 2044 1945
3 2048 2056 2046
3 2067 2065 2066
3 2066 2063 2064
3 2066 2065 2063
3 2064 2061 2062
3 2064 2063 2061
3 2062 2059 2060
3 1945 2044 2046
3 2062 2061 2059
3 2060 2059 2057
3 2056 2058 1946
3 1946 2058 1947
3 2058 2057 1947
3 2056 1946 1945
3 2056 1945 2046
3 2060 2057 2058
3 2101 2180 2100
3 1983 2078 1982
3 1985 2078 1983
3 2103 2090 2092
3 2103 2091 2090
3 2102 2083 2084
3 2101 2083 2102
3 2101 2082 2083
3 2100 2082 2101
3 2103 2092 2104
3 2100 2081 2082
3 2098 2081 2099
3 2081 2100 2099
3 2097 2079 2098
3 2098 2079 2080
3 2079 2097 2096
3 2079 2096 2010
3 2080 2081 2098
3 1991 2079 2010
3 2104 2092 2093
3 2105 2093 2094
3 2111 2096 2112
3 2112 2096 2097
3 2096 2018 2009
3 2111 2018 2096
3 2014 2109 2012
3 2108 2011 2012
3 2104 2093 2105
3 2108 2012 2109
3 2108 2107 2011
3 2011 2107 2005
3 2107 2095 2005
3 2106 2095 2107
3 2106 2094 2095
3 2105 2094 2106
3 2110 2108 2109
3 1982 2078 2077
3 2096 2009 2010
3 2002 2095 2094
3 2086 1997 2076
3 1997 1980 2076
3 1996 1997 2085
3 1996 2085 2084
3 2083 1996 2084
3 1995 2083 2082
3 2085 1997 2086
3 1996 2083 1995
3 1995 2082 1994
3 1993 2081 2080
3 1994 2081 1993
3 1992 2080 2079
3 1993 2080 1992
3 2079 1991 1992
3 1994 2082 2081
3 2005 2095 2003
3 2086 2076 2077
3 2087 2077 2078
3 2003 2095 2002
3 2001 2094 2093
3 2002 2094 2001
3 2000 2093 2092
3 2001 2093 2000
3 1999 2092 2090
3 2086 2077 2087
3 2000 2092 1999
3 2089 1999 2090
3 2091 2089 2090
3 2089 2088 1998
3 1998 2088 1985
3 2088 2078 1985
3 2087 2078 2088
3 2089 1998 1999
3 2042 2043 1939
3 2100 2180 2179
3 2101 2181 2180
3 2261 2263 2268
3 2269 2263 2264
3 2268 2263 2269
3 2167 2269 2166
3 2269 2266 2166
3 2269 2264 2266
3 2166 2266 2169
3 2169 2266 2267
3 2169 2267 2147
3 2268 2171 2164
3 2171 2268 2173
3 2173 2268 2269
3 2173 2269 2167
3 2270 2183 2184
3 2185 2271 2184
3 2184 2271 2270
3 2186 2272 2185
3 2277 2270 2278
3 2278 2270 2271
3 2270 2277 2276
3 2270 2276 2200
3 2183 2270 2200
3 2199 2276 2275
3 2261 2268 2164
3 2200 2276 2199
3 2199 2275 2198
3 2274 2197 2198
3 2189 2273 2187
3 2186 2273 2272
3 2187 2273 2186
3 2185 2272 2271
3 2198 2275 2274
3 2163 2261 2164
3 2163 2260 2261
3 2161 2260 2163
3 2252 2264 2251
3 2264 2265 2251
3 2265 2263 2262
3 2265 2264 2263
3 2261 2247 2263
3 2263 2247 2262
3 2266 2264 2252
3 2247 2249 2262
3 2261 2245 2247
3 2259 2244 2260
3 2260 2244 2245
3 2258 2242 2259
3 2259 2242 2244
3 2257 2241 2258
3 2260 2245 2261
3 2279 2271 2272
3 2267 2252 2253
3 2147 2267 2146
3 2161 2259 2260
3 2159 2259 2161
3 2159 2258 2259
3 2157 2258 2159
3 2157 2257 2258
3 2155 2257 2157
3 2266 2252 2267
3 2155 2256 2257
3 2256 2152 2144
3 2149 2255 2131
3 2149 2254 2255
3 2146 2254 2149
3 2267 2253 2254
3 2267 2254 2146
3 2152 2256 2155
3 2278 2271 2279
3 2280 2272 2273
3 2279 2272 2280
3 2234 2289 2236
3 2234 2288 2289
3 2232 2288 2234
3 2232 2287 2288
3 2229 2287 2232
3 2287 2229 2212
3 2236 2289 2290
3 2208 2295 2286
3 2294 2285 2295
3 2295 2285 2286
3 2293 2284 2294
3 2294 2284 2285
3 2292 2283 2293
3 2293 2283 2284
3 2224 2295 2208
3 2282 2283 2292
3 2236 2290 2238
3 2238 2291 2215
3 2262 2296 2265
3 2296 2262 2249
3 2251 2297 2250
3 2297 2296 2295
3 2297 2295 2224
3 2250 2297 2224
3 2238 2290 2291
3 2294 2295 2296
3 2248 2294 2249
3 2248 2293 2294
3 2246 2293 2248
3 2246 2292 2293
3 2243 2292 2246
3 2292 2243 2222
3 2294 2296 2249
3 2258 2241 2242
3 2282 2292 2222
3 2221 2281 2282
3 2208 2286 2206
3 2205 2286 2285
3 2206 2286 2205
3 2204 2285 2284
3 2205 2285 2204
3 2203 2284 2283
3 2287 2212 2274
3 2204 2284 2203
3 2203 2283 2202
3 2201 2282 2281
3 2202 2282 2201
3 2281 2280 2273
3 2281 2273 2189
3 2201 2281 2189
3 2202 2283 2282
3 2221 2282 2222
3 2274 2212 2197
3 2287 2274 2288
3 2219 2281 2221
3 2219 2280 2281
3 2217 2280 2219
3 2217 2279 2280
3 2214 2279 2217
3 2291 2278 2279
3 2288 2274 2275
3 2291 2279 2214
3 2290 2277 2291
3 2291 2277 2278
3 2289 2276 2290
3 2290 2276 2277
3 2288 2275 2289
3 2289 2275 2276
3 2215 2291 2214
3 2256 2240 2257
3 2257 2240 2241
3 2239 2240 2256
3 2205 2194 2206
3 2205 2193 2194
3 2204 2193 2205
3 2204 2192 2193
3 2203 2192 2204
3 2203 2191 2192
3 2208 2206 2207
3 2202 2191 2203
3 2201 2190 2202
3 2201 2188 2190
3 2201 2189 2188
3 2200 2182 2183
3 2199 2182 2200
3 2199 2181 2182
3 2202 2190 2191
3 2198 2181 2199
3 2207 2206 2115
3 2194 2110 2115
3 2219 2216 2217
3 2219 2218 2216
3 2217 2213 2214
3 2217 2216 2213
3 2215 2214 2213
3 2196 2212 2211
3 2206 2194 2115
3 2196 2197 2212
3 2211 2195 2196
3 2195 2121 2113
3 2210 2121 2195
3 2118 2209 2116
3 2115 2209 2207
3 2116 2209 2115
3 2210 2195 2211
3 2221 2220 2218
3 2198 2180 2181
3 2196 2180 2197
3 2188 2187 2103
3 2189 2187 2188
3 2186 2178 2187
3 2186 2177 2178
3 2185 2177 2186
3 2185 2176 2177
3 2187 2178 2103
3 2184 2176 2185
3 2174 2175 2182
3 2182 2175 2183
3 2175 2184 2183
3 2174 2182 2181
3 2174 2181 2102
3 2084 2174 2102
3 2184 2175 2176
3 2179 2180 2196
3 2178 2091 2103
3 2103 2190 2188
3 2180 2198 2197
3 2179 2196 2195
3 2179 2195 2114
3 2099 2179 2114
3 2195 2113 2114
3 2110 2194 2108
3 2104 2190 2103
3 2107 2194 2193
3 2106 2193 2192
3 2107 2193 2106
3 2105 2192 2191
3 2106 2192 2105
3 2104 2191 2190
3 2105 2191 2104
3 2108 2194 2107
3 2102 2181 2101
3 2221 2218 2219
3 2208 2207 2223
3 2129 2255 2125
3 2253 2226 2254
3 2254 2226 2227
3 2252 2225 2253
3 2253 2225 2226
3 2225 2252 2223
3 2255 2227 2125
3 2223 2252 2250
3 2250 2224 2223
3 2249 2247 2248
3 2248 2245 2246
3 2248 2247 2245
3 2246 2244 2243
3 2246 2245 2244
3 2252 2251 2250
3 2242 2220 2244
3 2255 2254 2227
3 2228 2132 2128
3 2239 2256 2144
3 2143 2239 2144
3 2143 2237 2239
3 2141 2237 2143
3 2141 2235 2237
3 2139 2235 2141
3 2131 2255 2129
3 2139 2233 2235
3 2137 2231 2233
3 2135 2231 2137
3 2135 2230 2231
3 2133 2230 2135
3 2133 2228 2230
3 2132 2228 2133
3 2137 2233 2139
3 2222 2220 2221
3 2244 2220 2243
3 2241 2218 2242
3 2211 2212 2229
3 2210 2211 2228
3 2210 2228 2128
3 2127 2210 2128
3 2210 2127 2121
3 2125 2227 2123
3 2230 2211 2229
3 2122 2227 2226
3 2226 2225 2209
3 2226 2209 2118
3 2122 2226 2118
3 2223 2207 2225
3 2225 2207 2209
3 2208 2223 2224
3 2123 2227 2122
3 2220 2222 2243
3 2228 2211 2230
3 2232 2230 2229
3 2242 2218 2220
3 2240 2216 2241
3 2241 2216 2218
3 2239 2213 2240
3 2240 2213 2216
3 2239 2237 2213
3 2232 2231 2230
3 2213 2237 2215
3 2238 2235 2236
3 2238 2237 2235
3 2236 2233 2234
3 2236 2235 2233
3 2234 2231 2232
3 2234 2233 2231
3 2237 2238 2215
3 1766 1761 1767
3 1939 2043 1940
3 2042 1938 2038
3 1860 1748 1859
3 1861 1748 1860
3 1845 1751 1847
3 1751 1861 1847
3 1751 1748 1861
3 1751 1845 1738
3 1853 1862 1746
3 1746 1862 1752
3 1752 1863 1753
3 1862 1863 1752
3 1753 1864 1754
3 1863 1864 1753
3 1754 1865 1755
3 1864 1865 1754
3 1854 1756 1856
3 1756 1865 1856
3 1756 1755 1865
3 1774 1870 1869
3 1775 1870 1774
3 1869 1773 1774
3 1770 1868 1768
3 1767 1868 1867
3 1768 1868 1767
3 1748 1749 1859
3 1766 1867 1866
3 1866 1765 1766
3 1758 1859 1749
3 1758 1857 1859
3 1757 1857 1758
3 1757 1854 1857
3 1756 1854 1757
3 1767 1867 1766
3 1860 1857 1858
3 1860 1859 1857
3 1858 1854 1855
3 1737 1738 1845
3 1847 1846 1845
3 1735 1843 1844
3 1735 1733 1843
3 1842 1843 1732
3 1732 1843 1733
3 1846 1737 1845
3 1841 1842 1731
3 1729 1841 1731
3 1838 1841 1729
3 1725 1839 1833
3 1730 1839 1725
3 1834 1839 1840
3 1834 1833 1839
3 1731 1842 1732
3 1765 1866 1775
3 1848 1737 1846
3 1740 1848 1840
3 1858 1857 1854
3 1856 1855 1854
3 1746 1852 1853
3 1746 1744 1852
3 1851 1852 1743
3 1743 1852 1744
3 1839 1740 1840
3 1850 1851 1742
3 1849 1850 1741
3 1741 1850 1742
3 1735 1849 1741
3 1844 1849 1735
3 1740 1839 1730
3 1740 1737 1848
3 1742 1851 1743
3 1866 1870 1775
3 1866 1871 1870
3 1872 1866 1867
3 1880 1898 1897
3 1879 1794 1782
3 1896 1794 1879
3 1894 1792 1895
3 1790 1792 1894
3 1894 1893 1789
3 1896 1880 1897
3 1894 1789 1790
3 1893 1788 1789
3 1892 1891 1787
3 1892 1787 1788
3 1891 1890 1786
3 1891 1786 1787
3 1890 1889 1785
3 1893 1892 1788
3 1890 1785 1786
3 1879 1880 1896
3 1899 1895 1792
3 1904 1800 1801
3 1904 1801 1905
3 1906 1904 1905
3 1904 1903 1799
3 1904 1799 1800
3 1903 1902 1798
3 1898 1880 1881
3 1903 1798 1799
3 1902 1797 1798
3 1901 1900 1796
3 1901 1796 1797
3 1900 1899 1795
3 1900 1795 1796
3 1899 1792 1795
3 1902 1901 1797
3 1729 1837 1838
3 1889 1888 1784
3 1888 1887 1783
3 1879 1782 1869
3 1780 1878 1778
3 1777 1878 1876
3 1778 1878 1777
3 1874 1776 1777
3 1874 1777 1876
3 1869 1782 1773
3 1877 1874 1876
3 1776 1874 1770
3 1874 1873 1770
3 1873 1868 1770
3 1872 1867 1873
3 1873 1867 1868
3 1871 1866 1872
3 1875 1873 1874
3 1889 1784 1785
3 1880 1869 1870
3 1871 1882 1881
3 1888 1783 1784
3 1887 1886 1783
3 1783 1886 1780
3 1886 1878 1780
3 1885 1878 1886
3 1885 1876 1878
3 1879 1869 1880
3 1885 1877 1876
3 1883 1873 1884
3 1883 1872 1873
3 1882 1872 1883
3 1882 1871 1872
3 1870 1871 1880
3 1880 1871 1881
3 1884 1873 1875
3 1729 1727 1837
3 1836 1837 1726
3 1726 1837 1727
3 1683 1791 1682
3 1790 1681 1682
3 1790 1682 1791
3 1792 1790 1791
3 1790 1789 1680
3 1790 1680 1681
3 1793 1685 1781
3 1789 1788 1679
3 1788 1787 1678
3 1788 1678 1679
3 1787 1786 1677
3 1787 1677 1678
3 1786 1785 1676
3 1786 1676 1677
3 1789 1679 1680
3 1785 1784 1675
3 1781 1685 1674
3 1781 1794 1793
3 1801 1800 1690
3 1801 1690 1691
3 1800 1799 1689
3 1800 1689 1690
3 1799 1798 1688
3 1799 1688 1689
3 1781 1782 1794
3 1798 1797 1687
3 1797 1796 1686
3 1797 1686 1687
3 1796 1795 1686
3 1686 1795 1683
3 1795 1791 1683
3 1795 1792 1791
3 1798 1687 1688
3 1803 1801 1802
3 1785 1675 1676
3 1675 1783 1672
3 1774 1763 1764
3 1762 1763 1772
3 1772 1763 1773
3 1763 1774 1773
3 1762 1669 1661
3 1772 1669 1762
3 1774 1764 1775
3 1667 1771 1666
3 1666 1771 1665
3 1768 1664 1665
3 1768 1665 1769
3 1770 1768 1769
3 1768 1767 1664
3 1664 1767 1659
3 1665 1771 1769
3 1784 1783 1675
3 1775 1764 1765
3 1776 1769 1771
3 1783 1779 1672
3 1783 1780 1779
3 1772 1782 1781
3 1772 1773 1782
3 1772 1674 1669
3 1781 1674 1772
3 1776 1770 1769
3 1672 1779 1671
3 1778 1671 1779
3 1780 1778 1779
3 1778 1777 1670
3 1670 1777 1667
3 1777 1771 1667
3 1776 1771 1777
3 1778 1670 1671
3 1803 1905 1801
3 1801 1692 1802
3 1694 1802 1692
3 1825 1828 1823
3 1823 1718 1715
3 1712 1717 1827
3 1712 1827 1826
3 1820 1712 1826
3 1826 1821 1820
3 1828 1718 1823
3 1825 1823 1824
3 1713 1824 1715
3 1824 1823 1715
3 1710 1822 1713
3 1819 1822 1710
3 1712 1820 1711
3 1815 1706 1821
3 1822 1824 1713
3 1821 1706 1820
3 1828 1719 1718
3 1828 1829 1719
3 1835 1836 1726
3 1835 1726 1723
3 1831 1835 1723
3 1832 1835 1831
3 1725 1833 1724
3 1827 1717 1834
3 1719 1829 1720
3 1834 1717 1833
3 1831 1723 1722
3 1721 1830 1722
3 1722 1830 1831
3 1830 1832 1831
3 1829 1830 1720
3 1720 1830 1721
3 1717 1724 1833
3 1801 1691 1692
3 1706 1711 1820
3 1710 1709 1818
3 1701 1809 1699
3 1698 1809 1807
3 1699 1809 1698
3 1806 1697 1698
3 1806 1698 1807
3 1808 1806 1807
3 1804 1810 1696
3 1806 1805 1697
3 1805 1802 1694
3 1805 1803 1802
3 1804 1696 1794
3 1794 1696 1793
3 1696 1695 1793
3 1793 1695 1685
3 1697 1805 1694
3 1710 1818 1819
3 1696 1810 1702
3 1703 1810 1811
3 1817 1818 1708
3 1708 1818 1709
3 1816 1817 1707
3 1707 1817 1708
3 1703 1816 1707
3 1811 1816 1703
3 1703 1702 1810
3 1814 1706 1815
3 1814 1813 1704
3 1704 1813 1701
3 1813 1809 1701
3 1812 1809 1813
3 1812 1807 1809
3 1812 1808 1807
3 1704 1706 1814
3 2042 1939 1938
3 1907 1804 1896
3 1896 1897 1908
3 1994 1976 1977
3 1994 1977 1995
3 1995 1977 1978
3 1995 1978 1996
3 1996 1978 1979
3 1996 1979 1997
3 1997 1979 1980
3 1998 1985 1984
3 1998 1984 1895
3 1899 1998 1895
3 1999 1998 1899
3 2000 1899 1900
3 2000 1999 1899
3 2001 1900 1901
3 2001 2000 1900
3 2002 1901 1902
3 2002 2001 1901
3 2007 1988 2008
3 2008 1988 1989
3 2006 1987 2007
3 2007 1987 1988
3 1986 1987 2006
3 1986 2006 1910
3 1993 1976 1994
3 1908 1986 1910
3 1906 2004 1904
3 2003 1903 1904
3 2003 1904 2004
3 2005 2003 2004
3 2003 2002 1902
3 2003 1902 1903
3 1986 1908 1897
3 1993 1975 1976
3 1992 1975 1993
3 1992 1974 1975
3 1983 1892 1893
3 1982 1981 1891
3 1982 1891 1892
3 1890 1891 1981
3 1890 1981 1980
3 1979 1890 1980
3 1983 1982 1892
3 1889 1979 1978
3 1888 1978 1977
3 1889 1978 1888
3 1887 1977 1976
3 1888 1977 1887
3 1886 1976 1975
3 1887 1976 1886
3 1890 1979 1889
3 1990 2010 2009
3 1985 1983 1984
3 1983 1893 1894
3 1973 1974 1990
3 1990 1974 1991
3 1974 1992 1991
3 1989 1972 1990
3 1990 1972 1973
3 1988 1971 1989
3 1983 1894 1984
3 1989 1971 1972
3 1988 1970 1971
3 1970 1987 1986
3 1970 1986 1898
3 1881 1970 1898
3 1986 1897 1898
3 1895 1984 1894
3 1987 1970 1988
3 2008 1990 2009
3 1989 1990 2008
3 2010 1990 1991
3 2033 2031 2032
3 2026 2027 1928
3 2027 2032 1928
3 2032 1929 1928
3 2032 2031 1929
3 1928 2024 2026
3 2034 2030 2029
3 1927 2024 1928
3 1926 2029 1925
3 2022 1921 1925
3 2028 2022 1925
3 2029 2028 1925
3 2030 2028 2029
3 2028 2023 2022
3 2024 1927 1924
3 2027 2026 2025
3 2029 1926 2034
3 1926 1931 2035
3 2040 2042 2038
3 2038 1938 1935
3 1937 2041 2035
3 1937 2035 1931
3 2040 2038 2039
3 2037 2039 1934
3 1926 2035 2034
3 1934 2039 1935
3 2036 2037 1933
3 1933 2037 1934
3 2036 1933 1932
3 2036 1932 2031
3 2033 2036 2031
3 2031 1932 1929
3 2039 2038 1935
3 1885 1975 1974
3 2024 2017 2026
3 2017 2018 2025
3 2016 2007 2017
3 2017 2007 2008
3 2015 2006 2016
3 2016 2006 2007
3 2006 1916 1910
3 2015 1916 2006
3 2008 2009 2018
3 1914 2013 1912
3 2012 1912 2013
3 2014 2012 2013
3 2012 2011 1911
3 1911 2011 1906
3 2011 2004 1906
3 2011 2005 2004
3 2012 1911 1912
3 2026 2017 2025
3 2008 2018 2017
3 2019 2013 1914
3 2016 2017 2024
3 2016 2024 1924
3 1923 2016 1924
3 1923 2015 2016
3 1922 2015 1923
3 2015 1922 1916
3 2019 2014 2013
3 1921 2022 1919
3 2021 1919 2022
3 2023 2021 2022
3 2021 2020 1917
3 2021 1917 1918
3 2020 2019 1917
3 1917 2019 1914
3 2021 1918 1919
3 1886 1975 1885
3 1974 1973 1969
3 1974 1969 1877
3 1929 1932 1825
3 1827 1930 1826
3 1926 1821 1931
3 1931 1821 1930
3 1821 1826 1930
3 1825 1928 1929
3 1825 1932 1828
3 1825 1824 1928
3 1822 1928 1824
3 1819 1927 1822
3 1924 1927 1819
3 1815 1821 1926
3 1815 1926 1925
3 1920 1815 1925
3 1927 1928 1822
3 1925 1921 1920
3 1828 1933 1829
3 1829 1934 1830
3 1838 1837 1940
3 1939 1940 1836
3 1836 1940 1837
3 1938 1939 1835
3 1835 1939 1836
3 1832 1938 1835
3 1932 1933 1828
3 1935 1938 1832
3 1834 1936 1827
3 1931 1936 1937
3 1931 1930 1936
3 1832 1934 1935
3 1832 1830 1934
3 1933 1934 1829
3 1827 1936 1930
3 1838 1940 1941
3 1819 1923 1924
3 1922 1923 1817
3 1907 1915 1811
3 1810 1907 1811
3 1907 1810 1804
3 1808 1913 1806
3 1912 1805 1806
3 1912 1806 1913
3 1907 1909 1915
3 1914 1912 1913
3 1805 1911 1803
3 1911 1905 1803
3 1911 1906 1905
3 1910 1909 1908
3 1907 1896 1909
3 1909 1896 1908
3 1912 1911 1805
3 1819 1818 1923
3 1909 1910 1916
3 1917 1914 1913
3 1817 1923 1818
3 1922 1817 1816
3 1922 1816 1915
3 1916 1922 1915
3 1915 1816 1811
3 1815 1920 1814
3 1909 1916 1915
3 1919 1813 1814
3 1921 1919 1920
3 1919 1918 1812
3 1919 1812 1813
3 1918 1917 1812
3 1812 1917 1808
3 1917 1913 1808
3 1919 1814 1920
3 1896 1804 1794
3 1937 1936 1942
3 1840 1942 1834
3 1960 1862 1853
3 1861 1953 1847
3 1861 1951 1953
3 1860 1951 1861
3 1860 1948 1951
3 1858 1948 1860
3 1862 1960 1863
3 1858 1855 1968
3 1948 1858 1950
3 1968 1855 1967
3 1967 1855 1966
3 1855 1856 1966
3 1967 1964 1965
3 1967 1966 1964
3 1858 1968 1950
3 1965 1962 1963
3 1863 1960 1962
3 1864 1962 1964
3 1885 1974 1877
3 1969 1973 1972
3 1969 1972 1884
3 1875 1969 1884
3 1883 1972 1971
3 1884 1972 1883
3 1863 1962 1864
3 1882 1971 1970
3 1970 1881 1882
3 1877 1969 1874
3 1969 1875 1874
3 1865 1966 1856
3 1865 1964 1966
3 1864 1964 1865
3 1883 1971 1882
3 1937 1942 1943
3 1965 1964 1962
3 1963 1962 1960
3 1954 1951 1952
3 1954 1953 1951
3 1952 1948 1949
3 1952 1951 1948
3 1950 1949 1948
3 1844 1946 1947
3 1846 1847 1953
3 1844 1843 1946
3 1842 1946 1843
3 1944 1945 1841
3 1841 1945 1842
3 1838 1944 1841
3 1941 1944 1838
3 1834 1942 1936
3 1945 1946 1842
3 1963 1960 1961
3 1954 1846 1953
3 1942 1848 1943
3 1959 1961 1852
3 1852 1961 1853
3 1961 1960 1853
3 1958 1959 1851
3 1851 1959 1852
3 1957 1958 1850
3 1955 1846 1954
3 1850 1958 1851
3 1849 1957 1850
3 1844 1956 1849
3 1947 1956 1844
3 1848 1942 1840
3 1848 1846 1955
3 1848 1955 1943
3 1956 1957 1849
3 1196 1209 1198
3 1196 1194 1208
3 1208 1194 1062
3 415 323 416
3 414 417 413
3 413 417 320
3 417 324 320
3 417 418 324
3 418 420 419
3 325 418 419
3 324 418 325
3 419 327 325
3 330 416 323
3 330 421 416
3 420 422 419
3 419 422 327
3 422 331 327
3 422 423 331
3 331 424 332
3 423 424 331
3 427 431 336
3 427 430 431
3 425 430 427
3 426 430 425
3 429 421 330
3 429 330 341
3 321 323 415
3 428 429 341
3 427 336 334
3 427 333 425
3 427 334 333
3 332 424 333
3 333 424 425
3 424 426 425
3 340 428 341
3 415 318 321
3 415 411 318
3 413 317 410
3 401 402 405
3 403 311 404
3 310 311 403
3 403 307 310
3 403 400 307
3 401 305 396
3 405 402 406
3 401 309 305
3 396 397 401
3 399 307 400
3 306 307 399
3 399 398 306
3 306 398 303
3 398 394 303
3 401 397 402
3 431 342 336
3 405 313 309
3 314 404 311
3 413 320 317
3 413 410 408
3 413 408 412
3 414 413 412
3 409 412 408
3 318 411 407
3 405 309 401
3 318 407 314
3 408 410 405
3 405 410 313
3 410 315 313
3 408 406 409
3 405 406 408
3 314 407 404
3 410 317 315
3 431 432 342
3 342 433 343
3 432 433 342
3 454 457 366
3 457 458 366
3 457 459 458
3 455 457 454
3 365 456 452
3 365 452 362
3 364 454 366
3 454 364 363
3 449 453 363
3 453 454 363
3 453 455 454
3 450 453 449
3 451 362 452
3 361 362 451
3 360 449 363
3 451 358 361
3 458 367 366
3 460 365 368
3 458 468 367
3 459 468 458
3 466 379 467
3 377 379 466
3 466 465 376
3 466 376 377
3 460 456 365
3 465 464 374
3 464 463 373
3 464 373 374
3 373 462 372
3 463 462 373
3 460 370 461
3 368 370 460
3 465 374 376
3 398 395 394
3 451 448 358
3 357 447 450
3 440 439 348
3 440 348 349
3 439 438 347
3 439 347 348
3 347 437 346
3 438 437 347
3 349 350 440
3 428 436 429
3 345 436 428
3 340 345 428
3 434 435 344
3 344 435 345
3 433 434 343
3 343 434 344
3 345 435 436
3 449 360 359
3 440 350 441
3 353 442 352
3 357 450 449
3 359 357 449
3 358 448 446
3 358 446 356
3 447 357 445
3 445 357 355
3 443 442 353
3 356 446 444
3 445 355 442
3 442 355 352
3 354 444 441
3 354 441 350
3 353 437 443
3 353 346 437
3 356 444 354
3 396 299 390
3 396 305 299
3 396 391 397
3 349 257 258
3 348 347 256
3 348 256 257
3 256 346 255
3 347 346 256
3 339 345 340
3 349 348 257
3 339 344 345
3 338 343 344
3 337 343 338
3 337 342 343
3 335 342 337
3 336 342 335
3 329 341 330
3 338 344 339
3 341 329 247
3 258 259 349
3 353 352 351
3 268 356 265
3 357 267 355
3 355 267 263
3 265 356 354
3 265 354 261
3 351 264 260
3 349 259 350
3 352 355 263
3 351 352 264
3 261 354 350
3 261 350 259
3 255 346 260
3 260 346 351
3 346 353 351
3 352 263 264
3 268 358 356
3 340 341 247
3 339 340 253
3 323 322 330
3 247 322 236
3 247 329 322
3 328 241 239
3 328 238 326
3 328 239 238
3 330 322 329
3 237 325 238
3 325 327 326
3 324 325 237
3 324 237 231
3 319 324 231
3 320 324 319
3 322 323 321
3 238 325 326
3 253 340 247
3 327 331 326
3 328 331 332
3 339 252 338
3 339 253 252
3 338 251 337
3 338 252 251
3 337 250 335
3 337 251 250
3 326 331 328
3 249 334 250
3 334 336 335
3 333 334 248
3 248 334 249
3 332 333 248
3 332 248 241
3 328 332 241
3 250 334 335
3 468 380 367
3 357 359 267
3 270 269 359
3 294 386 286
3 386 378 286
3 386 379 378
3 375 292 281
3 371 292 375
3 371 291 292
3 387 386 294
3 290 291 371
3 372 383 371
3 385 383 372
3 385 384 383
3 369 382 370
3 288 381 382
3 288 382 369
3 383 290 371
3 279 288 369
3 389 387 388
3 387 294 295
3 390 391 396
3 303 394 301
3 388 297 301
3 393 388 301
3 394 393 301
3 395 393 394
3 387 295 388
3 393 389 388
3 299 300 383
3 390 299 383
3 384 390 383
3 392 390 384
3 392 391 390
3 297 388 295
3 383 300 290
3 267 359 269
3 380 381 287
3 278 380 287
3 278 276 366
3 274 366 276
3 364 366 274
3 275 365 362
3 275 362 272
3 274 363 364
3 278 366 367
3 274 273 363
3 360 363 270
3 361 272 362
3 271 272 361
3 361 268 271
3 361 358 268
3 270 359 360
3 270 363 273
3 287 381 288
3 279 369 368
3 275 279 365
3 367 380 278
3 286 378 284
3 377 283 284
3 377 284 378
3 379 377 378
3 377 376 282
3 365 279 368
3 377 282 283
3 282 374 375
3 281 282 375
3 371 374 373
3 375 374 371
3 373 372 371
3 369 370 368
3 282 376 374
3 229 236 318
3 468 469 380
3 469 470 380
3 569 450 447
3 571 450 569
3 572 570 448
3 572 448 451
3 451 452 572
3 572 452 573
3 453 450 574
3 450 575 574
3 450 571 575
3 574 455 453
3 456 577 576
3 573 456 576
3 452 456 573
3 577 578 576
3 575 579 574
3 574 579 455
3 579 457 455
3 588 464 465
3 587 586 463
3 587 463 464
3 463 585 462
3 586 585 463
3 583 584 582
3 448 570 568
3 578 577 460
3 461 582 460
3 583 582 461
3 460 577 456
3 459 580 581
3 459 457 580
3 579 580 457
3 582 578 460
3 448 568 446
3 569 447 567
3 567 447 445
3 438 558 437
3 559 558 438
3 551 557 552
3 551 556 557
3 550 556 551
3 550 555 556
3 560 438 439
3 549 555 550
3 547 554 549
3 548 554 547
3 541 553 542
3 553 541 429
3 552 553 429
3 436 552 429
3 549 554 555
3 588 587 464
3 560 559 438
3 560 440 561
3 446 568 566
3 446 566 444
3 567 445 563
3 563 445 442
3 441 444 566
3 441 566 565
3 562 560 561
3 561 441 565
3 443 558 564
3 443 437 558
3 443 563 442
3 564 563 443
3 441 561 440
3 560 439 440
3 565 562 561
3 590 588 589
3 588 466 589
3 588 465 466
3 496 480 598
3 496 614 495
3 615 614 496
3 612 613 611
3 611 610 492
3 611 492 494
3 496 598 615
3 612 611 494
3 610 490 492
3 609 479 490
3 609 597 479
3 608 489 487
3 608 486 606
3 608 487 486
3 610 609 490
3 485 605 486
3 616 602 601
3 617 616 497
3 502 623 494
3 622 623 501
3 501 623 502
3 621 622 500
3 500 622 501
3 620 621 500
3 618 616 617
3 620 500 489
3 608 619 620
3 606 619 608
3 607 619 606
3 499 617 497
3 601 484 497
3 616 601 497
3 608 620 489
3 551 552 436
3 486 605 606
3 604 605 485
3 596 475 477
3 475 595 473
3 473 595 583
3 595 584 583
3 473 583 461
3 594 472 470
3 596 595 475
3 594 469 592
3 468 591 469
3 469 591 592
3 591 593 592
3 459 591 468
3 581 591 459
3 467 589 466
3 594 470 469
3 605 607 606
3 477 479 596
3 599 598 481
3 604 485 472
3 594 604 472
3 594 603 604
3 592 603 594
3 593 603 592
3 484 601 482
3 596 479 597
3 589 467 482
3 601 600 482
3 602 600 601
3 600 590 589
3 481 585 599
3 481 462 585
3 481 598 480
3 600 589 482
3 551 435 550
3 551 436 435
3 550 434 549
3 491 501 493
3 491 500 501
3 488 500 491
3 489 500 488
3 395 498 393
3 483 389 393
3 493 501 502
3 497 483 393
3 499 497 498
3 497 484 483
3 392 480 496
3 392 384 480
3 392 495 391
3 496 495 392
3 498 497 393
3 493 494 492
3 493 502 494
3 503 397 495
3 511 506 400
3 511 507 506
3 397 503 402
3 402 503 508
3 503 510 508
3 510 509 508
3 495 397 391
3 400 506 399
3 505 399 506
3 507 505 506
3 505 504 398
3 398 504 395
3 504 498 395
3 504 499 498
3 505 398 399
3 403 511 400
3 491 492 490
3 478 488 491
3 385 480 384
3 481 480 385
3 478 479 477
3 476 477 475
3 478 477 476
3 474 475 473
3 385 372 462
3 476 475 474
3 471 474 473
3 370 471 473
3 461 370 473
3 381 470 382
3 382 470 471
3 470 472 471
3 370 382 471
3 493 492 491
3 385 462 481
3 482 379 386
3 478 491 490
3 479 478 490
3 488 478 476
3 488 476 487
3 489 488 487
3 476 486 487
3 482 467 379
3 474 486 476
3 471 485 474
3 472 485 471
3 389 483 387
3 482 386 387
3 482 387 483
3 484 482 483
3 474 485 486
3 380 470 381
3 512 511 403
3 512 404 513
3 538 426 424
3 423 537 424
3 424 537 538
3 537 539 538
3 536 537 422
3 422 537 423
3 429 541 540
3 535 536 422
3 532 535 420
3 533 535 532
3 421 534 529
3 421 529 416
3 532 420 418
3 417 531 418
3 535 422 420
3 418 531 532
3 534 429 540
3 541 542 540
3 550 435 434
3 549 433 547
3 549 434 433
3 432 546 433
3 433 546 547
3 546 548 547
3 421 429 534
3 545 546 431
3 544 545 430
3 430 545 431
3 543 544 430
3 543 430 426
3 538 543 426
3 539 543 538
3 431 546 432
3 403 404 512
3 531 533 532
3 530 417 414
3 521 406 517
3 521 409 406
3 514 519 521
3 514 521 517
3 519 515 520
3 514 515 519
3 411 523 522
3 407 518 513
3 517 402 508
3 517 406 402
3 514 517 508
3 514 508 509
3 516 514 509
3 516 515 514
3 407 513 404
3 530 531 417
3 518 411 522
3 523 524 522
3 527 530 414
3 528 530 527
3 416 529 524
3 416 524 523
3 415 416 523
3 415 523 411
3 407 411 518
3 527 414 412
3 521 526 412
3 526 527 412
3 526 528 527
3 521 525 526
3 519 525 521
3 520 525 519
3 409 521 412
3 623 624 494
3 318 236 321
3 319 228 316
3 107 45 40
3 46 112 42
3 117 113 112
3 46 117 112
3 47 117 46
3 47 48 117
3 117 48 118
3 121 120 119
3 121 119 115
3 115 119 114
3 119 50 114
3 50 51 114
3 114 51 44
3 122 118 48
3 122 48 53
3 53 54 122
3 122 54 123
3 131 61 59
3 130 131 124
3 124 131 56
3 131 59 56
3 127 130 124
3 127 124 125
3 44 45 107
3 129 127 125
3 58 126 123
3 58 123 54
3 124 50 119
3 124 56 50
3 124 120 125
3 119 120 124
3 129 128 127
3 114 44 107
3 108 114 107
3 116 114 108
3 96 95 101
3 94 98 100
3 94 100 95
3 98 94 92
3 98 92 97
3 99 98 97
3 101 95 100
3 93 97 92
3 91 90 96
3 89 94 95
3 89 95 90
3 87 92 94
3 87 94 89
3 92 88 93
3 96 90 95
3 64 126 58
3 99 102 98
3 103 98 102
3 116 115 114
3 112 113 111
3 111 110 41
3 111 41 42
3 112 111 42
3 41 110 109
3 104 103 102
3 41 109 107
3 109 108 107
3 103 106 105
3 104 106 103
3 105 100 103
3 101 100 105
3 103 100 98
3 40 41 107
3 64 132 126
3 127 128 133
3 133 128 134
3 150 159 160
3 161 150 160
3 148 158 159
3 148 159 149
3 147 157 158
3 147 158 148
3 150 149 159
3 146 155 157
3 155 146 145
3 155 145 154
3 156 155 154
3 145 153 154
3 144 153 145
3 144 152 153
3 146 157 147
3 142 152 144
3 150 161 151
3 155 162 157
3 82 171 81
3 172 171 82
3 169 170 168
3 168 167 78
3 168 78 79
3 169 168 79
3 156 162 155
3 78 166 77
3 159 165 160
3 159 164 165
3 158 164 159
3 158 163 164
3 157 163 158
3 157 162 163
3 167 166 78
3 87 88 92
3 143 152 142
3 140 139 151
3 143 142 141
3 134 141 133
3 139 140 138
3 64 71 132
3 132 71 138
3 71 139 138
3 142 133 141
3 137 67 65
3 131 137 61
3 137 65 61
3 130 135 136
3 130 136 131
3 127 133 135
3 127 135 130
3 136 137 131
3 151 139 150
3 142 135 133
3 135 142 144
3 150 139 149
3 149 139 75
3 139 71 75
3 149 74 148
3 149 75 74
3 148 73 147
3 135 144 136
3 148 74 73
3 147 73 72
3 145 146 137
3 137 146 67
3 146 72 67
3 136 144 145
3 136 145 137
3 147 72 146
3 91 85 90
3 86 85 91
3 83 89 90
3 34 13 32
3 34 14 13
3 9 27 13
3 27 31 13
3 31 32 13
3 31 33 32
3 34 35 14
3 28 31 27
3 30 7 12
3 29 30 12
3 11 29 12
3 27 1 23
3 27 9 1
3 27 24 28
3 30 26 7
3 23 24 27
3 14 35 11
3 36 29 11
3 17 46 39
3 46 42 39
3 16 17 39
3 43 16 39
3 40 43 39
3 45 43 40
3 35 36 11
3 45 44 43
3 41 40 39
3 34 38 35
3 34 37 38
3 32 37 34
3 33 37 32
3 29 36 30
3 39 42 41
3 18 46 17
3 25 7 26
3 5 25 3
3 9 13 8
3 6 12 7
3 6 4 10
3 6 10 11
3 12 6 11
3 0 8 10
3 8 13 10
3 0 10 4
3 0 1 8
3 6 7 5
3 4 5 3
3 6 5 4
3 0 3 2
3 4 3 0
3 8 1 9
3 5 7 25
3 10 13 14
3 17 16 15
3 3 25 21
3 25 22 21
3 19 3 21
3 19 2 3
3 15 23 19
3 19 23 2
3 10 14 11
3 23 1 2
3 15 16 23
3 21 22 20
3 19 20 18
3 21 20 19
3 15 18 17
3 19 18 15
3 23 16 24
3 82 77 166
3 47 18 20
3 20 22 47
3 69 73 74
3 68 73 69
3 68 72 73
3 66 72 68
3 67 72 66
3 71 63 70
3 69 74 70
3 64 63 71
3 69 63 38
3 63 35 38
3 69 37 68
3 69 38 37
3 66 68 62
3 62 68 33
3 70 63 69
3 68 37 33
3 70 74 75
3 78 77 76
3 83 90 85
3 80 87 89
3 80 89 83
3 87 81 88
3 80 81 87
3 85 86 84
3 70 75 71
3 76 83 85
3 79 76 84
3 80 83 76
3 80 76 77
3 82 80 77
3 82 81 80
3 76 79 78
3 76 85 84
3 47 46 18
3 66 62 60
3 67 66 65
3 49 57 52
3 55 50 56
3 49 50 55
3 53 26 54
3 25 26 53
3 53 22 25
3 49 55 57
3 53 48 22
3 52 24 16
3 49 52 43
3 49 43 44
3 51 49 44
3 51 50 49
3 47 22 48
3 52 16 43
3 66 60 65
3 57 28 24
3 30 54 26
3 61 65 60
3 64 58 30
3 64 30 36
3 63 64 36
3 35 63 36
3 62 33 31
3 57 24 52
3 60 62 57
3 62 31 28
3 60 57 55
3 60 55 59
3 61 60 59
3 56 59 55
3 30 58 54
3 57 62 28
3 236 322 321
3 82 166 172
3 84 86 169
3 177 265 175
3 177 268 265
3 267 269 266
3 176 266 269
3 270 176 269
3 179 176 270
3 271 268 177
3 271 177 180
3 180 182 271
3 271 182 272
3 270 273 179
3 179 273 183
3 185 183 273
3 185 273 274
3 187 272 182
3 187 275 272
3 274 276 185
3 286 284 285
3 284 283 195
3 284 195 196
3 195 283 282
3 195 282 280
3 194 195 280
3 266 174 262
3 282 281 280
3 192 275 187
3 277 191 189
3 188 276 189
3 189 276 277
3 276 278 277
3 185 276 188
3 192 279 275
3 266 176 174
3 266 263 267
3 262 263 266
3 166 167 254
3 256 255 254
3 246 253 247
3 246 252 253
3 245 252 246
3 245 251 252
3 167 256 254
3 244 251 245
3 243 250 244
3 243 249 250
3 242 249 243
3 242 248 249
3 240 248 242
3 241 248 240
3 244 250 251
3 284 197 285
3 167 257 256
3 258 257 167
3 175 265 261
3 175 261 173
3 171 260 174
3 174 260 262
3 260 264 262
3 264 263 262
3 258 167 168
3 173 261 259
3 254 172 166
3 255 260 171
3 255 171 172
3 254 255 172
3 258 170 259
3 168 170 258
3 173 259 170
3 284 196 197
3 199 285 197
3 278 287 277
3 220 222 310
3 310 217 220
3 310 307 217
3 308 215 304
3 308 219 215
3 308 305 309
3 310 222 311
3 304 305 308
3 213 307 306
3 302 213 306
3 306 303 302
3 304 208 298
3 304 215 208
3 304 299 305
3 213 217 307
3 298 299 304
3 308 309 312
3 312 224 219
3 319 231 228
3 319 317 320
3 316 317 319
3 229 318 314
3 229 314 225
3 316 228 226
3 312 309 313
3 224 312 226
3 315 316 226
3 315 317 316
3 313 315 312
3 225 314 311
3 225 311 222
3 312 219 308
3 312 315 226
3 247 235 246
3 213 302 212
3 301 296 212
3 294 286 285
3 280 203 194
3 202 203 280
3 293 202 280
3 281 293 280
3 292 293 281
3 294 285 199
3 289 292 291
3 291 290 289
3 279 200 288
3 192 200 279
3 287 288 200
3 287 200 191
3 277 287 191
3 293 292 289
3 296 206 212
3 204 294 199
3 297 295 296
3 302 301 212
3 303 301 302
3 301 297 296
3 293 210 202
3 289 210 293
3 289 209 210
3 295 294 204
3 208 209 289
3 290 298 289
3 300 298 290
3 300 299 298
3 206 296 205
3 295 204 205
3 295 205 296
3 298 208 289
3 236 235 247
3 246 235 245
3 245 235 165
3 190 200 192
3 191 200 190
3 113 198 111
3 197 110 111
3 197 111 198
3 199 197 198
3 203 202 201
3 197 196 109
3 109 196 195
3 109 195 193
3 108 109 193
3 195 194 193
3 192 186 190
3 187 186 192
3 197 109 110
3 190 189 191
3 203 201 194
3 201 115 193
3 211 120 201
3 202 211 201
3 210 211 202
3 207 210 209
3 211 210 207
3 209 208 207
3 194 201 193
3 205 118 206
3 205 204 117
3 117 204 113
3 204 198 113
3 204 199 198
3 193 116 108
3 115 116 193
3 117 118 205
3 120 121 201
3 190 186 105
3 106 189 105
3 178 99 97
3 93 176 179
3 93 179 178
3 97 93 178
3 96 177 175
3 96 175 91
3 101 181 180
3 176 93 174
3 91 175 173
3 91 173 86
3 174 88 171
3 171 88 81
3 86 173 170
3 86 170 169
3 174 93 88
3 189 190 105
3 177 101 180
3 181 182 180
3 188 189 106
3 188 106 104
3 184 188 104
3 185 188 184
3 187 181 186
3 182 181 187
3 96 101 177
3 105 181 101
3 184 104 102
3 99 178 102
3 178 183 102
3 183 184 102
3 183 185 184
3 179 183 178
3 105 186 181
3 84 169 79
3 201 121 115
3 212 118 122
3 236 229 151
3 236 151 161
3 235 236 161
3 160 235 161
3 234 156 154
3 234 153 233
3 231 237 230
3 234 154 153
3 233 153 152
3 230 232 227
3 227 232 143
3 232 152 143
3 230 228 231
3 227 228 230
3 233 152 232
3 151 229 225
3 230 237 232
3 232 238 233
3 235 160 165
3 245 164 244
3 245 165 164
3 244 163 243
3 244 164 163
3 243 162 242
3 232 237 238
3 243 163 162
3 234 242 156
3 242 162 156
3 240 234 233
3 240 233 239
3 241 240 239
3 233 238 239
3 240 242 234
3 212 206 118
3 151 225 140
3 134 223 141
3 216 218 129
3 218 128 129
3 218 215 219
3 214 215 218
3 126 217 213
3 126 213 123
3 214 218 216
3 216 120 211
3 207 214 216
3 207 216 211
3 214 208 215
3 207 208 214
3 212 123 213
3 122 123 212
3 216 125 120
3 227 143 141
3 216 129 125
3 217 132 220
3 223 226 141
3 226 227 141
3 226 228 227
3 224 226 223
3 140 225 222
3 140 222 221
3 132 221 220
3 138 140 221
3 223 128 218
3 223 134 128
3 223 219 224
3 218 219 223
3 221 222 220
3 126 132 217
3 138 221 132
3 624 612 494
3 624 623 625
3 613 612 626
3 866 862 1016
3 862 1017 1016
3 862 1010 1017
3 1016 867 866
3 868 1012 865
3 1012 868 869
3 1012 869 1014
3 1019 1018 871
3 871 1018 869
3 1018 1015 869
3 1015 1014 869
3 1019 1020 1018
3 1017 1021 1016
3 1016 1021 867
3 1021 872 867
3 1021 1022 872
3 873 872 1022
3 1033 1032 879
3 1030 1031 1029
3 1028 1029 1027
3 1030 1029 1028
3 1026 1027 1025
3 1028 1027 1026
3 1014 1015 1013
3 1025 1024 875
3 1026 1025 877
3 875 1024 874
3 874 1024 1019
3 1024 1020 1019
3 874 1019 871
3 873 1022 1023
3 1025 875 877
3 1012 1013 1011
3 1014 1013 1012
3 1008 1007 863
3 1001 856 1002
3 854 856 1001
3 1001 851 854
3 1001 998 851
3 995 1000 849
3 849 1000 853
3 1004 1003 999
3 1000 999 853
3 997 851 998
3 850 851 997
3 997 848 850
3 997 994 848
3 996 990 991
3 995 849 843
3 999 852 853
3 879 1032 878
3 1003 852 999
3 1004 999 1000
3 1011 1008 863
3 865 1011 863
3 1012 1011 865
3 863 1007 860
3 862 1009 1010
3 862 861 1009
3 1003 857 852
3 857 1009 861
3 1007 1008 1006
3 1006 1005 858
3 1006 858 860
3 1007 1006 860
3 1005 856 858
3 1005 1002 856
3 1003 1009 857
3 1034 879 880
3 1034 1033 879
3 1035 880 881
3 908 1046 895
3 1058 906 904
3 1058 903 1056
3 1058 904 903
3 902 1055 903
3 903 1055 1056
3 1059 1047 1046
3 1055 1057 1056
3 901 1055 902
3 886 1054 901
3 1042 1054 886
3 1052 1053 1051
3 1051 1050 899
3 1051 899 900
3 1054 1055 901
3 1052 1051 900
3 908 1059 1046
3 1061 1060 912
3 1069 1068 918
3 917 1067 916
3 916 1067 1052
3 1067 1053 1052
3 916 1052 900
3 915 1048 1066
3 910 1059 908
3 915 896 1048
3 915 1065 1063
3 914 915 1063
3 1065 1064 1063
3 1061 1062 1060
3 1060 1059 910
3 1060 910 912
3 915 1066 1065
3 995 843 990
3 899 1050 898
3 1050 1039 1038
3 887 1026 877
3 886 1041 1042
3 886 885 1041
3 1040 1041 884
3 884 1041 885
3 873 1040 884
3 1026 887 888
3 1023 1040 873
3 1037 1036 882
3 1037 882 883
3 1038 1037 883
3 1036 1035 881
3 1036 881 882
3 1035 1034 880
3 1038 1039 1037
3 898 1050 1038
3 1026 888 1028
3 1028 889 1030
3 898 1038 883
3 897 1032 1049
3 897 878 1032
3 897 1048 896
3 1049 1048 897
3 1046 1047 1045
3 1028 888 889
3 1045 1044 893
3 1046 1045 895
3 1044 1043 891
3 1044 891 893
3 891 1043 889
3 889 1043 1030
3 1043 1031 1030
3 1045 893 895
3 996 995 990
3 993 848 994
3 846 848 993
3 942 948 944
3 943 948 942
3 946 800 947
3 799 800 946
3 946 788 799
3 946 935 788
3 944 948 949
3 930 798 784
3 945 798 931
3 798 930 931
3 797 945 796
3 796 945 928
3 945 929 928
3 926 944 928
3 797 798 945
3 928 944 796
3 944 949 795
3 949 950 801
3 952 804 957
3 957 953 952
3 807 955 956
3 807 806 955
3 954 955 805
3 805 955 806
3 949 801 795
3 802 954 805
3 804 952 803
3 947 800 953
3 953 800 952
3 800 803 952
3 802 950 951
3 802 801 950
3 951 954 802
3 804 958 957
3 944 795 796
3 942 926 793
3 934 933 786
3 934 786 787
3 933 771 786
3 933 918 771
3 913 785 768
3 784 785 913
3 787 788 934
3 930 784 913
3 932 930 914
3 932 931 930
3 928 929 927
3 926 927 925
3 928 927 926
3 912 911 781
3 914 930 913
3 944 926 942
3 934 788 935
3 922 936 924
3 926 783 793
3 792 941 793
3 793 941 942
3 941 943 942
3 940 941 791
3 791 941 792
3 923 936 922
3 939 940 790
3 938 939 789
3 789 939 790
3 937 938 789
3 937 789 776
3 924 937 776
3 924 936 937
3 790 940 791
3 1068 917 918
3 804 808 958
3 807 959 809
3 984 985 838
3 837 984 838
3 982 835 833
3 832 981 833
3 833 981 982
3 981 983 982
3 985 831 838
3 980 981 832
3 977 980 830
3 978 980 977
3 831 979 974
3 831 974 826
3 977 830 828
3 827 976 828
3 980 832 830
3 828 976 977
3 985 979 831
3 982 986 835
3 993 992 845
3 993 845 846
3 844 845 992
3 844 992 991
3 990 844 991
3 990 843 844
3 983 986 982
3 984 989 985
3 840 989 984
3 837 840 984
3 987 988 839
3 839 988 840
3 986 987 839
3 986 839 835
3 840 988 989
3 956 959 807
3 976 978 977
3 975 827 825
3 967 813 966
3 813 818 966
3 817 964 965
3 817 815 964
3 963 964 814
3 814 964 815
3 962 813 967
3 811 963 814
3 813 962 958
3 813 958 808
3 811 960 961
3 811 810 960
3 959 960 809
3 809 960 810
3 961 963 811
3 975 976 827
3 819 966 818
3 817 968 820
3 971 975 825
3 972 975 971
3 819 826 974
3 819 974 973
3 966 819 973
3 973 967 966
3 965 968 817
3 971 825 823
3 823 970 971
3 970 972 971
3 969 970 821
3 821 970 822
3 968 969 820
3 820 969 821
3 822 970 823
3 925 912 781
3 1068 1067 917
3 1057 1071 1056
3 1154 1155 1153
3 1150 1009 1003
3 1010 1009 1150
3 1151 1010 1150
3 1156 1010 1151
3 1011 1154 1008
3 1157 1155 1154
3 1011 1157 1154
3 1013 1157 1011
3 1159 1158 1015
3 1158 1013 1015
3 1158 1157 1013
3 1159 1160 1158
3 1156 1017 1010
3 1161 1017 1156
3 1018 1159 1015
3 1163 1162 1020
3 1163 1024 1025
3 1024 1163 1020
3 1023 1168 1169
3 1023 1022 1168
3 1167 1168 1021
3 1021 1168 1022
3 1153 1152 1006
3 1017 1167 1021
3 1165 1166 1164
3 1163 1164 1162
3 1165 1164 1163
3 1160 1159 1018
3 1162 1160 1018
3 1020 1162 1018
3 1161 1167 1017
3 1153 1006 1008
3 1154 1153 1008
3 1006 1152 1005
3 997 998 1142
3 1142 1141 997
3 997 1141 994
3 1141 1137 994
3 1140 1137 1141
3 1140 1136 1137
3 1142 998 1143
3 1136 1140 991
3 1139 996 991
3 1139 1138 996
3 1138 995 996
3 994 1137 993
3 992 1137 1136
3 993 1137 992
3 1140 1139 991
3 1163 1025 1165
3 1145 1144 1138
3 1144 1000 995
3 1005 1152 1148
3 1152 1149 1148
3 1005 1148 1002
3 1144 1151 1000
3 1000 1151 1004
3 1151 1150 1004
3 1144 995 1138
3 1150 1003 1004
3 1147 1146 1001
3 1147 1001 1002
3 1148 1147 1002
3 1146 998 1001
3 1146 1143 998
3 1145 1138 1139
3 1148 1149 1147
3 1170 1166 1165
3 1025 1170 1165
3 1027 1170 1025
3 1202 1048 1175
3 1176 1202 1175
3 1201 1202 1176
3 1200 1201 1199
3 1202 1201 1200
3 1198 1199 1197
3 1048 1049 1175
3 1200 1199 1198
3 1198 1197 1196
3 1194 1195 1193
3 1196 1195 1194
3 1192 1193 1191
3 1194 1193 1192
3 1191 1190 1045
3 1196 1197 1195
3 1191 1045 1047
3 1175 1049 1032
3 1203 1185 1184
3 1194 1060 1062
3 1192 1060 1194
3 1192 1059 1060
3 1059 1192 1047
3 1057 1206 1207
3 1057 1055 1206
3 1050 1184 1039
3 1205 1206 1054
3 1042 1205 1054
3 1188 1205 1042
3 1203 1053 1204
3 1051 1053 1203
3 1051 1203 1050
3 1050 1203 1184
3 1054 1206 1055
3 1136 991 992
3 1192 1191 1047
3 1190 1044 1045
3 1180 1179 1034
3 1180 1034 1035
3 1179 1178 1033
3 1179 1033 1034
3 1033 1178 1177
3 1033 1177 1175
3 1181 1035 1036
3 1032 1033 1175
3 1173 1174 1172
3 1172 1171 1029
3 1172 1029 1031
3 1173 1172 1031
3 1171 1170 1027
3 1171 1027 1029
3 1177 1176 1175
3 1190 1189 1044
3 1181 1180 1035
3 1182 1181 1036
3 1044 1189 1043
3 1043 1189 1173
3 1189 1174 1173
3 1043 1173 1031
3 1042 1187 1188
3 1042 1041 1187
3 1182 1036 1037
3 1186 1187 1040
3 1023 1186 1040
3 1169 1186 1023
3 1184 1185 1183
3 1183 1182 1037
3 1183 1037 1039
3 1184 1183 1039
3 1040 1187 1041
3 989 1131 985
3 989 988 1135
3 989 1135 1132
3 946 947 1090
3 1090 935 946
3 1090 1081 935
3 1079 945 931
3 945 1079 929
3 1089 943 941
3 1090 947 1091
3 1089 940 1087
3 939 1086 940
3 940 1086 1087
3 1086 1088 1087
3 1085 1086 938
3 938 1086 939
3 1084 1085 937
3 1089 941 940
3 937 1085 938
3 1088 1092 1087
3 1089 1092 1093
3 1099 954 951
3 1096 1099 951
3 1097 1099 1096
3 953 1098 1091
3 953 1091 947
3 1096 951 950
3 1087 1092 1089
3 949 1095 950
3 1095 1097 1096
3 1094 1095 948
3 948 1095 949
3 1093 1094 948
3 1093 948 943
3 1089 1093 943
3 950 1095 1096
3 1099 1100 954
3 1083 1084 936
3 1082 1083 936
3 925 1077 1061
3 1077 1062 1061
3 925 1061 912
3 1075 923 921
3 920 1074 921
3 921 1074 1075
3 927 1077 925
3 1074 1076 1075
3 919 1074 920
3 1072 1073 919
3 1072 919 906
3 1058 1072 906
3 1058 1071 1072
3 1056 1071 1058
3 1073 1074 919
3 936 1084 937
3 1079 1078 929
3 1078 1077 927
3 1082 936 923
3 1075 1082 923
3 1076 1082 1075
3 1080 935 1081
3 934 935 1080
3 934 1080 933
3 1078 927 929
3 933 1080 1069
3 933 1069 918
3 1063 932 914
3 931 932 1063
3 1079 931 1063
3 1064 1079 1063
3 1078 1079 1064
3 1080 1070 1069
3 1069 1070 1068
3 1100 1102 1101
3 954 1100 955
3 1124 1127 1123
3 974 1125 1120
3 979 1125 974
3 1121 1125 1126
3 1121 1120 1125
3 1123 978 976
3 1123 1127 978
3 975 1122 976
3 1122 1124 1123
3 972 1122 975
3 1119 1122 972
3 974 1120 973
3 1115 967 1121
3 1121 967 1120
3 976 1122 1123
3 967 973 1120
3 1127 980 978
3 980 1129 981
3 1131 989 1132
3 1134 1135 987
3 987 1135 988
3 1133 1134 986
3 986 1134 987
3 983 1133 986
3 1127 1128 980
3 1130 1133 983
3 985 1131 979
3 1126 1131 1132
3 1126 1125 1131
3 983 1129 1130
3 983 981 1129
3 1128 1129 980
3 979 1131 1125
3 955 1100 1101
3 972 1118 1119
3 1117 1118 969
3 1104 1103 1109
3 961 1107 1108
3 961 960 1107
3 1106 1107 959
3 959 1107 960
3 1105 1106 959
3 1104 1109 1110
3 1105 959 956
3 1102 1105 1101
3 958 1103 957
3 1098 953 1104
3 1104 953 1103
3 953 957 1103
3 1101 956 955
3 1101 1105 956
3 972 970 1118
3 962 1109 958
3 1108 1111 961
3 969 1118 970
3 1116 1117 968
3 968 1117 969
3 965 1116 968
3 1113 1116 965
3 962 967 1115
3 958 1109 1103
3 962 1115 1114
3 1114 1110 1109
3 965 1112 1113
3 965 964 1112
3 1111 1112 963
3 963 1112 964
3 961 1111 963
3 1109 962 1114
3 783 925 781
3 926 925 783
3 909 781 911
3 587 723 586
3 586 723 722
3 588 724 587
3 587 724 723
3 590 724 588
3 717 725 716
3 725 727 726
3 725 726 591
3 716 725 591
3 581 716 591
3 726 593 591
3 595 720 584
3 728 721 720
3 595 728 720
3 596 728 595
3 730 729 597
3 729 596 597
3 736 724 600
3 737 736 600
3 738 736 737
3 735 724 736
3 735 723 724
3 734 723 735
3 722 585 586
3 734 722 723
3 734 599 722
3 599 585 722
3 599 732 598
3 733 732 599
3 730 731 729
3 729 728 596
3 733 599 734
3 720 721 719
3 719 718 582
3 719 582 584
3 572 573 709
3 709 570 572
3 709 706 570
3 707 569 703
3 707 571 569
3 707 704 708
3 709 573 710
3 703 704 707
3 570 702 568
3 567 701 569
3 569 701 703
3 701 705 703
3 705 704 703
3 568 702 700
3 570 706 702
3 724 590 600
3 708 711 707
3 712 571 711
3 720 719 584
3 718 578 582
3 718 714 578
3 716 581 580
3 579 715 580
3 580 715 716
3 571 707 711
3 715 717 716
3 712 715 575
3 713 578 714
3 576 578 713
3 713 573 576
3 713 710 573
3 575 571 712
3 575 715 579
3 602 737 600
3 727 739 726
3 726 739 593
3 763 628 630
3 764 763 630
3 628 762 626
3 626 762 747
3 762 748 747
3 626 747 613
3 763 762 628
3 760 625 623
3 623 759 760
3 759 761 760
3 758 759 621
3 621 759 622
3 757 758 620
3 620 758 621
3 622 759 623
3 756 757 619
3 766 765 764
3 766 767 765
3 773 774 636
3 636 774 637
3 772 773 636
3 772 636 625
3 760 772 625
3 761 772 760
3 764 765 763
3 770 635 771
3 770 769 632
3 770 632 633
3 769 618 632
3 769 753 618
3 768 631 749
3 749 631 614
3 633 635 770
3 568 700 566
3 619 757 620
3 755 619 607
3 745 744 610
3 745 610 611
3 610 744 609
3 609 744 730
3 744 731 730
3 609 730 597
3 747 746 613
3 743 607 605
3 743 605 604
3 603 740 604
3 604 740 741
3 740 742 741
3 739 740 603
3 739 603 593
3 743 604 741
3 755 756 619
3 746 611 613
3 747 748 746
3 743 755 607
3 743 754 755
3 741 754 743
3 742 754 741
3 752 618 753
3 616 618 752
3 746 745 611
3 752 751 616
3 751 737 602
3 751 738 737
3 615 732 750
3 615 598 732
3 615 749 614
3 750 749 615
3 616 751 602
3 701 567 697
3 697 567 563
3 699 566 700
3 522 524 653
3 653 518 522
3 653 650 518
3 651 515 645
3 651 520 515
3 651 646 652
3 653 524 654
3 645 646 651
3 513 650 649
3 643 513 649
3 649 644 643
3 516 639 648
3 516 509 639
3 516 648 647
3 513 518 650
3 516 647 645
3 652 655 651
3 655 525 520
3 530 661 531
3 531 661 662
3 661 663 662
3 660 661 530
3 660 530 528
3 657 660 528
3 651 655 520
3 658 660 657
3 529 654 524
3 657 528 526
3 525 656 526
3 526 656 657
3 656 658 657
3 655 656 525
3 529 659 654
3 662 533 531
3 515 516 645
3 513 643 512
3 633 504 505
3 633 505 634
3 635 633 634
3 633 632 504
3 504 632 499
3 632 617 499
3 507 634 505
3 632 618 617
3 614 503 495
3 629 630 628
3 627 628 626
3 629 628 627
3 612 624 627
3 612 627 626
3 631 503 614
3 647 646 645
3 625 636 624
3 627 636 637
3 642 511 512
3 642 512 643
3 644 642 643
3 642 641 511
3 511 641 507
3 641 634 507
3 624 636 627
3 641 635 634
3 510 503 631
3 510 639 509
3 640 639 510
3 629 638 630
3 629 637 638
3 627 637 629
3 510 631 640
3 774 776 775
3 534 665 664
3 529 534 659
3 685 689 690
3 683 689 685
3 684 689 683
3 688 679 687
3 680 679 688
3 687 679 686
3 685 690 686
3 686 679 557
3 686 556 685
3 686 557 556
3 685 555 683
3 685 556 555
3 554 682 555
3 555 682 683
3 679 552 557
3 682 684 683
3 686 690 691
3 687 691 692
3 565 566 699
3 699 562 565
3 699 696 562
3 564 693 698
3 564 558 693
3 564 697 563
3 686 691 687
3 698 697 564
3 560 562 695
3 695 694 559
3 695 559 560
3 559 693 558
3 694 693 559
3 687 692 688
3 695 562 696
3 659 534 664
3 681 682 554
3 677 681 548
3 542 666 665
3 540 542 665
3 540 665 534
3 670 539 537
3 536 669 537
3 537 669 670
3 542 672 666
3 669 671 670
3 535 669 536
3 667 668 535
3 667 535 533
3 662 667 533
3 663 667 662
3 665 666 664
3 668 669 535
3 681 554 548
3 671 673 670
3 673 543 539
3 678 681 677
3 680 672 542
3 680 542 553
3 679 680 553
3 552 679 553
3 677 548 546
3 670 673 539
3 545 676 546
3 676 678 677
3 675 676 544
3 544 676 545
3 674 675 543
3 543 675 544
3 673 674 543
3 546 676 677
3 638 774 775
3 637 774 638
3 764 630 638
3 876 877 875
3 875 874 729
3 875 729 731
3 876 875 731
3 729 874 728
3 728 874 870
3 879 878 733
3 874 871 870
3 727 872 873
3 727 725 872
3 717 872 725
3 867 872 717
3 870 871 869
3 869 868 719
3 728 870 721
3 869 719 721
3 733 878 732
3 880 879 733
3 887 877 876
3 744 876 731
3 742 885 886
3 742 740 885
3 884 885 739
3 739 885 740
3 880 733 734
3 727 884 739
3 882 738 883
3 736 738 882
3 882 881 735
3 882 735 736
3 881 880 734
3 881 734 735
3 873 884 727
3 744 887 876
3 870 869 721
3 718 868 864
3 858 856 709
3 710 858 709
3 859 858 710
3 709 855 706
3 857 708 852
3 852 708 704
3 856 855 709
3 855 856 854
3 851 706 854
3 706 855 854
3 705 849 853
3 705 701 849
3 705 852 704
3 853 852 705
3 702 706 851
3 719 868 718
3 859 860 858
3 708 861 711
3 868 865 864
3 718 864 714
3 717 866 867
3 717 715 866
3 712 866 715
3 862 866 712
3 857 861 708
3 864 865 863
3 863 860 713
3 714 863 713
3 864 863 714
3 713 859 710
3 712 861 862
3 712 711 861
3 860 859 713
3 700 702 851
3 745 887 744
3 888 887 745
3 916 753 769
3 916 900 753
3 749 896 768
3 768 896 913
3 896 915 913
3 915 914 913
3 917 769 770
3 911 912 910
3 911 910 909
3 895 894 765
3 908 895 765
3 767 908 765
3 909 908 767
3 892 765 894
3 909 910 908
3 892 763 765
3 917 916 769
3 917 771 918
3 909 779 781
3 779 909 767
3 924 776 774
3 924 773 922
3 924 774 773
3 772 921 773
3 770 771 917
3 773 921 922
3 920 921 772
3 920 772 761
3 907 920 761
3 907 919 920
3 905 919 907
3 906 919 905
3 921 923 922
3 888 745 746
3 890 763 892
3 762 890 748
3 898 738 751
3 898 883 738
3 750 878 897
3 750 732 878
3 750 896 749
3 897 896 750
3 899 751 752
3 894 895 893
3 894 893 892
3 890 891 889
3 892 891 890
3 889 888 746
3 889 746 748
3 890 889 748
3 892 893 891
3 890 762 763
3 899 898 751
3 899 753 900
3 907 761 759
3 907 758 905
3 907 759 758
3 757 904 758
3 758 904 905
3 904 906 905
3 752 753 899
3 903 904 756
3 902 903 755
3 755 903 756
3 901 902 754
3 754 902 755
3 742 901 754
3 886 901 742
3 756 904 757
3 2265 2296 2297
3 700 851 850
3 850 848 847
3 803 654 804
3 653 654 803
3 803 650 653
3 803 800 650
3 652 646 802
3 802 646 801
3 802 805 652
3 646 794 801
3 799 650 800
3 649 650 799
3 799 644 649
3 799 788 644
3 648 784 798
3 648 639 784
3 795 801 794
3 798 797 647
3 652 805 655
3 805 806 655
3 666 812 664
3 808 659 813
3 813 659 812
3 659 664 812
3 663 810 811
3 663 661 810
3 655 806 656
3 809 810 660
3 658 809 660
3 807 809 658
3 659 808 804
3 659 804 654
3 658 806 807
3 658 656 806
3 660 810 661
3 811 814 663
3 798 647 648
3 647 796 794
3 640 768 785
3 640 631 768
3 640 784 639
3 785 784 640
3 782 783 781
3 780 781 779
3 786 771 635
3 782 781 780
3 766 780 779
3 767 766 779
3 764 777 778
3 764 778 766
3 777 764 775
3 775 764 638
3 766 778 780
3 647 797 796
3 786 635 641
3 787 786 641
3 646 647 794
3 796 795 794
3 782 793 783
3 782 792 793
3 780 792 782
3 780 791 792
3 787 641 642
3 778 791 780
3 777 790 778
3 777 789 790
3 775 789 777
3 776 789 775
3 787 644 788
3 642 644 787
3 778 790 791
3 847 700 850
3 663 814 667
3 814 815 667
3 836 840 837
3 836 839 840
3 834 839 836
3 835 839 834
3 831 692 838
3 688 692 831
3 841 693 694
3 692 691 838
3 691 836 837
3 836 690 834
3 836 691 690
3 689 833 690
3 690 833 834
3 833 835 834
3 838 691 837
3 832 833 689
3 695 842 694
3 696 842 695
3 849 701 843
3 843 701 697
3 700 847 699
3 842 696 699
3 846 842 699
3 847 846 699
3 694 842 841
3 848 846 847
3 845 841 842
3 844 698 845
3 845 698 841
3 698 693 841
3 698 843 697
3 844 843 698
3 845 842 846
3 667 815 668
3 832 689 684
3 830 832 829
3 821 822 673
3 673 822 674
3 820 821 673
3 820 673 671
3 816 820 671
3 817 820 816
3 674 823 675
3 666 672 819
3 812 666 818
3 818 813 812
3 816 671 669
3 668 815 669
3 669 815 816
3 815 817 816
3 666 819 818
3 829 832 684
3 822 823 674
3 676 823 824
3 688 831 826
3 688 826 680
3 829 684 682
3 681 828 682
3 682 828 829
3 828 830 829
3 823 825 824
3 827 828 681
3 824 827 678
3 825 827 824
3 680 826 819
3 680 819 672
3 824 678 676
3 675 823 676
3 827 681 678
3 2265 2297 2251
